task_id,iteration,agent,start_time,end_time,latency,input_tokens,output_tokens,first_token_latency,decode_speed_tps,gpu_memory_mb,kv_cache_usage_pct,transition_time,success,error_msg,timestamp
astropy__astropy-14365,0,planning,1769075235.671104,1769075246.2190936,10.548,511,403,0.0633,38.44,42039,,,,,2026-01-22T09:47:26.322653
astropy__astropy-12907,0,planning,1769075234.6693828,1769075248.620849,13.9515,388,526,0.0496,37.84,42039,,,,,2026-01-22T09:47:28.733646
astropy__astropy-14182,0,planning,1769075235.1708689,1769075249.4133506,14.2425,575,525,0.0814,37.07,42039,,,,,2026-01-22T09:47:29.512493
astropy__astropy-6938,0,planning,1769075236.6708322,1769075250.1244097,13.4536,184,486,0.052,36.26,42039,,,,,2026-01-22T09:47:30.211506
astropy__astropy-7746,0,planning,1769075237.171781,1769075250.712313,13.5405,635,481,0.0744,35.72,42039,,,,,2026-01-22T09:47:30.793938
django__django-10914,0,planning,1769075237.668172,1769075252.4140062,14.7458,273,514,0.0646,35.01,42039,,,,,2026-01-22T09:47:32.524460
django__django-10924,0,planning,1769075238.1694202,1769075253.740605,15.5712,233,534,0.052,34.41,42039,,,,,2026-01-22T09:47:33.794411
django__django-11099,0,planning,1769075240.6693945,1769075254.149678,13.4803,229,444,0.0641,33.09,42039,,,,,2026-01-22T09:47:34.263697
django__django-11039,0,planning,1769075239.6694431,1769075254.8465226,15.1771,248,498,0.0649,32.95,42039,,,,,2026-01-22T09:47:35.045267
django__django-11019,0,planning,1769075239.1711874,1769075256.1532512,16.9821,456,561,0.0644,33.16,42039,,,,,2026-01-22T09:47:36.276175
django__django-11001,0,planning,1769075238.6706212,1769075256.2015107,17.5309,571,581,0.0836,33.3,42039,,,,,2026-01-22T09:47:36.350701
django__django-11179,0,planning,1769075241.6701577,1769075256.349815,14.6797,126,467,0.042,31.9,42039,,,,,2026-01-22T09:47:36.407525
django__django-11049,0,planning,1769075240.1691074,1769075256.6213777,16.4523,227,529,0.0664,32.28,42039,,,,,2026-01-22T09:47:36.754511
django__django-11283,0,planning,1769075242.1743612,1769075257.1782646,15.0039,328,464,0.0785,31.09,42039,,,,,2026-01-22T09:47:37.319292
django__django-11133,0,planning,1769075241.1688118,1769075257.2991629,16.1304,246,508,0.0683,31.63,42039,,,,,2026-01-22T09:47:37.414663
astropy__astropy-14365,0,coding,1769075246.3244543,1769075258.8191333,12.4947,879,358,0.122,28.93,42039,,0.1054,,,2026-01-22T09:47:38.977740
astropy__astropy-14365,0,debugging,1769075258.9783237,1769075259.2053533,0.227,1261,1,0.1818,22.11,42039,,0.1592,True,,2026-01-22T09:47:39.283034
django__django-11422,0,planning,1769075242.6692767,1769075260.9147646,18.2455,260,543,0.0747,29.88,42039,,,,,2026-01-22T09:47:41.088350
django__django-11564,0,planning,1769075243.1768005,1769075262.5748959,19.3981,275,567,0.0518,29.31,42039,,,,,2026-01-22T09:47:42.719342
django__django-11620,0,planning,1769075244.1692226,1769075264.36047,20.1912,246,578,0.0553,28.7,42039,,,,,2026-01-22T09:47:44.556938
django__django-11099,0,coding,1769075254.2649195,1769075264.8244605,10.5595,640,269,0.1163,25.76,42039,,0.1152,,,2026-01-22T09:47:45.013150
django__django-11099,0,debugging,1769075265.0138927,1769075265.257619,0.2437,933,1,0.1893,18.37,42039,,0.1894,True,,2026-01-22T09:47:45.391483
django__django-11630,0,planning,1769075244.6692398,1769075265.603497,20.9343,217,588,0.0716,28.18,42039,,,,,2026-01-22T09:47:45.800049
astropy__astropy-6938,0,coding,1769075250.212058,1769075266.3830442,16.171,635,425,0.126,26.49,42039,,0.0876,,,2026-01-22T09:47:46.603265
django__django-11910,0,planning,1769075247.6687522,1769075266.571474,18.9027,350,507,0.1102,26.98,42039,,,,,2026-01-22T09:47:46.703138
django__django-11797,0,planning,1769075245.6701303,1769075266.9994094,21.3293,284,582,0.0736,27.38,42039,,,,,2026-01-22T09:47:47.243251
django__django-11179,0,coding,1769075256.4081273,1769075267.0151749,10.607,560,258,0.2169,24.83,42039,,0.0583,,,2026-01-22T09:47:47.308638
astropy__astropy-6938,0,debugging,1769075266.606865,1769075266.969581,0.3627,1084,1,0.1795,5.46,42039,,0.2238,True,,2026-01-22T09:47:47.336619
django__django-11583,0,planning,1769075243.7677636,1769075267.3757944,23.608,1415,658,0.1455,28.04,42039,,,,,2026-01-22T09:47:47.561513
django__django-11179,0,debugging,1769075267.3826692,1769075267.8734167,0.4907,842,1,0.3154,5.7,42039,,0.3675,True,,2026-01-22T09:47:48.106826
django__django-12113,0,planning,1769075249.1825724,1769075268.7224345,19.5399,1282,502,0.1506,25.89,42039,,,,,2026-01-22T09:47:48.986844
astropy__astropy-14995,0,planning,1769075236.169597,1769075269.9041195,33.7345,804,1009,0.1014,30.0,42039,,,,,2026-01-22T09:47:50.159620
django__django-11848,0,planning,1769075246.6826746,1769075270.055333,23.3727,222,613,0.0779,26.31,42039,,,,,2026-01-22T09:47:50.384280
django__django-12308,0,planning,1769075251.6692004,1769075270.915715,19.2465,161,474,0.0752,24.72,42039,,,,,2026-01-22T09:47:51.304911
django__django-11742,0,planning,1769075245.1699984,1769075270.9077852,25.7378,128,681,0.0741,26.54,42039,,,,,2026-01-22T09:47:51.375999
django__django-12125,0,planning,1769075249.66949,1769075271.122096,21.4526,424,539,0.1224,25.27,42039,,,,,2026-01-22T09:47:51.498730
django__django-11815,0,planning,1769075246.1704867,1769075272.0346115,25.8641,418,663,0.0961,25.73,42039,,,,,2026-01-22T09:47:52.998091
django__django-12184,0,planning,1769075250.184268,1769075272.5477855,22.3635,317,550,0.0823,24.68,42039,,,,,2026-01-22T09:47:53.006170
django__django-11039,0,coding,1769075255.0460696,1769075272.4422092,17.3961,713,400,0.1273,23.16,42039,,0.1995,,,2026-01-22T09:47:53.059231
django__django-12497,0,planning,1769075253.1905918,1769075272.272333,19.0817,234,453,0.0922,23.86,42039,,,,,2026-01-22T09:47:53.084015
django__django-11999,0,planning,1769075248.6802123,1769075272.394196,23.714,206,591,0.0835,25.01,42039,,,,,2026-01-22T09:47:53.124137
django__django-12453,0,planning,1769075252.169606,1769075273.2065902,21.037,658,508,0.1526,24.32,42039,,,,,2026-01-22T09:47:53.332570
django__django-11039,0,debugging,1769075273.1191566,1769075273.9184592,0.7993,1137,1,0.6267,5.8,42039,,0.6769,True,,2026-01-22T09:47:54.337234
django__django-11905,0,planning,1769075247.1700075,1769075274.3718715,27.2019,157,678,0.0817,25.0,42039,,,,,2026-01-22T09:47:54.737609
django__django-10914,0,coding,1769075252.5249949,1769075274.4175332,21.8925,754,514,0.145,23.63,42039,,0.111,,,2026-01-22T09:47:54.743434
django__django-12700,0,planning,1769075254.1884866,1769075274.4557557,20.2673,522,467,0.0994,23.16,42039,,,,,2026-01-22T09:47:54.750387
django__django-10924,0,coding,1769075253.7949114,1769075274.783549,20.9886,734,486,0.1149,23.28,42039,,0.0543,,,2026-01-22T09:47:54.899153
django__django-10924,0,debugging,1769075274.8996582,1769075275.308699,0.409,1244,1,0.3508,17.17,42039,,0.1161,True,,2026-01-22T09:47:55.551218
django__django-10914,0,debugging,1769075274.7442498,1769075275.2620113,0.5178,1292,1,0.4457,13.88,42039,,0.3267,True,,2026-01-22T09:47:55.579846
django__django-12284,0,planning,1769075250.6878335,1769075275.271113,24.5833,287,582,0.0815,23.75,42039,,,,,2026-01-22T09:47:55.579492
django__django-11001,0,coding,1769075256.3519063,1769075275.7660203,19.4141,1119,429,0.1962,22.32,42039,,0.1504,,,2026-01-22T09:47:55.936923
django__django-11001,0,debugging,1769075275.9423482,1769075276.4152188,0.4729,1572,1,0.3171,6.42,42039,,0.1763,True,,2026-01-22T09:47:56.659524
django__django-12470,0,planning,1769075252.6843073,1769075277.2903497,24.606,212,563,0.0828,22.96,42039,,,,,2026-01-22T09:47:57.707900
django__django-12983,0,planning,1769075257.1812973,1769075277.5770423,20.3957,157,446,0.0988,21.97,42039,,,,,2026-01-22T09:47:57.962114
django__django-11964,0,planning,1769075248.1855829,1769075277.5075095,29.3219,564,701,0.1143,24.0,42039,,,,,2026-01-22T09:47:57.962195
django__django-11583,0,coding,1769075267.5626373,1769075277.7648077,10.2022,2040,194,0.3727,19.74,42039,,0.1868,,,2026-01-22T09:47:58.058901
django__django-11049,0,coding,1769075256.75587,1769075277.8912082,21.1353,723,464,0.141,22.1,42039,,0.1345,,,2026-01-22T09:47:58.074860
django__django-11583,0,debugging,1769075278.061677,1769075278.6064425,0.5448,2258,1,0.4844,16.58,42039,,0.2969,True,,2026-01-22T09:47:58.867352
django__django-11049,0,debugging,1769075278.0754051,1769075278.6454532,0.57,1211,1,0.5091,16.42,42039,,0.1842,True,,2026-01-22T09:47:58.885629
astropy__astropy-12907,0,coding,1769075248.735781,1769075278.9513218,30.2155,879,706,0.1058,23.45,42039,,0.1149,,,2026-01-22T09:47:59.248922
astropy__astropy-12907,0,debugging,1769075279.3236387,1769075279.6296296,0.306,1609,1,0.2479,17.21,42039,,0.3723,True,,2026-01-22T09:47:59.837185
django__django-12747,0,planning,1769075255.2203608,1769075280.3158991,25.0955,278,546,0.1097,21.85,42039,,,,,2026-01-22T09:48:01.794927
django__django-13158,0,planning,1769075258.694648,1769075280.9357677,22.2411,321,464,0.1354,20.99,42039,,,,,2026-01-22T09:48:01.922012
astropy__astropy-7746,0,coding,1769075250.7945397,1769075281.3095853,30.515,1081,695,0.1791,22.91,42039,,0.0822,,,2026-01-22T09:48:01.990167
django__django-11422,0,coding,1769075261.08912,1769075280.8988578,19.8097,770,400,0.1495,20.35,42039,,0.1744,,,2026-01-22T09:48:01.987986
django__django-12915,0,planning,1769075256.6932878,1769075281.3406608,24.6474,280,527,0.122,21.49,42039,,,,,2026-01-22T09:48:02.035878
django__django-12908,0,planning,1769075256.1685836,1769075281.6046762,25.4361,351,544,0.1207,21.49,42039,,,,,2026-01-22T09:48:02.076091
django__django-13660,0,planning,1769075264.6689582,1769075281.4609866,16.792,677,327,0.1248,19.62,42039,,,,,2026-01-22T09:48:02.075982
django__django-12286,0,planning,1769075251.1693082,1769075282.376157,31.2068,232,706,0.1242,22.71,42039,,,,,2026-01-22T09:48:02.432287
django__django-11422,0,debugging,1769075282.0298116,1769075282.7393816,0.7096,1194,1,0.5218,5.33,42039,,1.131,True,,2026-01-22T09:48:02.799935
astropy__astropy-7746,0,debugging,1769075282.030543,1769075282.929924,0.8994,1800,1,0.6931,4.85,42039,,0.721,True,,2026-01-22T09:48:03.364874
django__django-13028,0,planning,1769075257.6814513,1769075283.684245,26.0028,730,544,0.1573,21.05,42039,,,,,2026-01-22T09:48:04.380537
django__django-13033,0,planning,1769075258.169231,1769075283.9841034,25.8149,1092,539,0.1626,21.01,42039,,,,,2026-01-22T09:48:04.805911
django__django-13220,0,planning,1769075259.2010565,1769075284.3425539,25.1415,184,519,0.1119,20.74,42039,,,,,2026-01-22T09:48:05.064969
django__django-12589,0,planning,1769075253.6773546,1769075284.9191282,31.2418,800,676,0.1301,21.73,42039,,,,,2026-01-22T09:48:05.164057
django__django-11283,0,coding,1769075257.320301,1769075284.7743852,27.4541,759,575,0.164,21.07,42039,,0.142,,,2026-01-22T09:48:05.168136
django__django-11283,0,debugging,1769075285.169695,1769075285.785213,0.6155,1358,1,0.5518,15.68,42039,,0.3953,True,,2026-01-22T09:48:06.508330
django__django-13447,0,planning,1769075262.1752539,1769075286.0612423,23.886,153,470,0.0976,19.76,42039,,,,,2026-01-22T09:48:06.897300
django__django-13658,0,planning,1769075264.1912835,1769075286.4555454,22.2643,365,425,0.153,19.22,42039,,,,,2026-01-22T09:48:06.995158
django__django-13590,0,planning,1769075263.8477514,1769075286.665492,22.8177,256,440,0.1297,19.39,42039,,,,,2026-01-22T09:48:07.100208
django__django-13265,0,planning,1769075260.1826398,1769075287.0960765,26.9134,526,542,0.1467,20.25,42039,,,,,2026-01-22T09:48:07.165086
django__django-13230,0,planning,1769075259.693352,1769075287.2202928,27.5269,127,558,0.0779,20.33,42039,,,,,2026-01-22T09:48:07.342942
django__django-13315,0,planning,1769075260.70015,1769075287.6703284,26.9702,122,534,0.1303,19.9,42039,,,,,2026-01-22T09:48:08.223648
django__django-13448,0,planning,1769075262.6854098,1769075288.8729668,26.1876,1356,499,0.2561,19.24,42039,,,,,2026-01-22T09:48:09.701220
django__django-12856,0,planning,1769075255.6710103,1769075288.8489368,33.1779,164,689,0.0763,20.81,42039,,,,,2026-01-22T09:48:09.858336
django__django-13551,0,planning,1769075263.188148,1769075289.101852,25.9137,188,505,0.3702,19.77,42039,,,,,2026-01-22T09:48:10.011168
django__django-12708,0,planning,1769075254.9487734,1769075289.5916553,34.6429,298,724,0.1104,20.97,42039,,,,,2026-01-22T09:48:10.177833
astropy__astropy-14995,0,coding,1769075270.1871977,1769075289.8977973,19.7106,1778,359,0.4085,18.6,42039,,0.2831,,,2026-01-22T09:48:10.218765
django__django-11133,0,coding,1769075257.4159918,1769075290.8547575,33.4388,721,676,0.1351,20.3,42039,,0.1168,,,2026-01-22T09:48:11.339928
astropy__astropy-14995,0,debugging,1769075290.2192638,1769075290.9126828,0.6934,2161,1,0.6156,12.85,42039,,0.3215,True,,2026-01-22T09:48:11.679344
django__django-11848,0,coding,1769075270.3971674,1769075291.828274,21.4311,802,386,0.2905,18.26,42039,,0.3418,,,2026-01-22T09:48:12.082933
django__django-11133,0,debugging,1769075291.564694,1769075292.29273,0.728,1421,1,0.5648,6.12,42039,,0.7099,True,,2026-01-22T09:48:12.498342
django__django-11848,0,debugging,1769075292.083737,1769075292.608364,0.5246,1212,1,0.3553,5.9,42039,,0.2555,True,,2026-01-22T09:48:13.765229
django__django-13768,0,planning,1769075266.1867065,1769075293.0297577,26.8431,193,491,0.1425,18.39,42039,,,,,2026-01-22T09:48:14.349758
django__django-12308,0,coding,1769075271.3271933,1769075292.9049308,21.5777,602,380,0.2613,17.83,42039,,0.4115,,,2026-01-22T09:48:14.364517
django__django-12497,0,coding,1769075273.1158278,1769075293.4439936,20.3282,654,350,0.2874,17.46,42039,,0.8435,,,2026-01-22T09:48:14.402738
django__django-11742,0,coding,1769075271.4866219,1769075292.7082114,21.2216,776,375,0.2628,17.89,42039,,0.5788,,,2026-01-22T09:48:14.278062
django__django-13757,0,planning,1769075265.6892087,1769075293.1060815,27.4169,290,502,0.1263,18.39,42039,,,,,2026-01-22T09:48:14.449206
django__django-12453,0,coding,1769075273.3330708,1769075293.1220162,19.7889,1133,343,0.5863,17.86,42039,,0.1265,,,2026-01-22T09:48:14.518473
django__django-14672,0,planning,1769075273.2788982,1769075294.3770742,21.0982,1798,370,0.6424,18.09,42039,,,,,2026-01-22T09:48:14.613299
django__django-12125,0,coding,1769075271.5328982,1769075294.2606585,22.7278,930,406,0.6069,18.35,42039,,0.4108,,,2026-01-22T09:48:14.650392
django__django-13710,0,planning,1769075265.1701028,1769075294.6394022,29.4693,246,551,0.1045,18.76,42039,,,,,2026-01-22T09:48:14.733407
django__django-12308,0,debugging,1769075294.4663045,1769075294.99267,0.5264,1006,1,0.3452,5.52,42039,,1.5614,True,,2026-01-22T09:48:15.066620
django__django-11742,0,debugging,1769075294.4556527,1769075295.1767015,0.721,1175,1,0.5129,4.8,42039,,1.7474,True,,2026-01-22T09:48:15.249884
django__django-13964,0,planning,1769075267.7086003,1769075295.204869,27.4963,436,498,0.2331,18.27,42039,,,,,2026-01-22T09:48:15.291089
django__django-12453,0,debugging,1769075294.52382,1769075295.3908758,0.8671,1500,1,0.6735,5.17,42039,,1.4018,True,,2026-01-22T09:48:15.432048
django__django-12497,0,debugging,1769075294.5138934,1769075295.3904295,0.8765,1028,1,0.6356,4.15,42039,,1.0699,True,,2026-01-22T09:48:15.436094
django__django-14382,0,planning,1769075270.3434787,1769075295.578651,25.2352,191,441,0.3549,17.72,42039,,,,,2026-01-22T09:48:15.644737
django__django-14016,0,planning,1769075268.2242625,1769075295.5989928,27.3747,228,490,0.1171,17.98,42039,,,,,2026-01-22T09:48:15.649537
django__django-12125,0,debugging,1769075294.6528356,1769075295.9350436,1.2822,1360,1,1.1056,5.66,42039,,0.3922,True,,2026-01-22T09:48:16.004448
django__django-12983,0,coding,1769075277.9647229,1769075296.5331724,18.5684,570,312,0.2426,17.03,42039,,0.3877,,,2026-01-22T09:48:18.028956
django__django-13590,0,coding,1769075287.1086895,1769075297.2411363,10.1324,663,147,0.2854,14.93,42039,,0.4432,,,2026-01-22T09:48:18.346363
django__django-13321,0,planning,1769075261.1697156,1769075297.3022106,36.1325,1182,681,0.1763,18.94,42039,,,,,2026-01-22T09:48:18.398427
django__django-14411,0,planning,1769075270.6697857,1769075297.7417357,27.0719,151,471,0.0984,17.46,42039,,,,,2026-01-22T09:48:18.545552
django__django-14580,0,planning,1769075271.6692655,1769075298.0773034,26.408,447,459,0.4905,17.71,42039,,,,,2026-01-22T09:48:18.556662
django__django-12700,0,coding,1769075274.7515018,1769075298.0795717,23.3281,956,401,0.4444,17.52,42039,,0.2957,,,2026-01-22T09:48:18.555867
django__django-14608,0,planning,1769075272.6680658,1769075298.8307095,26.1626,200,444,0.3262,17.19,42039,,,,,2026-01-22T09:48:18.931178
django__django-12983,0,debugging,1769075298.248368,1769075299.0221064,0.7737,906,1,0.609,6.07,42039,,1.7152,True,,2026-01-22T09:48:19.100454
django__django-13590,0,debugging,1769075298.3946571,1769075299.2578726,0.8632,834,1,0.6542,4.78,42039,,1.1535,True,,2026-01-22T09:48:19.316127
django__django-13660,0,coding,1769075282.0778332,1769075299.4512322,17.3734,971,273,0.8478,16.52,42039,,0.6168,,,2026-01-22T09:48:19.508019
django__django-12700,0,debugging,1769075298.559249,1769075299.6384668,1.0792,1381,1,0.872,4.83,42039,,0.4797,True,,2026-01-22T09:48:19.681745
django__django-13660,0,debugging,1769075299.5086722,1769075299.8819914,0.3733,1268,1,0.2687,9.56,42039,,0.0574,True,,2026-01-22T09:48:21.104321
django__django-14017,0,planning,1769075268.702652,1769075300.4536834,31.751,420,543,0.2945,17.26,42039,,,,,2026-01-22T09:48:21.454334
django__django-13925,0,planning,1769075266.6837296,1769075300.5620637,33.8783,948,590,0.2826,17.56,42039,,,,,2026-01-22T09:48:21.869838
django__django-11019,0,coding,1769075256.2767568,1769075300.2960377,44.0193,984,846,0.1456,19.28,42039,,0.1235,,,2026-01-22T09:48:21.941212
django__django-11620,0,coding,1769075264.5814943,1769075301.0561936,36.4747,791,649,0.1532,17.87,42039,,0.221,,,2026-01-22T09:48:22.209161
django__django-14155,0,planning,1769075269.1696906,1769075300.91042,31.7407,173,547,0.1145,17.3,42039,,,,,2026-01-22T09:48:22.207486
django__django-11564,0,coding,1769075262.719851,1769075300.644189,37.9243,809,679,0.2587,18.03,42039,,0.145,,,2026-01-22T09:48:22.217823
django__django-14534,0,planning,1769075271.36396,1769075301.092711,29.7288,434,502,0.3926,17.11,42039,,,,,2026-01-22T09:48:22.217133
django__django-11964,0,coding,1769075277.9647696,1769075300.9355905,22.9708,1232,380,0.2446,16.72,42039,,0.4573,,,2026-01-22T09:48:22.345757
django__django-11815,0,coding,1769075273.0406828,1769075301.4940763,28.4534,1048,474,0.3491,16.87,42039,,1.0061,,,2026-01-22T09:48:22.349158
django__django-13401,0,planning,1769075261.7227874,1769075302.081815,40.359,347,741,0.1492,18.43,42039,,,,,2026-01-22T09:48:22.362205
django__django-13933,0,planning,1769075267.3386805,1769075301.96956,34.6309,332,603,0.2545,17.54,42039,,,,,2026-01-22T09:48:22.367671
django__django-11019,0,debugging,1769075302.1834922,1769075302.902403,0.7189,1854,1,0.5124,4.84,42039,,1.8875,True,,2026-01-22T09:48:22.962767
django__django-11620,0,debugging,1769075302.214857,1769075303.0583868,0.8435,1464,1,0.6684,5.71,42039,,1.1587,True,,2026-01-22T09:48:23.153431
django__django-11564,0,debugging,1769075302.2723966,1769075303.2605546,0.9882,1512,1,0.8099,5.61,42039,,1.6282,True,,2026-01-22T09:48:23.345184
django__django-11964,0,debugging,1769075302.3503158,1769075303.6812396,1.3309,1636,1,1.1378,5.18,42039,,1.4147,True,,2026-01-22T09:48:23.756331
django__django-11815,0,debugging,1769075302.353994,1769075303.7981098,1.4441,1546,1,1.3204,8.08,42039,,0.8599,True,,2026-01-22T09:48:24.457663
django__django-13158,0,coding,1769075281.9865656,1769075303.9532418,21.9667,752,336,0.3536,15.55,42039,,1.0508,,,2026-01-22T09:48:25.138679
django__django-11797,0,coding,1769075267.3006518,1769075304.3354564,37.0348,833,625,0.2703,17.0,42039,,0.3012,,,2026-01-22T09:48:26.467427
django__django-12113,0,coding,1769075268.987415,1769075304.6038857,35.6165,1751,599,0.233,16.93,42039,,0.265,,,2026-01-22T09:48:26.925290
django__django-14997,0,planning,1769075276.1690612,1769075305.2496028,29.0805,1650,477,0.2565,16.55,42039,,,,,2026-01-22T09:48:27.191917
django__django-11999,0,coding,1769075273.138091,1769075304.5940742,31.456,764,510,0.4559,16.45,42039,,0.7439,,,2026-01-22T09:48:27.607202
django__django-14855,0,planning,1769075275.169263,1769075306.1798954,31.0106,273,513,0.1791,16.64,42039,,,,,2026-01-22T09:48:27.611488
django__django-14238,0,planning,1769075269.7798505,1769075304.6448061,34.865,740,581,0.1741,16.75,42039,,,,,2026-01-22T09:48:27.613766
django__django-15061,0,planning,1769075277.344367,1769075305.1127853,27.7684,148,444,0.2444,16.13,42039,,,,,2026-01-22T09:48:27.620356
django__django-12284,0,coding,1769075275.5815814,1769075306.6579146,31.0763,836,514,0.15,16.62,42039,,0.3105,,,2026-01-22T09:48:27.632457
django__django-13158,0,debugging,1769075305.7500057,1769075306.8166008,1.0666,1112,1,0.9898,13.02,42039,,1.7968,True,,2026-01-22T09:48:27.637103
django__django-14999,0,planning,1769075276.695241,1769075306.8264437,30.1312,119,497,0.1333,16.57,42039,,,,,2026-01-22T09:48:27.652715
django__django-12470,0,coding,1769075277.7864926,1769075306.1074772,28.321,742,455,0.2395,16.2,42039,,0.4961,,,2026-01-22T09:48:27.729338
django__django-14915,0,planning,1769075275.6680577,1769075307.452596,31.7845,315,529,0.1171,16.7,42039,,,,,2026-01-22T09:48:27.749493
django__django-14667,0,planning,1769075272.9316025,1769075307.2146173,34.283,300,566,0.2169,16.61,42039,,,,,2026-01-22T09:48:27.749565
django__django-14730,0,planning,1769075273.6696453,1769075307.727499,34.0579,168,567,0.2681,16.78,42039,,,,,2026-01-22T09:48:27.822679
django__django-11797,0,debugging,1769075306.9610891,1769075308.5025682,1.5415,1482,1,1.3386,4.93,42039,,2.6256,True,,2026-01-22T09:48:28.556460
django__django-12113,0,debugging,1769075307.1474771,1769075308.708972,1.5615,2374,1,1.3425,4.57,42039,,2.5436,True,,2026-01-22T09:48:28.792262
django__django-15347,0,planning,1769075279.7291563,1769075309.3081155,29.579,349,467,0.1469,15.87,42039,,,,,2026-01-22T09:48:29.343275
django__django-11999,0,debugging,1769075307.6205568,1769075309.4580834,1.8375,1298,1,1.6539,5.45,42039,,3.0265,True,,2026-01-22T09:48:29.557197
django__django-12284,0,debugging,1769075307.6332412,1769075309.6611958,2.028,1374,1,1.8255,4.94,42039,,0.9753,True,,2026-01-22T09:48:29.750607
django__django-12470,0,debugging,1769075307.7310216,1769075309.8635304,2.1325,1221,1,1.9054,4.4,42039,,1.6235,True,,2026-01-22T09:48:29.947838
django__django-14382,0,coding,1769075295.6454968,1769075310.294285,14.6488,599,200,0.2837,13.92,42039,,0.0668,,,2026-01-22T09:48:31.391683
django__django-13220,0,coding,1769075285.066999,1769075310.7283208,25.6613,670,374,0.4302,14.82,42039,,0.7244,,,2026-01-22T09:48:31.531578
django__django-15320,0,planning,1769075279.2069154,1769075310.4046435,31.1977,298,482,0.3902,15.65,42039,,,,,2026-01-22T09:48:31.993419
django__django-12747,0,coding,1769075281.9150805,1769075311.2672985,29.3522,791,439,0.2455,15.08,42039,,1.5992,,,2026-01-22T09:48:32.439689
django__django-15498,0,planning,1769075281.8640366,1769075311.0241563,29.1601,144,434,0.495,15.14,42039,,,,,2026-01-22T09:48:32.444849
django__django-14752,0,planning,1769075274.3145692,1769075311.9246163,37.61,697,592,0.4804,15.94,42039,,,,,2026-01-22T09:48:32.591717
django__django-14787,0,planning,1769075274.7273731,1769075312.1144965,37.3871,239,594,0.1211,15.94,42039,,,,,2026-01-22T09:48:32.598064
django__django-13768,0,coding,1769075294.4588833,1769075312.5501637,18.0913,651,241,0.9257,14.04,42039,,1.4291,,,2026-01-22T09:48:32.637972
django__django-14382,0,debugging,1769075311.6178558,1769075312.5818968,0.964,823,1,0.8605,9.66,42039,,1.3236,True,,2026-01-22T09:48:32.647338
django__django-13220,0,debugging,1769075311.9951735,1769075312.8975227,0.9023,1068,1,0.6946,4.81,42039,,1.2669,True,,2026-01-22T09:48:33.053886
django__django-13768,0,debugging,1769075312.6384432,1769075313.5277488,0.8893,916,1,0.6774,4.72,42039,,0.0883,True,,2026-01-22T09:48:35.902499
django__django-13230,0,coding,1769075287.3434417,1769075313.4721763,26.1287,652,380,0.1517,14.63,42039,,0.1231,,,2026-01-22T09:48:35.973492
django__django-12286,0,coding,1769075282.4330025,1769075313.700289,31.2673,905,466,0.5455,15.17,42039,,0.0568,,,2026-01-22T09:48:35.643722
django__django-15202,0,planning,1769075277.923036,1769075314.8958554,36.9728,213,561,0.2957,15.3,42039,,,,,2026-01-22T09:48:36.802828
django__django-13658,0,coding,1769075287.0002875,1769075313.8217247,26.8214,757,387,0.2553,14.57,42039,,0.5447,,,2026-01-22T09:48:36.791514
django__django-15781,0,planning,1769075282.6697426,1769075314.4645107,31.7948,431,474,0.3146,15.06,42039,,,,,2026-01-22T09:48:37.020886
django__django-15252,0,planning,1769075278.735819,1769075314.8861253,36.1503,421,557,0.1779,15.48,42039,,,,,2026-01-22T09:48:37.087775
django__django-11630,0,coding,1769075265.8005776,1769075315.7072082,49.9066,772,820,0.1265,16.47,42039,,0.1971,,,2026-01-22T09:48:37.089751
django__django-14580,0,coding,1769075298.5592284,1769075314.909457,16.3502,873,212,0.8577,13.68,42039,,0.4819,,,2026-01-22T09:48:37.092614
django__django-11910,0,coding,1769075266.703792,1769075316.2632554,49.5595,824,812,0.2381,16.46,42039,,0.1323,,,2026-01-22T09:48:37.094923
django__django-15789,0,planning,1769075283.4946527,1769075315.5595691,32.0649,174,477,0.4527,15.09,42039,,,,,2026-01-22T09:48:37.098945
django__django-12184,0,coding,1769075273.0547729,1769075315.1755376,42.1208,834,658,0.5458,15.83,42039,,0.507,,,2026-01-22T09:48:37.103603
django__django-14672,0,coding,1769075294.6516132,1769075315.6518226,21.0002,2135,281,0.9091,13.99,42039,,0.2745,,,2026-01-22T09:48:37.111673
django__django-13028,0,coding,1769075284.5535069,1769075315.4406471,30.8871,1241,448,0.5787,14.78,42039,,0.8693,,,2026-01-22T09:48:37.118800
django__django-16527,0,planning,1769075290.7010047,1769075316.3190005,25.618,189,368,0.2015,14.48,42039,,,,,2026-01-22T09:48:37.121946
django__django-12747,0,debugging,1769075312.483569,1769075317.0834951,4.5999,1254,68,0.4437,16.36,42039,,1.2163,False,,2026-01-22T09:48:37.260744
django__django-13230,0,debugging,1769075316.2881765,1769075317.2127473,0.9246,1056,1,0.7379,5.36,42039,,2.816,True,,2026-01-22T09:48:37.315345
django__django-12286,0,debugging,1769075316.514988,1769075317.4347346,0.9197,1395,1,0.6968,4.49,42039,,2.8147,True,,2026-01-22T09:48:37.487413
django__django-15851,0,planning,1769075285.1697955,1769075317.8133802,32.6436,212,481,0.4941,14.96,42039,,,,,2026-01-22T09:48:37.916411
django__django-13658,0,debugging,1769075317.079124,1769075318.7045388,1.6254,1168,1,1.3991,4.42,42039,,3.2574,True,,2026-01-22T09:48:38.761199
django__django-11630,0,debugging,1769075317.1038566,1769075318.904366,1.8005,1616,1,1.5879,4.7,42039,,1.3966,True,,2026-01-22T09:48:38.941641
django__django-12856,0,coding,1769075289.946271,1769075318.8867497,28.9405,820,397,0.5143,13.97,42039,,1.0973,,,2026-01-22T09:48:39.000305
django__django-15814,0,planning,1769075284.685808,1769075319.3138568,34.628,802,490,0.6479,14.42,42039,,,,,2026-01-22T09:48:39.351705
django__django-14580,0,debugging,1769075317.1034985,1769075319.261204,2.1577,1109,1,1.9582,5.01,42039,,2.194,True,,2026-01-22T09:48:39.386002
django__django-11910,0,debugging,1769075317.1142886,1769075319.5073965,2.3931,1660,1,2.1951,5.05,42039,,0.851,True,,2026-01-22T09:48:39.575213
django__django-14672,0,debugging,1769075317.1201692,1769075319.9173603,2.7972,2440,1,2.5839,4.69,42039,,1.4683,True,,2026-01-22T09:48:39.966092
django__django-15400,0,planning,1769075281.6629367,1769075319.932166,38.2692,244,545,0.5161,14.44,42039,,,,,2026-01-22T09:48:40.007489
django__django-15213,0,planning,1769075278.1699548,1769075320.5221825,42.3522,244,626,0.3902,14.92,42039,,,,,2026-01-22T09:48:40.608147
django__django-12856,0,debugging,1769075319.000796,1769075320.7044067,1.7036,1241,1,1.5486,6.45,42039,,0.114,True,,2026-01-22T09:48:40.800615
django__django-12915,0,coding,1769075282.0365767,1769075320.7222712,38.6857,774,546,0.7014,14.37,42039,,0.6959,,,2026-01-22T09:48:40.842305
django__django-16041,0,planning,1769075286.9949071,1769075321.3916533,34.3967,362,469,0.2588,13.74,42039,,,,,2026-01-22T09:48:42.235313
django__django-12915,0,debugging,1769075320.842826,1769075321.335049,0.4922,1344,1,0.4297,16.0,42039,,0.1206,True,,2026-01-22T09:48:42.843930
django__django-13551,0,coding,1769075290.104309,1769075321.550591,31.4463,660,414,0.3706,13.32,42039,,1.0025,,,2026-01-22T09:48:43.066813
django__django-15695,0,planning,1769075281.9606366,1769075321.7947435,39.8341,373,559,0.3952,14.17,42039,,,,,2026-01-22T09:48:43.548868
django__django-15738,0,planning,1769075282.188288,1769075321.9127433,39.7245,508,556,0.6913,14.24,42039,,,,,2026-01-22T09:48:43.764233
django__django-15996,0,planning,1769075286.7679336,1769075322.0968218,35.3289,201,482,0.2574,13.74,42039,,,,,2026-01-22T09:48:43.833881
django__django-15388,0,planning,1769075280.377901,1769075323.0948844,42.717,250,602,1.0277,14.44,42039,,,,,2026-01-22T09:48:44.163756
django__django-13401,0,coding,1769075302.3634536,1769075323.3157856,20.9523,1055,251,1.2983,12.77,42039,,0.2816,,,2026-01-22T09:48:44.569230
django__django-13033,0,coding,1769075284.9058487,1769075323.0724566,38.1666,1598,529,0.5834,14.08,42039,,0.9217,,,2026-01-22T09:48:44.632743
django__django-15819,0,planning,1769075284.8573718,1769075323.685421,38.828,181,539,0.431,14.04,42039,,,,,2026-01-22T09:48:44.720234
django__django-14411,0,coding,1769075298.5460877,1769075323.6270814,25.081,589,313,0.6609,12.82,42039,,0.8044,,,2026-01-22T09:48:44.723374
django__django-13551,0,debugging,1769075323.3096707,1769075324.493738,1.1841,1098,1,1.0915,10.8,42039,,1.7591,True,,2026-01-22T09:48:44.740888
django__django-13401,0,debugging,1769075324.6371682,1769075325.50496,0.8678,1330,1,0.6505,4.6,42039,,1.3214,True,,2026-01-22T09:48:45.592418
django__django-15902,0,planning,1769075285.705142,1769075325.7266855,40.0215,146,551,0.1395,13.82,42039,,,,,2026-01-22T09:48:45.806500
matplotlib__matplotlib-18869,0,planning,1769075294.6695051,1769075325.7156396,31.0461,417,387,1.093,12.92,42039,,,,,2026-01-22T09:48:45.824979
django__django-14411,0,debugging,1769075324.7283158,1769075325.9429147,1.2146,926,1,1.003,4.73,42039,,1.1012,True,,2026-01-22T09:48:46.019846
django__django-13710,0,coding,1769075294.7344525,1769075326.877974,32.1435,764,394,1.0119,12.66,42039,,0.0951,,,2026-01-22T09:48:48.489357
django__django-16595,0,planning,1769075291.5447729,1769075327.4494967,35.9047,425,457,0.6004,12.94,42039,,,,,2026-01-22T09:48:48.635626
django__django-16408,0,planning,1769075290.1718102,1769075328.347849,38.176,271,495,0.4821,13.13,42039,,,,,2026-01-22T09:48:49.039097
django__django-14017,0,coding,1769075301.8394027,1769075328.1654475,26.326,930,309,0.3872,11.91,42039,,1.3857,,,2026-01-22T09:48:49.149915
django__django-16046,0,planning,1769075287.1699681,1769075327.4174573,40.2475,137,539,0.2607,13.48,42039,,,,,2026-01-22T09:48:49.084232
django__django-14016,0,coding,1769075295.6504402,1769075327.56549,31.915,685,404,0.4084,12.82,42039,,0.0514,,,2026-01-22T09:48:49.411518
django__django-15790,0,planning,1769075283.9811587,1769075328.5358014,44.5546,173,598,0.7872,13.66,42039,,,,,2026-01-22T09:48:49.444813
django__django-16820,0,planning,1769075292.1761415,1769075328.7242262,36.5481,140,474,0.2447,13.06,42039,,,,,2026-01-22T09:48:49.451801
django__django-14155,0,coding,1769075302.2191486,1769075328.1965556,25.9774,687,304,1.0424,12.19,42039,,1.3087,,,2026-01-22T09:48:49.548125
django__django-13028,0,debugging,1769075317.1238687,1769075328.7249796,11.6011,1713,101,2.5716,11.19,42039,,1.6832,True,,2026-01-22T09:48:49.493928
django__django-11905,0,coding,1769075274.738826,1769075328.9146824,54.1759,802,787,0.2705,14.6,42039,,0.367,,,2026-01-22T09:48:49.551610
django__django-12184,0,debugging,1769075317.113987,1769075329.0328183,11.9188,1516,105,2.1547,10.75,42039,,1.9384,True,,2026-01-22T09:48:49.551462
django__django-14017,0,debugging,1769075329.2112,1769075329.8853703,0.6742,1263,1,0.4455,4.37,42039,,1.0458,True,,2026-01-22T09:48:49.977650
django__django-13710,0,debugging,1769075328.7835774,1769075330.1222382,1.3387,1182,1,1.1123,4.42,42039,,1.9056,True,,2026-01-22T09:48:50.203789
django__django-14016,0,debugging,1769075329.447454,1769075330.5431695,1.0957,1113,1,0.9157,5.56,42039,,1.882,True,,2026-01-22T09:48:50.611832
django__django-14155,0,debugging,1769075329.5524652,1769075330.7432544,1.1908,1015,1,0.9978,5.18,42039,,1.3559,True,,2026-01-22T09:48:50.828822
django__django-11905,0,debugging,1769075329.553585,1769075330.8721783,1.3186,1613,1,1.2078,9.02,42039,,0.6389,True,,2026-01-22T09:48:51.634407
matplotlib__matplotlib-23964,0,planning,1769075299.169033,1769075331.008617,31.8396,1243,386,0.6052,12.36,42039,,,,,2026-01-22T09:48:52.181862
django__django-16139,0,planning,1769075287.8398407,1769075331.6624224,43.8226,410,573,0.39,13.19,42039,,,,,2026-01-22T09:48:53.552208
django__django-16379,0,planning,1769075289.7862508,1769075331.8800607,42.0938,355,533,0.7012,12.88,42039,,,,,2026-01-22T09:48:53.870939
django__django-16255,0,planning,1769075289.4368408,1769075331.8505137,42.4137,451,540,0.5601,12.9,42039,,,,,2026-01-22T09:48:54.569350
matplotlib__matplotlib-22835,0,planning,1769075295.6678133,1769075333.491503,37.8237,557,474,0.3845,12.66,42039,,,,,2026-01-22T09:48:55.098893
django__django-13315,0,coding,1769075288.2671897,1769075333.4523547,45.1852,623,576,0.9219,13.01,42039,,0.5969,,,2026-01-22T09:48:55.100772
django__django-15202,0,coding,1769075317.0547605,1769075333.68434,16.6296,741,166,0.573,10.34,42039,,2.1589,,,2026-01-22T09:48:55.100659
django__django-14855,0,coding,1769075307.6214252,1769075334.3290815,26.7077,753,290,1.6249,11.56,42039,,1.4415,,,2026-01-22T09:48:55.204245
django__django-15347,0,coding,1769075309.3439305,1769075334.501299,25.1574,783,293,0.8274,12.04,42039,,0.0358,,,2026-01-22T09:48:55.212297
django__django-15202,0,debugging,1769075335.1149502,1769075336.2203379,1.1054,931,1,0.8279,3.6,42039,,1.4306,True,,2026-01-22T09:48:56.319031
django__django-13315,0,debugging,1769075335.1025352,1769075336.389193,1.2867,1223,1,1.0873,5.02,42039,,1.6502,True,,2026-01-22T09:48:56.472572
django__django-14855,0,debugging,1769075335.2062,1769075336.3809972,1.1748,1067,1,0.9883,5.36,42039,,0.8771,True,,2026-01-22T09:48:56.475958
django__django-16400,0,planning,1769075290.1280546,1769075336.7100778,46.582,609,588,0.562,12.78,42039,,,,,2026-01-22T09:48:57.614243
django__django-15347,0,debugging,1769075335.2137036,1769075336.5804224,1.3667,1100,1,1.1712,5.11,42039,,0.7124,True,,2026-01-22T09:48:57.620235
django__django-13033,0,debugging,1769075324.6520133,1769075337.2024174,12.5504,2151,132,0.8179,11.25,42039,,1.5796,True,,2026-01-22T09:48:57.742794
django__django-15061,0,coding,1769075307.6234205,1769075337.2555864,29.6322,559,324,1.8487,11.66,42039,,2.5106,,,2026-01-22T09:48:57.749089
django__django-16816,0,planning,1769075292.0112977,1769075337.407381,45.3961,1300,569,0.2605,12.61,42039,,,,,2026-01-22T09:48:57.753530
django__django-14238,0,coding,1769075307.621314,1769075337.3935685,29.7723,1288,330,1.4812,11.66,42039,,2.9765,,,2026-01-22T09:48:57.759690
matplotlib__matplotlib-22711,0,planning,1769075295.2172034,1769075337.539729,42.3225,1048,522,0.7343,12.55,42039,,,,,2026-01-22T09:48:57.766903
django__django-13933,0,coding,1769075302.368714,1769075338.081561,35.7128,902,413,1.4525,12.05,42039,,0.3992,,,2026-01-22T09:48:58.188462
django__django-15061,0,debugging,1769075337.750489,1769075338.5912788,0.8408,907,1,0.6104,4.34,42039,,0.4949,True,,2026-01-22T09:48:58.645757
django__django-14534,0,coding,1769075302.2686446,1769075338.7571142,36.4885,903,420,0.7802,11.76,42039,,1.1759,,,2026-01-22T09:48:58.880306
django__django-14238,0,debugging,1769075337.761388,1769075339.001046,1.2397,1642,1,1.0394,4.99,42039,,0.3678,True,,2026-01-22T09:48:59.099086
django__django-14534,0,debugging,1769075338.8809597,1769075339.2508965,0.3699,1347,1,0.3058,15.58,42039,,0.1238,True,,2026-01-22T09:49:00.797155
django__django-13933,0,debugging,1769075338.188948,1769075339.2461576,1.0572,1340,1,0.8343,4.49,42039,,0.1074,True,,2026-01-22T09:49:01.012618
matplotlib__matplotlib-24334,0,planning,1769075301.5553536,1769075339.614055,38.0587,237,433,0.5351,11.54,42039,,,,,2026-01-22T09:49:01.229519
django__django-13964,0,coding,1769075295.2916656,1769075340.168261,44.8766,901,541,0.6219,12.22,42039,,0.0868,,,2026-01-22T09:49:01.433858
django__django-13447,0,coding,1769075286.994994,1769075339.7008493,52.7059,590,674,0.2368,12.85,42039,,0.9338,,,2026-01-22T09:49:01.453164
django__django-14915,0,coding,1769075307.7505474,1769075340.0850563,32.3345,811,347,2.1015,11.48,42039,,0.298,,,2026-01-22T09:49:01.470829
django__django-16873,0,planning,1769075293.3459632,1769075340.146301,46.8003,626,554,1.0969,12.12,42039,,,,,2026-01-22T09:49:01.565769
matplotlib__matplotlib-23987,0,planning,1769075299.669146,1769075340.241109,40.572,382,484,0.1982,11.99,42039,,,,,2026-01-22T09:49:03.198524
django__django-13757,0,coding,1769075294.5129094,1769075340.637312,46.1244,759,553,0.2664,12.06,42039,,1.4068,,,2026-01-22T09:49:03.379292
django__django-14730,0,coding,1769075307.8231921,1769075341.8773482,34.0542,702,370,2.2515,11.63,42039,,0.0957,,,2026-01-22T09:49:03.777950
django__django-12708,0,coding,1769075290.1789951,1769075342.4478014,52.2688,989,648,0.491,12.52,42039,,0.5873,,,2026-01-22T09:49:03.773375
matplotlib__matplotlib-24970,0,planning,1769075302.0606122,1769075342.6648803,40.6043,485,463,0.6231,11.58,42039,,,,,2026-01-22T09:49:03.821164
django__django-14915,0,debugging,1769075341.5801542,1769075342.903178,1.323,1182,1,1.3179,193.39,42039,,1.4951,True,,2026-01-22T09:49:03.914357
django__django-13448,0,coding,1769075289.8322582,1769075342.5123072,52.68,1822,649,0.4405,12.42,42039,,0.9593,,,2026-01-22T09:49:03.910774
django__django-17051,0,planning,1769075293.9270353,1769075343.0566545,49.1296,309,593,0.5336,12.2,42039,,,,,2026-01-22T09:49:03.917032
matplotlib__matplotlib-23314,0,planning,1769075297.725931,1769075343.09964,45.3737,297,534,0.599,11.93,42039,,,,,2026-01-22T09:49:03.917176
django__django-13964,0,debugging,1769075341.5894647,1769075343.499267,1.9098,1466,1,1.8343,13.24,42039,,1.4212,True,,2026-01-22T09:49:03.927101
django__django-15814,0,coding,1769075319.3523397,1769075342.5698216,23.2175,1259,246,1.3955,11.27,42039,,0.0385,,,2026-01-22T09:49:03.924188
matplotlib__matplotlib-24149,0,planning,1769075300.7039437,1769075343.2025712,42.4986,945,491,0.9336,11.81,42039,,,,,2026-01-22T09:49:03.939147
matplotlib__matplotlib-23476,0,planning,1769075298.2710247,1769075342.9219306,44.6509,1138,519,0.4143,11.73,42039,,,,,2026-01-22T09:49:03.941946
django__django-15400,0,coding,1769075320.0080104,1769075343.1707377,23.1627,756,253,0.9315,11.38,42039,,0.0758,,,2026-01-22T09:49:03.947789
django__django-13447,0,debugging,1769075341.5642579,1769075343.4457455,1.8815,1288,1,1.8047,13.02,42039,,1.8634,True,,2026-01-22T09:49:03.955347
matplotlib__matplotlib-23562,0,planning,1769075298.1701674,1769075344.2581472,46.088,419,542,0.4978,11.89,42039,,,,,2026-01-22T09:49:04.370765
django__django-13757,0,debugging,1769075343.460938,1769075344.3109658,0.85,1336,1,0.6029,4.05,42039,,2.8236,True,,2026-01-22T09:49:04.374608
matplotlib__matplotlib-25079,0,planning,1769075302.3409252,1769075344.279393,41.9385,1098,483,0.9336,11.78,42039,,,,,2026-01-22T09:49:04.381447
django__django-14730,0,debugging,1769075343.8650768,1769075344.71197,0.8469,1096,1,0.6348,4.72,42039,,1.9877,True,,2026-01-22T09:49:04.818283
django__django-17087,0,planning,1769075294.4677289,1769075344.9108005,50.4431,327,600,0.7043,12.06,42039,,,,,2026-01-22T09:49:05.009572
django__django-12708,0,debugging,1769075343.8743181,1769075344.9440715,1.0698,1661,1,0.8166,3.95,42039,,1.4265,True,,2026-01-22T09:49:05.025314
django__django-13448,0,debugging,1769075343.927004,1769075345.6115031,1.6845,2495,1,1.4709,4.68,42039,,1.4147,True,,2026-01-22T09:49:05.686135
django__django-15400,0,debugging,1769075343.949971,1769075346.0569303,2.107,1033,1,1.8787,4.38,42039,,0.7792,True,,2026-01-22T09:49:06.129178
matplotlib__matplotlib-26011,0,planning,1769075306.7045722,1769075346.535063,39.8305,411,416,1.6185,10.89,42039,,,,,2026-01-22T09:49:08.434727
django__django-14667,0,coding,1769075307.750532,1769075348.0186772,40.2681,833,427,2.0977,11.19,42039,,0.5359,,,2026-01-22T09:49:10.537333
django__django-12589,0,coding,1769075285.1646204,1769075348.748199,63.5836,1443,799,0.5344,12.67,42039,,0.2455,,,2026-01-22T09:49:10.506594
django__django-13265,0,coding,1769075287.1655724,1769075347.650533,60.485,1035,757,0.2513,12.57,42039,,0.0695,,,2026-01-22T09:49:10.714720
django__django-16910,0,planning,1769075294.1167748,1769075348.1737995,54.057,460,630,0.4329,11.75,42039,,,,,2026-01-22T09:49:10.627990
pallets__flask-4992,0,planning,1769075308.7212858,1769075348.2548702,39.5336,341,427,1.362,11.19,42039,,,,,2026-01-22T09:49:10.735851
django__django-14752,0,coding,1769075312.592579,1769075348.3258996,35.7333,1256,382,0.5474,10.86,42039,,0.668,,,2026-01-22T09:49:11.142248
mwaskom__seaborn-3010,0,planning,1769075307.4870312,1769075349.1625605,41.6755,1240,453,1.3856,11.24,42039,,,,,2026-01-22T09:49:11.233734
matplotlib__matplotlib-25433,0,planning,1769075303.6832464,1769075349.1399467,45.4567,498,528,0.2194,11.67,42039,,,,,2026-01-22T09:49:11.744194
django__django-16527,0,coding,1769075317.1270125,1769075349.3991504,32.2721,524,322,2.7862,10.92,42039,,0.808,,,2026-01-22T09:49:12.067965
django__django-13321,0,coding,1769075298.5345178,1769075348.9446247,50.4101,1830,585,0.69,11.77,42039,,1.2323,,,2026-01-22T09:49:12.092127
matplotlib__matplotlib-23299,0,planning,1769075296.5085537,1769075349.72818,53.2196,534,616,1.2005,11.84,42039,,,,,2026-01-22T09:49:12.205054
matplotlib__matplotlib-24265,0,planning,1769075301.281466,1769075349.8501363,48.5687,373,552,0.5847,11.5,42039,,,,,2026-01-22T09:49:12.483510
mwaskom__seaborn-2848,0,planning,1769075307.5518188,1769075349.842829,42.291,307,457,1.5089,11.21,42039,,,,,2026-01-22T09:49:12.625381
matplotlib__matplotlib-25332,0,planning,1769075303.1679676,1769075349.9174285,46.7495,312,538,0.6464,11.67,42039,,,,,2026-01-22T09:49:12.429101
django__django-16041,0,coding,1769075322.4712276,1769075350.0514336,27.5802,798,291,0.7896,10.86,42039,,1.0796,,,2026-01-22T09:49:12.810537
django__django-14999,0,coding,1769075307.6535225,1769075351.0596826,43.4062,583,474,2.0188,11.45,42039,,0.8271,,,2026-01-22T09:49:12.821547
mwaskom__seaborn-3407,0,planning,1769075307.7344234,1769075349.6748846,41.9405,878,452,2.1238,11.35,42039,,,,,2026-01-22T09:49:12.833320
django__django-15814,0,debugging,1769075343.930514,1769075350.276522,6.346,1529,62,1.006,11.61,42039,,1.3607,True,,2026-01-22T09:49:12.834219
pallets__flask-4045,0,planning,1769075308.1689103,1769075350.951602,42.7827,114,471,1.8748,11.51,42039,,,,,2026-01-22T09:49:12.838425
matplotlib__matplotlib-26020,0,planning,1769075306.9603763,1769075350.9715376,44.0112,5485,481,1.1264,11.22,42039,,,,,2026-01-22T09:49:12.849584
django__django-15789,0,coding,1769075317.1085715,1769075351.998042,34.8895,618,347,1.7655,10.48,42039,,1.549,,,2026-01-22T09:49:12.859240
django__django-16229,0,planning,1769075288.8628612,1769075352.6198556,63.757,350,781,0.5932,12.36,42039,,,,,2026-01-22T09:49:12.871749
matplotlib__matplotlib-23913,0,planning,1769075298.6926336,1769075352.5998914,53.9073,207,625,0.9265,11.8,42039,,,,,2026-01-22T09:49:12.899264
django__django-13265,0,debugging,1769075350.8873541,1769075352.7941456,1.9068,1816,1,1.7625,6.93,42039,,3.2368,True,,2026-01-22T09:49:12.919179
pallets__flask-5063,0,planning,1769075309.1686578,1769075353.2129314,44.0443,415,495,0.8893,11.47,42039,,,,,2026-01-22T09:49:13.296200
django__django-12589,0,debugging,1769075350.9171126,1769075353.44998,2.5329,2266,1,2.2584,3.64,42039,,2.1689,True,,2026-01-22T09:49:13.488400
django__django-14752,0,debugging,1769075351.7838182,1769075353.88902,2.1052,1662,1,1.88,4.44,42039,,3.4579,True,,2026-01-22T09:49:13.954387
matplotlib__matplotlib-25442,0,planning,1769075304.632203,1769075353.8246772,49.1925,577,552,1.3829,11.55,42039,,,,,2026-01-22T09:49:13.990010
django__django-15498,0,coding,1769075312.5770779,1769075354.5074396,41.9304,545,456,0.5092,11.01,42039,,1.5529,,,2026-01-22T09:49:14.592710
django__django-13321,0,debugging,1769075352.4869463,1769075354.551831,2.0649,2439,1,1.8533,4.73,42039,,3.5423,True,,2026-01-22T09:49:14.603982
django__django-16527,0,debugging,1769075352.342556,1769075354.765415,2.4229,870,1,2.1873,4.25,42039,,2.9434,True,,2026-01-22T09:49:14.850806
django__django-14999,0,debugging,1769075352.8363001,1769075355.203299,2.367,1081,1,2.1302,4.22,42039,,1.7766,True,,2026-01-22T09:49:15.267564
django__django-16041,0,debugging,1769075352.846539,1769075355.1814985,2.335,1113,1,2.0917,4.11,42039,,2.7951,True,,2026-01-22T09:49:15.276593
django__django-15789,0,debugging,1769075352.861335,1769075356.1231623,3.2618,989,1,3.0491,4.7,42039,,0.8633,True,,2026-01-22T09:49:16.223502
django__django-15498,0,debugging,1769075354.5933323,1769075356.8655238,2.2722,1025,1,2.1869,11.73,42039,,0.0859,True,,2026-01-22T09:49:18.391594
django__django-15851,0,coding,1769075317.9169238,1769075357.222133,39.3052,660,389,2.2147,10.49,42039,,0.1035,,,2026-01-22T09:49:19.595565
psf__requests-863,0,planning,1769075312.468878,1769075357.5705733,45.1017,237,475,0.4839,10.65,42039,,,,,2026-01-22T09:49:19.537860
matplotlib__matplotlib-18869,0,coding,1769075325.8254669,1769075357.7170296,31.8916,771,331,0.7518,10.63,42039,,0.1098,,,2026-01-22T09:49:20.225640
pytest-dev__pytest-6116,0,planning,1769075323.2889724,1769075358.8239632,35.535,279,363,0.3771,10.32,42039,,,,,2026-01-22T09:49:20.290741
pydata__xarray-3364,0,planning,1769075312.669008,1769075359.3161693,46.6472,198,500,0.6089,10.86,42039,,,,,2026-01-22T09:49:20.397273
pytest-dev__pytest-5227,0,planning,1769075320.1686456,1769075358.7799711,38.6113,343,405,0.7543,10.7,42039,,,,,2026-01-22T09:49:20.664787
django__django-14787,0,coding,1769075312.5986385,1769075358.4979157,45.8993,800,487,0.6604,10.77,42039,,0.4841,,,2026-01-22T09:49:22.288954
django__django-16595,0,coding,1769075328.7924106,1769075360.2168725,31.4245,849,320,0.6114,10.39,42039,,1.3429,,,2026-01-22T09:49:22.939676
matplotlib__matplotlib-25498,0,planning,1769075305.9121842,1769075359.7530437,53.8409,478,567,1.3265,10.8,42039,,,,,2026-01-22T09:49:22.862610
psf__requests-2674,0,planning,1769075311.7489603,1769075359.075206,47.3262,175,502,0.659,10.76,42039,,,,,2026-01-22T09:49:22.947429
pylint-dev__pylint-7228,0,planning,1769075317.1696079,1769075359.8540525,42.6844,1392,425,2.7514,10.64,42039,,,,,2026-01-22T09:49:22.993762
django__django-16379,0,coding,1769075334.3099174,1769075361.2004828,26.8906,855,265,0.9764,10.23,42039,,2.4299,,,2026-01-22T09:49:22.983961
psf__requests-2148,0,planning,1769075310.5870848,1769075360.664636,50.0776,807,541,0.7381,10.96,42039,,,,,2026-01-22T09:49:22.999678
django__django-15320,0,coding,1769075312.2602894,1769075359.9955018,47.7352,747,508,0.4438,10.74,42039,,1.8556,,,2026-01-22T09:49:23.001802
pytest-dev__pytest-5103,0,planning,1769075319.1692276,1769075362.2814705,43.1122,628,455,1.5546,10.95,42039,,,,,2026-01-22T09:49:23.016254
django__django-15213,0,coding,1769075320.608698,1769075362.4664366,41.8577,837,453,0.2992,10.9,42039,,0.0865,,,2026-01-22T09:49:23.037529
pytest-dev__pytest-7373,0,planning,1769075324.634239,1769075362.3524418,37.7182,313,395,0.6171,10.65,42039,,,,,2026-01-22T09:49:23.042931
matplotlib__matplotlib-18869,0,debugging,1769075360.3113804,1769075362.7870536,2.4757,1126,1,2.2765,5.02,42039,,2.5944,True,,2026-01-22T09:49:23.048184
pytest-dev__pytest-5495,0,planning,1769075321.1682253,1769075361.7698038,40.6016,254,443,0.1596,10.95,42039,,,,,2026-01-22T09:49:23.055402
mwaskom__seaborn-3190,0,planning,1769075307.620274,1769075362.6251636,55.0049,540,587,1.4566,10.96,42039,,,,,2026-01-22T09:49:23.153237
pytest-dev__pytest-11148,0,planning,1769075318.7081807,1769075361.955938,43.2478,806,450,1.7754,10.85,42039,,,,,2026-01-22T09:49:23.149490
django__django-12747,1,planning,1769075317.2626865,1769075362.6947978,45.4321,355,461,2.8005,10.81,42039,,,,,2026-01-22T09:49:23.168147
matplotlib__matplotlib-25311,0,planning,1769075302.7133222,1769075362.7204885,60.0072,270,663,1.1,11.25,42039,,,,,2026-01-22T09:49:23.168279
django__django-14997,0,coding,1769075307.5674458,1769075362.8430738,55.2756,2094,595,1.3162,11.03,42039,,2.3178,,,2026-01-22T09:49:23.183394
django__django-15851,0,debugging,1769075359.7262495,1769075363.167535,3.4413,1073,1,3.2586,5.48,42039,,2.5041,True,,2026-01-22T09:49:23.243800
django__django-15902,0,coding,1769075325.807016,1769075363.3779593,37.5709,664,401,0.5729,10.84,42039,,0.0803,,,2026-01-22T09:49:23.412804
django__django-14787,0,debugging,1769075362.9213855,1769075363.787514,0.8661,1311,1,0.6315,4.26,42039,,4.4235,True,,2026-01-22T09:49:23.882874
pydata__xarray-5131,0,planning,1769075316.0204957,1769075364.026279,48.0058,580,482,1.4133,10.35,42039,,,,,2026-01-22T09:49:24.108534
django__django-15320,0,debugging,1769075363.0202887,1769075364.275302,1.255,1279,1,1.0313,4.47,42039,,3.0248,True,,2026-01-22T09:49:24.330855
django__django-16595,0,debugging,1769075363.0010207,1769075364.5079763,1.507,1193,1,1.2642,4.12,42039,,2.7841,True,,2026-01-22T09:49:24.562669
pylint-dev__pylint-5859,0,planning,1769075315.6993215,1769075364.6761663,48.9768,370,487,1.3042,10.22,42039,,,,,2026-01-22T09:49:24.800137
django__django-16379,0,debugging,1769075363.0290742,1769075364.9269123,1.8978,1144,1,1.7162,5.51,42039,,1.8286,True,,2026-01-22T09:49:25.058470
django__django-15213,0,debugging,1769075363.0421064,1769075365.1980803,2.156,1314,1,1.9046,3.98,42039,,0.5757,True,,2026-01-22T09:49:25.280653
matplotlib__matplotlib-23964,0,coding,1769075332.4173362,1769075365.9313645,33.514,1596,321,1.3982,10.0,42039,,1.4087,,,2026-01-22T09:49:25.990918
django__django-15902,0,debugging,1769075363.4134538,1769075366.3756545,2.9622,1089,1,2.716,4.06,42039,,0.0355,True,,2026-01-22T09:49:26.442122
django__django-14997,0,debugging,1769075363.1850426,1769075366.3730667,3.188,2713,1,2.9191,3.72,42039,,0.342,True,,2026-01-22T09:49:26.458858
pylint-dev__pylint-7993,0,planning,1769075317.6691473,1769075366.6210248,48.9519,653,480,2.4519,10.32,42039,,,,,2026-01-22T09:49:26.740430
django__django-14667,0,debugging,1769075350.8060615,1769075366.805423,15.9994,1284,121,1.5269,8.36,42039,,2.7874,True,,2026-01-22T09:49:26.944697
matplotlib__matplotlib-23964,0,debugging,1769075365.991637,1769075367.285072,1.2934,1941,1,1.1016,5.21,42039,,0.0603,True,,2026-01-22T09:49:28.160015
pydata__xarray-4248,0,planning,1769075315.2679546,1769075367.4253252,52.1574,311,510,1.2959,10.03,42039,,,,,2026-01-22T09:49:29.384900
psf__requests-3362,0,planning,1769075312.4377978,1769075367.9059753,55.4682,187,574,0.4518,10.43,42039,,,,,2026-01-22T09:49:29.638474
pytest-dev__pytest-9359,0,planning,1769075326.1967716,1769075367.5771465,41.3804,911,419,0.3472,10.21,42039,,,,,2026-01-22T09:49:29.575639
psf__requests-1963,0,planning,1769075309.701483,1769075368.4469416,58.7455,231,623,0.4263,10.68,42039,,,,,2026-01-22T09:49:30.601930
psf__requests-2317,0,planning,1769075311.2595336,1769075368.233543,56.974,279,580,0.7741,10.32,42039,,,,,2026-01-22T09:49:30.709124
pylint-dev__pylint-6506,0,planning,1769075316.7353694,1769075369.1580741,52.4227,548,516,0.6978,9.98,42039,,,,,2026-01-22T09:49:32.184308
django__django-16046,0,coding,1769075329.3249948,1769075368.1271284,38.8021,643,381,0.7742,10.02,42039,,1.9075,,,2026-01-22T09:49:32.124214
pytest-dev__pytest-5413,0,planning,1769075320.669186,1769075369.1046593,48.4355,1060,501,0.401,10.43,42039,,,,,2026-01-22T09:49:32.758193
pytest-dev__pytest-7220,0,planning,1769075323.8174407,1769075369.8130033,45.9956,692,461,0.7149,10.18,42039,,,,,2026-01-22T09:49:32.804540
pytest-dev__pytest-5692,0,planning,1769075322.4843388,1769075371.5278058,49.0435,424,486,0.9395,10.1,42039,,,,,2026-01-22T09:49:32.769223
pytest-dev__pytest-8365,0,planning,1769075325.1694162,1769075370.3585932,45.1892,520,449,1.2126,10.21,42039,,,,,2026-01-22T09:49:32.862611
matplotlib__matplotlib-24970,0,coding,1769075343.9156375,1769075371.3950603,27.4794,915,263,0.7811,9.85,42039,,1.2508,,,2026-01-22T09:49:32.869981
pytest-dev__pytest-8906,0,planning,1769075325.66768,1769075370.3113883,44.6437,553,458,0.7229,10.43,42039,,,,,2026-01-22T09:49:32.873976
pytest-dev__pytest-11143,0,planning,1769075318.169231,1769075370.3728805,52.2036,1834,515,2.1133,10.28,42039,,,,,2026-01-22T09:49:32.946702
matplotlib__matplotlib-23563,0,planning,1769075298.5191329,1769075371.1782484,72.6591,1400,802,0.4824,11.11,42039,,,,,2026-01-22T09:49:32.923940
django__django-15781,0,coding,1769075317.094183,1769075371.2019336,54.1078,872,541,0.506,10.09,42039,,2.6297,,,2026-01-22T09:49:33.014426
django__django-16820,0,coding,1769075329.4571176,1769075371.6730683,42.216,581,418,0.8686,10.11,42039,,0.7329,,,2026-01-22T09:49:33.018744
pylint-dev__pylint-7114,0,planning,1769075317.0940423,1769075370.0745754,52.9805,588,527,1.6022,10.26,42039,,,,,2026-01-22T09:49:33.016617
scikit-learn__scikit-learn-13142,0,planning,1769075329.7123034,1769075369.677893,39.9656,1044,399,1.0465,10.25,42039,,,,,2026-01-22T09:49:33.023938
pytest-dev__pytest-7432,0,planning,1769075324.6344283,1769075371.2374601,46.603,272,469,1.0622,10.3,42039,,,,,2026-01-22T09:49:33.034111
scikit-learn__scikit-learn-10949,0,planning,1769075328.584517,1769075372.715595,44.1311,530,440,0.9031,10.18,42039,,,,,2026-01-22T09:49:33.039574
pytest-dev__pytest-5221,0,planning,1769075319.7315118,1769075371.857756,52.1262,116,532,0.9987,10.41,42039,,,,,2026-01-22T09:49:33.150557
scikit-learn__scikit-learn-12471,0,planning,1769075329.4665089,1769075372.8939893,43.4275,646,441,0.6409,10.31,42039,,,,,2026-01-22T09:49:33.167785
django__django-14608,0,coding,1769075298.9317133,1769075373.0670793,74.1354,611,823,0.6573,11.2,42039,,0.101,,,2026-01-22T09:49:33.185426
pytest-dev__pytest-7490,0,planning,1769075324.7326305,1769075373.289001,48.5564,4250,491,1.6168,10.46,42039,,,,,2026-01-22T09:49:33.425971
django__django-16046,0,debugging,1769075372.5987136,1769075373.7895827,1.1909,1049,1,0.9729,4.59,42039,,4.4716,True,,2026-01-22T09:49:33.869858
scikit-learn__scikit-learn-13439,0,planning,1769075330.6694448,1769075373.8306444,43.1612,443,441,0.2704,10.28,42039,,,,,2026-01-22T09:49:33.886856
matplotlib__matplotlib-24970,0,debugging,1769075372.941464,1769075373.9951458,1.0537,1202,1,0.8152,4.19,42039,,1.5464,True,,2026-01-22T09:49:34.135373
pylint-dev__pylint-7080,0,planning,1769075317.0016801,1769075374.6860256,57.6843,7005,570,1.4575,10.14,42039,,,,,2026-01-22T09:49:34.805899
scikit-learn__scikit-learn-13497,0,planning,1769075332.3181329,1769075375.1849747,42.8668,137,415,1.3859,10.0,42039,,,,,2026-01-22T09:49:35.285539
django__django-16820,0,debugging,1769075373.026804,1769075375.4414058,2.4146,1023,1,2.2007,4.68,42039,,1.3537,True,,2026-01-22T09:49:35.513832
django__django-15781,0,debugging,1769075373.0198689,1769075375.6338234,2.614,1437,1,2.3733,4.16,42039,,1.8179,True,,2026-01-22T09:49:35.737170
django__django-14608,0,debugging,1769075373.1859157,1769075376.5919926,3.4061,1458,1,3.1936,4.71,42039,,0.1188,True,,2026-01-22T09:49:36.744875
django__django-15252,0,coding,1769075317.1040194,1769075377.3896005,60.2856,945,579,1.7642,9.89,42039,,2.2179,,,2026-01-22T09:49:37.470239
scikit-learn__scikit-learn-10297,0,planning,1769075327.062159,1769075377.3761551,50.314,455,482,1.0852,9.79,42039,,,,,2026-01-22T09:49:37.487566
scikit-learn__scikit-learn-14894,0,planning,1769075335.0099118,1769075377.404932,42.395,636,392,0.7541,9.41,42039,,,,,2026-01-22T09:49:37.492646
scikit-learn__scikit-learn-13496,0,planning,1769075331.4325123,1769075377.608792,46.1763,395,439,0.6078,9.63,42039,,,,,2026-01-22T09:49:37.742264
django__django-15252,0,debugging,1769075377.470946,1769075379.2090905,1.7381,1548,1,1.4431,3.39,42039,,0.0813,True,,2026-01-22T09:49:39.416067
django__django-16408,0,coding,1769075329.2600894,1769075379.3865898,50.1265,733,469,0.6497,9.48,42039,,0.9122,,,2026-01-22T09:49:39.689220
pydata__xarray-4094,0,planning,1769075313.1691475,1769075381.0700767,67.9009,634,677,0.2001,10.0,42039,,,,,2026-01-22T09:49:43.057622
django__django-16408,0,debugging,1769075379.7788553,1769075380.9077368,1.1289,1226,1,0.7091,2.38,42039,,0.3923,True,,2026-01-22T09:49:44.426273
pydata__xarray-4493,0,planning,1769075316.0876718,1769075381.3853812,65.2977,846,610,1.3366,9.54,42039,,,,,2026-01-22T09:49:45.508697
django__django-16139,0,coding,1769075333.9751778,1769075383.3458822,49.3707,950,442,1.1368,9.16,42039,,2.3128,,,2026-01-22T09:49:46.612805
scikit-learn__scikit-learn-15512,0,planning,1769075335.206423,1769075383.250285,48.0439,628,424,0.9736,9.01,42039,,,,,2026-01-22T09:49:47.041945
scikit-learn__scikit-learn-13241,0,planning,1769075330.168065,1769075383.7472498,53.5792,340,510,0.7676,9.66,42039,,,,,2026-01-22T09:49:47.090511
scikit-learn__scikit-learn-14087,0,planning,1769075334.085706,1769075383.557796,49.4721,739,443,0.8709,9.12,42039,,,,,2026-01-22T09:49:47.102481
scikit-learn__scikit-learn-13779,0,planning,1769075333.6652675,1769075384.0781236,50.4129,211,455,0.8133,9.17,42039,,,,,2026-01-22T09:49:47.104768
pytest-dev__pytest-7168,0,planning,1769075323.4798403,1769075384.3768349,60.897,2347,565,1.2004,9.46,42039,,,,,2026-01-22T09:49:47.195099
scikit-learn__scikit-learn-11281,0,planning,1769075329.443267,1769075385.3147075,55.8714,185,529,0.8922,9.62,42039,,,,,2026-01-22T09:49:47.102584
django__django-16255,0,coding,1769075335.0298228,1769075383.5688558,48.539,958,431,0.5074,8.97,42039,,3.1793,,,2026-01-22T09:49:47.227857
django__django-12747,1,coding,1769075363.172031,1769075385.4439063,22.2719,706,174,2.2006,8.67,42039,,0.4772,,,2026-01-22T09:49:47.229743
matplotlib__matplotlib-22711,0,coding,1769075337.7687829,1769075386.1543016,48.3855,1537,451,1.0361,9.52,42039,,0.2291,,,2026-01-22T09:49:47.300807
matplotlib__matplotlib-24334,0,coding,1769075341.5306568,1769075384.483581,42.9529,637,387,0.7842,9.18,42039,,1.9166,,,2026-01-22T09:49:47.336231
scikit-learn__scikit-learn-11040,0,planning,1769075329.0147338,1769075386.8162556,57.8015,240,556,0.6592,9.73,42039,,,,,2026-01-22T09:49:47.353197
django__django-17087,0,coding,1769075345.0100822,1769075386.7760499,41.766,894,384,1.2694,9.48,42039,,0.0993,,,2026-01-22T09:49:47.360345
matplotlib__matplotlib-22835,0,coding,1769075335.1014473,1769075387.0695972,51.9681,998,483,0.6676,9.42,42039,,1.6099,,,2026-01-22T09:49:47.355737
scikit-learn__scikit-learn-25500,0,planning,1769075336.2236876,1769075385.7009833,49.4773,1335,464,0.3051,9.44,42039,,,,,2026-01-22T09:49:47.373097
django__django-16139,0,debugging,1769075387.021298,1769075388.3858714,1.3646,1416,1,1.0896,3.64,42039,,3.6754,True,,2026-01-22T09:49:48.490407
pytest-dev__pytest-5227,0,coding,1769075361.7283645,1769075388.4132602,26.6849,714,210,1.377,8.3,42039,,2.9484,,,2026-01-22T09:49:48.494119
sphinx-doc__sphinx-8595,0,planning,1769075343.9276886,1769075389.4638317,45.5361,252,409,1.019,9.19,42039,,,,,2026-01-22T09:49:49.624713
django__django-12747,1,debugging,1769075387.2409558,1769075389.3545372,2.1136,904,1,1.7136,2.5,42039,,1.797,True,,2026-01-22T09:49:49.629792
matplotlib__matplotlib-23987,0,coding,1769075343.590509,1769075389.4508724,45.8604,833,413,0.7024,9.15,42039,,3.3494,,,2026-01-22T09:49:49.671944
django__django-12908,0,coding,1769075282.0773728,1769075389.8584383,107.7811,862,1225,0.6182,11.43,42039,,0.4727,,,2026-01-22T09:49:49.969568
django__django-16255,0,debugging,1769075387.2429352,1769075389.8428693,2.5999,1413,1,2.5317,14.66,42039,,3.6741,True,,2026-01-22T09:49:49.975200
matplotlib__matplotlib-22711,0,debugging,1769075387.362754,1769075390.3320904,2.9693,2012,1,2.7039,3.77,42039,,1.2085,True,,2026-01-22T09:49:50.404708
matplotlib__matplotlib-22835,0,debugging,1769075387.3674157,1769075390.6072252,3.2398,1505,1,3.2082,31.64,42039,,0.2978,True,,2026-01-22T09:49:51.433335
django__django-15996,0,coding,1769075324.2141242,1769075391.2961295,67.082,650,631,0.6388,9.5,42039,,2.1173,,,2026-01-22T09:49:51.467874
matplotlib__matplotlib-24334,0,debugging,1769075387.3673048,1769075391.3479064,3.9806,1048,1,3.8485,7.57,42039,,2.8837,True,,2026-01-22T09:49:51.474398
django__django-17087,0,debugging,1769075387.367836,1769075391.1483264,3.7805,1302,1,3.7581,44.72,42039,,0.5918,True,,2026-01-22T09:49:51.479771
django__django-15790,0,coding,1769075329.4571857,1769075391.6204665,62.1633,738,578,0.8295,9.42,42039,,0.9214,,,2026-01-22T09:49:51.817222
pydata__xarray-5131,0,coding,1769075364.109149,1769075391.7899446,27.6808,1028,214,2.2734,8.42,42039,,0.0829,,,2026-01-22T09:49:51.851824
pytest-dev__pytest-5227,0,debugging,1769075388.4948044,1769075391.759061,3.2643,948,1,3.0707,5.17,42039,,0.0815,True,,2026-01-22T09:49:51.869537
matplotlib__matplotlib-23987,0,debugging,1769075389.6726055,1769075392.1264615,2.4539,1270,1,2.3588,10.52,42039,,0.2217,True,,2026-01-22T09:49:52.235629
django__django-12908,0,debugging,1769075389.9701807,1769075392.4779472,2.5078,2111,1,2.4048,9.72,42039,,0.1117,True,,2026-01-22T09:49:52.568577
django__django-15996,0,debugging,1769075391.468457,1769075392.8374376,1.369,1305,1,1.2782,11.02,42039,,0.1723,True,,2026-01-22T09:49:52.942204
django__django-15790,0,debugging,1769075391.8197198,1769075393.1416543,1.3219,1340,1,1.2113,9.04,42039,,0.1993,True,,2026-01-22T09:49:53.292057
scikit-learn__scikit-learn-13584,0,planning,1769075333.882511,1769075394.1576242,60.2751,163,532,1.4127,9.04,42039,,,,,2026-01-22T09:49:55.270392
django__django-15695,0,coding,1769075323.8572013,1769075395.257896,71.4007,899,665,0.9749,9.44,42039,,2.0625,,,2026-01-22T09:49:55.929021
sphinx-doc__sphinx-11445,0,planning,1769075339.8239527,1769075395.920993,56.097,594,504,0.7027,9.1,42039,,,,,2026-01-22T09:49:56.107349
matplotlib__matplotlib-26011,0,coding,1769075348.6928968,1769075396.0653985,47.3725,794,409,0.7027,8.76,42039,,2.1578,,,2026-01-22T09:49:56.151204
django__django-16400,0,coding,1769075337.6148603,1769075396.0272524,58.4124,1164,530,0.2654,9.11,42039,,0.9048,,,2026-01-22T09:49:56.156367
pydata__xarray-5131,0,debugging,1769075391.8523371,1769075396.5554643,4.7031,1266,1,1.5942,0.32,42039,,0.0624,True,,2026-01-22T09:49:56.601564
sphinx-doc__sphinx-7686,0,planning,1769075340.4985366,1769075396.5383961,56.0399,402,497,0.8806,9.01,42039,,,,,2026-01-22T09:49:56.607554
sphinx-doc__sphinx-8721,0,planning,1769075345.1866481,1769075396.5258832,51.3392,211,454,1.2217,9.06,42039,,,,,2026-01-22T09:49:56.613499
django__django-15695,0,debugging,1769075395.9304795,1769075396.8923118,0.9618,1588,1,0.8662,10.45,42039,,0.6726,True,,2026-01-22T09:49:56.989682
scikit-learn__scikit-learn-15535,0,planning,1769075335.6693473,1769075396.9500577,61.2807,211,551,0.7485,9.1,42039,,,,,2026-01-22T09:49:57.002878
pallets__flask-4992,0,coding,1769075351.1853864,1769075396.9216492,45.7363,734,367,1.9933,8.39,42039,,2.9305,,,2026-01-22T09:49:57.008370
pallets__flask-5063,0,coding,1769075353.2968113,1769075397.1580095,43.8612,876,354,3.0205,8.67,42039,,0.0839,,,2026-01-22T09:49:57.261765
sphinx-doc__sphinx-7738,0,planning,1769075340.9279025,1769075397.4672458,56.5393,352,498,0.747,8.93,42039,,,,,2026-01-22T09:49:57.506542
django__django-16400,0,debugging,1769075396.1568668,1769075397.632403,1.4755,1718,1,1.232,4.11,42039,,0.1296,True,,2026-01-22T09:49:57.772909
matplotlib__matplotlib-26011,0,debugging,1769075396.1517978,1769075397.66153,1.5097,1227,1,1.2143,3.38,42039,,0.0864,True,,2026-01-22T09:49:57.776541
scikit-learn__scikit-learn-25747,0,planning,1769075337.7382066,1769075397.9199133,60.1817,1742,537,0.3923,8.98,42039,,,,,2026-01-22T09:49:58.040504
pallets__flask-4992,0,debugging,1769075397.0088692,1769075398.21425,1.2054,1125,1,0.901,3.29,42039,,0.0872,True,,2026-01-22T09:49:58.308043
sphinx-doc__sphinx-8435,0,planning,1769075343.433759,1769075398.5308537,55.0971,293,474,0.4676,8.68,42039,,,,,2026-01-22T09:49:58.579424
pallets__flask-5063,0,debugging,1769075397.2624426,1769075398.5195122,1.2571,1254,1,0.9605,3.37,42039,,0.1044,True,,2026-01-22T09:49:58.723606
sphinx-doc__sphinx-10325,0,planning,1769075338.1696212,1769075399.408195,61.2386,281,541,0.8712,8.96,42039,,,,,2026-01-22T09:50:04.335310
matplotlib__matplotlib-23476,0,coding,1769075343.9450698,1769075399.8219986,55.8769,1624,474,1.8982,8.78,42039,,1.0231,,,2026-01-22T09:50:04.575651
sphinx-doc__sphinx-10451,0,planning,1769075338.669269,1769075400.9743633,62.3051,488,558,0.5641,9.04,42039,,,,,2026-01-22T09:50:04.897927
django__django-15819,0,coding,1769075324.7250807,1769075401.0054474,76.2804,687,707,1.0031,9.39,42039,,1.0397,,,2026-01-22T09:50:05.194230
django__django-15388,0,coding,1769075324.3722074,1769075401.3141806,76.942,819,711,0.6626,9.32,42039,,1.2773,,,2026-01-22T09:50:05.453762
scikit-learn__scikit-learn-14092,0,planning,1769075334.6885586,1769075402.377216,67.6887,773,600,0.8319,8.97,42039,,,,,2026-01-22T09:50:05.302250
sympy__sympy-11400,0,planning,1769075346.1692066,1769075402.204646,56.0354,188,499,0.2414,8.94,42039,,,,,2026-01-22T09:50:05.628937
sphinx-doc__sphinx-8801,0,planning,1769075345.6691754,1769075401.320121,55.6509,298,493,0.75,8.98,42039,,,,,2026-01-22T09:50:05.503641
sympy__sympy-12481,0,planning,1769075351.2263439,1769075402.3655953,51.1393,157,417,2.1651,8.51,42039,,,,,2026-01-22T09:50:06.061909
scikit-learn__scikit-learn-10508,0,planning,1769075328.3130262,1769075404.3685925,76.0556,501,711,0.4745,9.41,42039,,,,,2026-01-22T09:50:06.030515
sphinx-doc__sphinx-8282,0,planning,1769075343.4989252,1769075402.736188,59.2373,291,517,0.5335,8.81,42039,,,,,2026-01-22T09:50:06.379708
django__django-17051,0,coding,1769075343.927772,1769075401.335424,57.4077,869,501,1.0275,8.89,42039,,0.8711,,,2026-01-22T09:50:06.379910
sympy__sympy-12171,0,planning,1769075348.8259351,1769075405.4413638,56.6154,228,501,1.0255,9.01,42039,,,,,2026-01-22T09:50:06.562494
psf__requests-2148,0,coding,1769075363.0070646,1769075402.4731982,39.4661,1314,317,1.0313,8.25,42039,,2.3424,,,2026-01-22T09:50:06.767809
pytest-dev__pytest-6116,0,coding,1769075361.5893822,1769075403.232513,41.6431,608,313,1.7769,7.85,42039,,2.7654,,,2026-01-22T09:50:06.873049
scikit-learn__scikit-learn-14983,0,planning,1769075335.1013775,1769075403.2564924,68.1551,480,614,0.893,9.13,42039,,,,,2026-01-22T09:50:06.545681
psf__requests-863,0,coding,1769075359.893159,1769075402.5750866,42.6819,678,336,2.1802,8.3,42039,,2.3226,,,2026-01-22T09:50:06.994197
sphinx-doc__sphinx-8713,0,planning,1769075344.750433,1769075402.7674222,58.017,455,493,1.5246,8.73,42039,,,,,2026-01-22T09:50:06.878374
django__django-16873,0,coding,1769075341.918292,1769075404.5543222,62.636,1147,549,1.7324,9.01,42039,,1.772,,,2026-01-22T09:50:07.093067
sphinx-doc__sphinx-8273,0,planning,1769075342.765366,1769075404.2895007,61.5241,283,546,1.0914,9.03,42039,,,,,2026-01-22T09:50:07.028579
sympy__sympy-13043,0,planning,1769075351.924671,1769075404.072893,52.1482,168,437,1.471,8.62,42039,,,,,2026-01-22T09:50:07.155075
sphinx-doc__sphinx-7975,0,planning,1769075341.309049,1769075403.3124077,62.0034,179,552,1.2837,9.09,42039,,,,,2026-01-22T09:50:07.159338
pytest-dev__pytest-5495,0,coding,1769075363.0563369,1769075405.7951984,42.7389,663,359,2.0812,8.83,42039,,1.2865,,,2026-01-22T09:50:07.161101
pytest-dev__pytest-7373,0,coding,1769075363.0456982,1769075404.3108509,41.2652,674,320,2.1419,8.18,42039,,0.6933,,,2026-01-22T09:50:07.182929
scikit-learn__scikit-learn-25638,0,planning,1769075337.6107998,1769075404.6090643,66.9983,514,613,0.2709,9.19,42039,,,,,2026-01-22T09:50:07.192717
sympy__sympy-13031,0,planning,1769075351.6649156,1769075406.1586714,54.4938,359,470,1.7666,8.91,42039,,,,,2026-01-22T09:50:07.197651
django__django-16910,0,coding,1769075351.0713553,1769075406.437702,55.3663,1057,468,1.7046,8.72,42039,,2.8976,,,2026-01-22T09:50:07.202200
sphinx-doc__sphinx-8506,0,planning,1769075343.6428618,1769075406.4692204,62.8264,318,571,0.6654,9.19,42039,,,,,2026-01-22T09:50:07.210031
matplotlib__matplotlib-23562,0,coding,1769075344.3713021,1769075406.099631,61.7283,928,559,1.6624,9.31,42039,,0.1132,,,2026-01-22T09:50:07.326309
matplotlib__matplotlib-25079,0,coding,1769075344.3827515,1769075406.9567847,62.574,1549,569,1.9024,9.38,42039,,0.1034,,,2026-01-22T09:50:07.344085
matplotlib__matplotlib-24265,0,coding,1769075352.733589,1769075406.9515514,54.218,892,475,1.1443,8.95,42039,,2.8835,,,2026-01-22T09:50:07.354719
sphinx-doc__sphinx-8474,0,planning,1769075343.7271955,1769075406.8286629,63.1015,189,576,0.5204,9.2,42039,,,,,2026-01-22T09:50:07.355493
scikit-learn__scikit-learn-25570,0,planning,1769075336.9533522,1769075407.242703,70.2894,1626,649,0.7372,9.33,42039,,,,,2026-01-22T09:50:07.386340
django__django-15819,0,debugging,1769075405.568268,1769075407.783108,2.2148,1418,1,1.9508,3.79,42039,,4.5628,True,,2026-01-22T09:50:07.861351
django__django-15388,0,debugging,1769075405.711422,1769075407.7702124,2.0588,1554,1,1.8157,4.11,42039,,4.3972,True,,2026-01-22T09:50:07.882938
sympy__sympy-12236,0,planning,1769075349.6630373,1769075408.2343035,58.5713,753,512,1.321,8.94,42039,,,,,2026-01-22T09:50:08.369753
matplotlib__matplotlib-25442,0,coding,1769075353.9905875,1769075408.572574,54.582,1096,471,2.5644,9.05,42039,,0.1659,,,2026-01-22T09:50:08.628484
django__django-17051,0,debugging,1769075406.940817,1769075408.8154118,1.8746,1394,1,1.628,4.06,42039,,5.6054,True,,2026-01-22T09:50:08.881740
django__django-16873,0,debugging,1769075407.1354454,1769075409.2671223,2.1317,1720,1,1.8658,3.76,42039,,2.5811,True,,2026-01-22T09:50:09.419279
sympy__sympy-14308,0,planning,1769075356.6680334,1769075410.0937085,53.4257,192,475,0.1887,8.92,42039,,,,,2026-01-22T09:50:10.197995
psf__requests-863,0,debugging,1769075407.1573951,1769075410.1291504,2.9718,1038,1,2.6273,2.9,42039,,4.5823,True,,2026-01-22T09:50:10.201752
pytest-dev__pytest-5495,0,debugging,1769075407.190111,1769075410.3652194,3.1751,1046,1,2.9474,4.39,42039,,1.3949,True,,2026-01-22T09:50:10.478349
sympy__sympy-12454,0,planning,1769075350.162953,1769075410.4143498,60.2514,464,514,1.0764,8.69,42039,,,,,2026-01-22T09:50:10.482060
pytest-dev__pytest-7373,0,debugging,1769075407.1994326,1769075410.631571,3.4321,1018,1,3.1641,3.73,42039,,2.8886,True,,2026-01-22T09:50:10.735343
matplotlib__matplotlib-23562,0,debugging,1769075407.3306255,1769075411.23214,3.9015,1511,1,3.8126,11.25,42039,,1.231,True,,2026-01-22T09:50:11.357821
matplotlib__matplotlib-25079,0,debugging,1769075407.3454475,1769075411.599663,4.2542,2142,1,4.1846,14.36,42039,,0.3887,True,,2026-01-22T09:50:11.709787
sympy__sympy-12419,0,planning,1769075350.4517822,1769075411.8818014,61.43,400,521,1.6759,8.72,42039,,,,,2026-01-22T09:50:11.988694
pydata__xarray-4248,0,coding,1769075369.6583633,1769075411.9250512,42.2667,787,342,1.033,8.29,42039,,2.233,,,2026-01-22T09:50:11.992388
matplotlib__matplotlib-24265,0,debugging,1769075407.3560286,1769075412.11603,4.76,1391,1,4.5298,4.34,42039,,0.4045,True,,2026-01-22T09:50:12.293295
django__django-16816,0,coding,1769075337.7544243,1769075412.9141512,75.1597,1836,673,0.8171,9.05,42039,,0.347,,,2026-01-22T09:50:13.076914
scikit-learn__scikit-learn-14894,0,coding,1769075377.493279,1769075412.941627,35.4483,990,297,1.6928,8.8,42039,,0.0883,,,2026-01-22T09:50:13.092993
psf__requests-1963,0,coding,1769075371.460878,1769075413.2259474,41.7651,820,324,1.4375,8.03,42039,,3.0139,,,2026-01-22T09:50:13.268813
sympy__sympy-13177,0,planning,1769075352.8220751,1769075413.1581528,60.3361,208,504,1.7189,8.6,42039,,,,,2026-01-22T09:50:13.322786
matplotlib__matplotlib-25442,0,debugging,1769075408.6290133,1769075413.6724412,5.0434,1591,1,4.8025,4.15,42039,,0.0564,True,,2026-01-22T09:50:13.749536
psf__requests-3362,0,coding,1769075370.134417,1769075413.6535487,43.5191,727,328,2.5879,8.01,42039,,2.2284,,,2026-01-22T09:50:13.761988
matplotlib__matplotlib-24149,0,coding,1769075343.942436,1769075414.6504674,70.708,1403,609,1.6805,8.82,42039,,0.7399,,,2026-01-22T09:50:14.811998
pydata__xarray-4248,0,debugging,1769075411.9929159,1769075414.654991,2.6621,1153,1,2.6098,19.14,42039,,0.0679,True,,2026-01-22T09:50:14.827454
django__django-16816,0,debugging,1769075413.0776906,1769075414.739228,1.6615,2533,1,1.3268,2.99,42039,,0.1635,True,,2026-01-22T09:50:14.832214
scikit-learn__scikit-learn-14894,0,debugging,1769075413.0935042,1769075414.9266152,1.8331,1311,1,1.5513,3.55,42039,,0.1519,True,,2026-01-22T09:50:15.012384
psf__requests-1963,0,debugging,1769075413.269467,1769075415.0818863,1.8124,1168,1,1.6066,4.86,42039,,0.0435,True,,2026-01-22T09:50:15.213425
psf__requests-3362,0,debugging,1769075413.7624948,1769075415.3421052,1.5796,1079,1,1.2903,3.46,42039,,0.1089,True,,2026-01-22T09:50:15.645145
matplotlib__matplotlib-24149,0,debugging,1769075414.8125887,1769075415.6887999,0.8762,2036,1,0.7079,5.94,42039,,0.1621,True,,2026-01-22T09:50:16.717405
sphinx-doc__sphinx-8627,0,planning,1769075344.1690989,1769075415.625305,71.4562,403,613,1.8737,8.81,42039,,,,,2026-01-22T09:50:17.278290
sympy__sympy-13971,0,planning,1769075355.6948235,1769075415.6819348,59.9871,223,506,1.0572,8.59,42039,,,,,2026-01-22T09:50:17.890911
sympy__sympy-14396,0,planning,1769075358.908606,1769075416.2993202,57.3907,662,466,1.6043,8.35,42039,,,,,2026-01-22T09:50:18.336904
sympy__sympy-13773,0,planning,1769075354.169336,1769075416.378217,62.2089,292,515,2.3988,8.61,42039,,,,,2026-01-22T09:50:18.595279
mwaskom__seaborn-2848,0,coding,1769075352.7740967,1769075416.7921438,64.018,728,530,1.0554,8.42,42039,,2.9313,,,2026-01-22T09:50:19.272843
matplotlib__matplotlib-25332,0,coding,1769075352.744651,1769075416.7405386,63.9959,817,528,1.7832,8.49,42039,,2.8272,,,2026-01-22T09:50:19.326697
sympy__sympy-13647,0,planning,1769075353.6870599,1769075417.334787,63.6477,724,530,2.6506,8.69,42039,,,,,2026-01-22T09:50:19.329868
sympy__sympy-14774,0,planning,1769075359.554773,1769075418.4396284,58.8849,246,492,1.0027,8.5,42039,,,,,2026-01-22T09:50:19.336961
pytest-dev__pytest-5413,0,coding,1769075372.865713,1769075418.1001205,45.2344,1527,363,0.9179,8.19,42039,,3.7611,,,2026-01-22T09:50:19.334841
psf__requests-2317,0,coding,1769075372.0153117,1769075417.7532115,45.7379,825,359,1.099,8.04,42039,,3.7818,,,2026-01-22T09:50:19.341392
sympy__sympy-15609,0,planning,1769075362.6889155,1769075418.7927263,56.1038,192,462,0.6099,8.33,42039,,,,,2026-01-22T09:50:19.348450
sympy__sympy-17655,0,planning,1769075366.1691964,1769075419.1955001,53.0263,554,454,0.8837,8.71,42039,,,,,2026-01-22T09:50:19.460697
sympy__sympy-11897,0,planning,1769075348.3544173,1769075420.2274902,71.8731,286,602,2.3373,8.66,42039,,,,,2026-01-22T09:50:20.332016
mwaskom__seaborn-2848,0,debugging,1769075419.3283212,1769075420.2815523,0.9532,1282,1,0.6456,3.25,42039,,2.5362,True,,2026-01-22T09:50:20.336290
matplotlib__matplotlib-25332,0,debugging,1769075419.3352697,1769075420.5380762,1.2028,1369,1,0.9088,3.4,42039,,2.5947,True,,2026-01-22T09:50:20.614281
pytest-dev__pytest-5413,0,debugging,1769075419.3428729,1769075420.8780575,1.5352,1914,1,1.5186,60.43,42039,,1.2428,True,,2026-01-22T09:50:20.944101
sympy__sympy-15345,0,planning,1769075362.3096564,1769075420.896544,58.5869,141,477,1.0137,8.29,42039,,,,,2026-01-22T09:50:20.964629
psf__requests-2317,0,debugging,1769075419.3477807,1769075421.1668694,1.8191,1208,1,1.4625,2.8,42039,,1.5946,True,,2026-01-22T09:50:21.223784
pytest-dev__pytest-7490,0,coding,1769075373.4264665,1769075421.5474246,48.121,4707,376,3.4353,8.41,42039,,0.1375,,,2026-01-22T09:50:23.182147
sympy__sympy-13471,0,planning,1769075352.8394344,1769075421.5878096,68.7484,295,573,2.1074,8.6,42039,,,,,2026-01-22T09:50:22.960304
pytest-dev__pytest-5103,0,coding,1769075363.0309582,1769075422.0584424,59.0275,1049,482,1.6784,8.4,42039,,0.7495,,,2026-01-22T09:50:23.560220
pytest-dev__pytest-8365,0,coding,1769075372.9056947,1769075421.3407588,48.4351,935,386,1.3291,8.19,42039,,2.5471,,,2026-01-22T09:50:23.828487
matplotlib__matplotlib-23314,0,coding,1769075343.938827,1769075422.5836751,78.6448,798,687,1.404,8.89,42039,,0.8392,,,2026-01-22T09:50:23.928130
scikit-learn__scikit-learn-13439,0,coding,1769075373.8874087,1769075422.405913,48.5185,846,383,3.2606,8.46,42039,,0.0568,,,2026-01-22T09:50:23.942479
pytest-dev__pytest-7432,0,coding,1769075373.0393527,1769075423.4247918,50.3854,707,405,2.6436,8.48,42039,,1.8019,,,2026-01-22T09:50:23.945942
matplotlib__matplotlib-23476,0,debugging,1769075405.056337,1769075422.804775,17.7484,2122,112,2.975,7.58,42039,,5.2343,True,,2026-01-22T09:50:23.954495
scikit-learn__scikit-learn-13779,0,coding,1769075387.1998594,1769075422.8829234,35.6831,628,289,1.7008,8.5,42039,,3.1217,,,2026-01-22T09:50:23.956111
sympy__sympy-11870,0,planning,1769075347.8759167,1769075423.203967,75.3281,187,642,1.9032,8.74,42039,,,,,2026-01-22T09:50:23.960103
pytest-dev__pytest-6116,0,debugging,1769075407.0543952,1769075423.188305,16.1339,945,112,2.553,8.25,42039,,3.8219,True,,2026-01-22T09:50:23.961730
pallets__flask-4045,0,coding,1769075352.8499517,1769075423.2854722,70.4355,551,595,2.3723,8.74,42039,,1.8983,,,2026-01-22T09:50:23.970644
sympy__sympy-14024,0,planning,1769075356.1681511,1769075423.3611898,67.193,347,584,0.5949,8.77,42039,,,,,2026-01-22T09:50:23.972571
sympy__sympy-16988,0,planning,1769075364.169035,1769075423.5649261,59.3959,164,494,2.1784,8.63,42039,,,,,2026-01-22T09:50:23.974474
pytest-dev__pytest-11143,0,coding,1769075373.0130632,1769075423.7284296,50.7154,2315,409,1.6818,8.34,42039,,2.6402,,,2026-01-22T09:50:23.981817
pytest-dev__pytest-7490,0,debugging,1769075423.3385048,1769075424.6801279,1.3416,5107,1,1.0901,3.98,42039,,1.7911,True,,2026-01-22T09:50:24.747930
mwaskom__seaborn-3190,0,coding,1769075363.1696112,1769075424.8970308,61.7274,1091,506,2.4559,8.54,42039,,0.5444,,,2026-01-22T09:50:25.002994
pytest-dev__pytest-5103,0,debugging,1769075423.7776675,1769075424.922068,1.1444,1555,1,0.8939,3.99,42039,,1.7192,True,,2026-01-22T09:50:25.006905
sympy__sympy-18189,0,planning,1769075368.377747,1769075424.9025872,56.5248,376,473,0.8319,8.49,42039,,,,,2026-01-22T09:50:25.028576
pytest-dev__pytest-8365,0,debugging,1769075423.931826,1769075425.2003117,1.2685,1345,1,0.9662,3.31,42039,,2.5911,True,,2026-01-22T09:50:25.241086
sympy__sympy-17630,0,planning,1769075365.6817162,1769075425.125613,59.4439,1143,502,1.1917,8.62,42039,,,,,2026-01-22T09:50:25.280100
scikit-learn__scikit-learn-13439,0,debugging,1769075423.9513135,1769075425.405304,1.454,1253,1,1.2052,4.02,42039,,1.5454,True,,2026-01-22T09:50:25.519217
pytest-dev__pytest-7432,0,debugging,1769075423.9562337,1769075425.698246,1.742,1136,1,1.4578,3.52,42039,,0.5314,True,,2026-01-22T09:50:25.749495
matplotlib__matplotlib-23314,0,debugging,1769075423.9467556,1769075425.6580508,1.7113,1509,1,1.4699,4.14,42039,,1.3631,True,,2026-01-22T09:50:25.753837
scikit-learn__scikit-learn-13779,0,debugging,1769075423.9640565,1769075425.9162,1.9521,941,1,1.6932,3.86,42039,,1.0811,True,,2026-01-22T09:50:26.004512
pallets__flask-4045,0,debugging,1769075423.9732068,1769075426.1916375,2.2184,1170,1,1.9717,4.05,42039,,0.6877,True,,2026-01-22T09:50:26.248845
mwaskom__seaborn-3190,0,debugging,1769075425.003564,1769075427.2492378,2.2457,1621,1,2.234,85.39,42039,,0.1065,True,,2026-01-22T09:50:29.439999
matplotlib__matplotlib-23913,0,coding,1769075352.8997867,1769075427.1097217,74.2099,799,608,3.2075,8.56,42039,,0.2999,,,2026-01-22T09:50:29.316814
sympy__sympy-14317,0,planning,1769075358.7959821,1769075427.228605,68.4326,301,573,0.369,8.42,42039,,,,,2026-01-22T09:50:29.644933
sympy__sympy-13437,0,planning,1769075352.8337684,1769075427.659585,74.8258,221,621,2.1348,8.54,42039,,,,,2026-01-22T09:50:29.723519
pytest-dev__pytest-11143,0,debugging,1769075423.9849362,1769075427.2169497,3.232,2748,1,2.3956,1.2,42039,,0.2565,True,,2026-01-22T09:50:29.517177
sympy__sympy-13146,0,planning,1769075352.817332,1769075428.199699,75.3824,185,626,1.6736,8.49,42039,,,,,2026-01-22T09:50:29.627031
sympy__sympy-19007,0,planning,1769075372.7347,1769075427.4969034,54.7622,255,433,0.839,8.03,42039,,,,,2026-01-22T09:50:30.021121
pydata__xarray-4493,0,coding,1769075386.1671207,1769075428.3847036,42.2176,1422,338,1.6946,8.34,42039,,4.7817,,,2026-01-22T09:50:30.444695
pylint-dev__pylint-7993,0,coding,1769075366.7410262,1769075427.6744504,60.9334,1099,514,0.5112,8.51,42039,,0.12,,,2026-01-22T09:50:30.246809
psf__requests-2148,0,debugging,1769075407.0104985,1769075427.9750476,20.9645,1655,136,2.335,7.3,42039,,4.5373,True,,2026-01-22T09:50:30.326707
sympy__sympy-13480,0,planning,1769075353.2430644,1769075428.015336,74.7723,219,618,2.9054,8.6,42039,,,,,2026-01-22T09:50:30.623502
sphinx-doc__sphinx-8721,0,coding,1769075396.614009,1769075429.02287,32.4089,630,282,1.0593,9.0,42039,,0.0881,,,2026-01-22T09:50:30.746476
sympy__sympy-16106,0,planning,1769075362.8367045,1769075429.2123034,66.3756,639,550,0.7402,8.38,42039,,,,,2026-01-22T09:50:30.800070
sympy__sympy-15678,0,planning,1769075362.980912,1769075428.4049604,65.424,318,537,0.8127,8.31,42039,,,,,2026-01-22T09:50:30.831021
sympy__sympy-16281,0,planning,1769075363.0298262,1769075429.5417511,66.5119,621,553,1.9176,8.56,42039,,,,,2026-01-22T09:50:30.884050
sympy__sympy-15011,0,planning,1769075360.1329746,1769075428.304132,68.1712,290,553,1.9181,8.35,42039,,,,,2026-01-22T09:50:30.891375
pylint-dev__pylint-5859,0,coding,1769075364.8007042,1769075430.122297,65.3216,823,557,1.8438,8.77,42039,,0.1245,,,2026-01-22T09:50:30.897792
sympy__sympy-17139,0,planning,1769075365.2111204,1769075429.781104,64.57,703,549,1.4277,8.69,42039,,,,,2026-01-22T09:50:30.899613
sympy__sympy-16503,0,planning,1769075363.183315,1769075429.893294,66.71,175,555,2.4728,8.64,42039,,,,,2026-01-22T09:50:30.965135
sympy__sympy-15308,0,planning,1769075361.2818508,1769075429.5581071,68.2763,143,559,2.0517,8.44,42039,,,,,2026-01-22T09:50:30.958596
pylint-dev__pylint-7114,0,coding,1769075373.0288086,1769075430.33717,57.3084,1081,472,2.3745,8.59,42039,,2.9542,,,2026-01-22T09:50:31.004335
sympy__sympy-18621,0,planning,1769075370.6372583,1769075430.632815,59.9956,728,491,2.2028,8.5,42039,,,,,2026-01-22T09:50:31.014860
sympy__sympy-13915,0,planning,1769075355.2299159,1769075430.5781848,75.3483,292,657,1.5361,8.9,42039,,,,,2026-01-22T09:50:31.023760
sphinx-doc__sphinx-8595,0,coding,1769075389.6254363,1769075430.5273252,40.9019,626,326,2.179,8.42,42039,,0.1616,,,2026-01-22T09:50:31.033615
pytest-dev__pytest-11148,0,coding,1769075363.1721215,1769075430.8537576,67.6816,1222,570,2.4819,8.74,42039,,1.2162,,,2026-01-22T09:50:31.040839
matplotlib__matplotlib-23913,0,debugging,1769075429.724521,1769075431.1769643,1.4524,1431,1,1.2243,4.38,42039,,2.6148,True,,2026-01-22T09:50:31.255799
sympy__sympy-18532,0,planning,1769075369.688241,1769075431.3597388,61.6715,140,522,0.9798,8.6,42039,,,,,2026-01-22T09:50:31.485015
matplotlib__matplotlib-25433,0,coding,1769075352.2554784,1769075431.622054,79.3666,993,679,1.5884,8.73,42039,,3.1155,,,2026-01-22T09:50:31.715469
matplotlib__matplotlib-26020,0,coding,1769075352.855003,1769075431.6381888,78.7832,5933,670,3.0417,8.85,42039,,1.8835,,,2026-01-22T09:50:31.720226
pylint-dev__pylint-7993,0,debugging,1769075430.6136105,1769075431.6413472,1.0277,1637,1,0.7857,4.13,42039,,2.9392,True,,2026-01-22T09:50:31.722362
sphinx-doc__sphinx-8721,0,debugging,1769075430.8414617,1769075431.8808613,1.0394,936,1,0.8137,4.43,42039,,1.8186,True,,2026-01-22T09:50:31.930174
sympy__sympy-21171,0,planning,1769075376.169321,1769075431.8800058,55.7107,2167,473,2.5191,8.89,42039,,,,,2026-01-22T09:50:31.946809
pydata__xarray-4493,0,debugging,1769075430.7030199,1769075432.1073134,1.4043,1784,1,1.1902,4.67,42039,,2.3183,True,,2026-01-22T09:50:32.163099
sympy__sympy-21612,0,planning,1769075377.1691434,1769075432.0946767,54.9255,314,474,1.5259,8.88,42039,,,,,2026-01-22T09:50:32.166654
sympy__sympy-20154,0,planning,1769075372.885998,1769075432.3275425,59.4415,183,494,1.1061,8.47,42039,,,,,2026-01-22T09:50:32.381138
sympy__sympy-12171,0,coding,1769075406.8305142,1769075432.7769883,25.9465,693,200,1.9742,8.34,42039,,1.3892,,,2026-01-22T09:50:32.828493
sympy__sympy-20590,0,planning,1769075374.7340562,1769075432.769167,58.0351,252,483,2.4051,8.68,42039,,,,,2026-01-22T09:50:32.845999
pylint-dev__pylint-5859,0,debugging,1769075430.9002078,1769075432.9679742,2.0678,1404,1,1.8193,4.02,42039,,0.7779,True,,2026-01-22T09:50:33.068226
sympy__sympy-15346,0,planning,1769075362.735681,1769075433.2209616,70.4853,518,591,0.5941,8.46,42039,,,,,2026-01-22T09:50:33.276612
pylint-dev__pylint-7114,0,debugging,1769075431.0085967,1769075433.22411,2.2155,1577,1,1.9863,4.36,42039,,0.6714,True,,2026-01-22T09:50:33.313022
sympy__sympy-20212,0,planning,1769075373.1720526,1769075433.6258657,60.4538,197,491,2.9839,8.54,42039,,,,,2026-01-22T09:50:33.731236
sphinx-doc__sphinx-8595,0,debugging,1769075431.035842,1769075433.681144,2.6453,976,1,2.3728,3.67,42039,,0.5085,True,,2026-01-22T09:50:33.749000
pytest-dev__pytest-11148,0,debugging,1769075431.041619,1769075433.9157097,2.8741,1816,1,2.6433,4.33,42039,,0.1879,True,,2026-01-22T09:50:34.000710
matplotlib__matplotlib-25433,0,debugging,1769075431.7167368,1769075434.1217794,2.405,1696,1,2.1996,4.87,42039,,0.0947,True,,2026-01-22T09:50:34.188910
sympy__sympy-21055,0,planning,1769075375.6908839,1769075435.3458376,59.655,306,490,2.4301,8.56,42039,,,,,2026-01-22T09:50:35.414348
sympy__sympy-12171,0,debugging,1769075432.8290865,1769075435.5688543,2.7398,917,1,2.4997,4.17,42039,,0.0521,True,,2026-01-22T09:50:35.640497
sympy__sympy-18087,0,planning,1769075367.167615,1769075435.7509608,68.5833,146,584,0.1767,8.54,42039,,,,,2026-01-22T09:50:36.861821
mwaskom__seaborn-3407,0,coding,1769075352.8380146,1769075435.9473455,83.1093,1294,696,1.9096,8.57,42039,,3.1631,,,2026-01-22T09:50:37.263232
sympy__sympy-13895,0,planning,1769075354.6693223,1769075436.6536815,81.9844,299,695,2.112,8.7,42039,,,,,2026-01-22T09:50:37.445321
sympy__sympy-18057,0,planning,1769075366.6692297,1769075436.1148539,69.4456,557,591,0.3802,8.56,42039,,,,,2026-01-22T09:50:37.446425
django__django-16910,0,debugging,1769075407.2101262,1769075436.7844205,29.5743,1549,218,3.6807,8.42,42039,,0.7724,True,,2026-01-22T09:50:37.500793
sympy__sympy-18835,0,planning,1769075372.8378105,1769075436.6504023,63.8126,280,523,0.9553,8.32,42039,,,,,2026-01-22T09:50:37.595639
sympy__sympy-16792,0,planning,1769075363.6691196,1769075436.7509875,73.0819,537,599,2.7312,8.51,42039,,,,,2026-01-22T09:50:37.619829
sympy__sympy-20049,0,planning,1769075372.961757,1769075437.1534128,64.1917,527,530,1.0553,8.39,42039,,,,,2026-01-22T09:50:37.637015
sympy__sympy-18199,0,planning,1769075368.9606335,1769075437.1034439,68.1428,163,561,2.1927,8.51,42039,,,,,2026-01-22T09:50:37.647846
scikit-learn__scikit-learn-25500,0,coding,1769075387.376168,1769075437.476061,50.0999,1761,390,3.9514,8.45,42039,,1.6752,,,2026-01-22T09:50:37.682412
scikit-learn__scikit-learn-12471,0,coding,1769075373.1687121,1769075437.522513,64.3538,1049,525,2.975,8.55,42039,,0.2747,,,2026-01-22T09:50:37.699394
sphinx-doc__sphinx-8435,0,coding,1769075398.57997,1769075437.5151856,38.9352,732,350,0.44,9.09,42039,,0.0491,,,2026-01-22T09:50:37.733462
pylint-dev__pylint-7080,0,coding,1769075374.8065667,1769075438.063772,63.2572,7541,520,3.3739,8.68,42039,,0.1205,,,2026-01-22T09:50:38.125628
sympy__sympy-23117,0,planning,1769075381.539854,1769075438.2854064,56.7456,487,466,2.7777,8.63,42039,,,,,2026-01-22T09:50:38.326075
mwaskom__seaborn-3407,0,debugging,1769075437.4102848,1769075438.2761176,0.8658,2015,1,0.6381,4.39,42039,,1.4629,True,,2026-01-22T09:50:38.329987
scikit-learn__scikit-learn-25500,0,debugging,1769075437.6830418,1769075439.1888974,1.5059,2175,1,1.2724,4.28,42039,,0.207,True,,2026-01-22T09:50:39.233195
scikit-learn__scikit-learn-12471,0,debugging,1769075437.6999283,1769075439.192215,1.4923,1598,1,1.2287,3.79,42039,,0.1774,True,,2026-01-22T09:50:39.249776
scikit-learn__scikit-learn-11040,0,coding,1769075387.3673596,1769075439.3964596,52.0291,758,416,2.9613,8.48,42039,,0.5511,,,2026-01-22T09:50:39.479226
sympy__sympy-19487,0,planning,1769075372.8847542,1769075439.4227343,66.538,242,541,1.5873,8.33,42039,,,,,2026-01-22T09:50:39.483309
sphinx-doc__sphinx-8435,0,debugging,1769075437.7340097,1769075439.4019885,1.668,1106,1,1.4426,4.44,42039,,0.2188,True,,2026-01-22T09:50:39.508911
pydata__xarray-4094,0,coding,1769075384.5748084,1769075440.1753087,55.6005,1277,440,2.2527,8.25,42039,,3.5047,,,2026-01-22T09:50:40.212635
pylint-dev__pylint-7080,0,debugging,1769075438.1265466,1769075440.3915546,2.265,8085,1,1.9701,3.39,42039,,0.0628,True,,2026-01-22T09:50:40.467099
scikit-learn__scikit-learn-11040,0,debugging,1769075439.4800456,1769075440.6344714,1.1544,1198,1,0.9289,4.43,42039,,0.0836,True,,2026-01-22T09:50:42.122496
pydata__xarray-4094,0,debugging,1769075440.2131925,1769075440.7392466,0.5261,1741,1,0.521,196.14,42039,,0.0379,True,,2026-01-22T09:50:43.101292
scikit-learn__scikit-learn-11281,0,coding,1769075387.24603,1769075440.8444717,53.5984,676,431,1.9338,8.34,42039,,1.9313,,,2026-01-22T09:50:43.004903
sympy__sympy-22714,0,planning,1769075380.4947934,1769075441.8624265,61.3676,539,522,0.9274,8.64,42039,,,,,2026-01-22T09:50:44.027849
sphinx-doc__sphinx-7738,0,coding,1769075397.5072353,1769075442.096732,44.5895,815,388,0.9981,8.9,42039,,0.04,,,2026-01-22T09:50:44.026565
matplotlib__matplotlib-25311,0,coding,1769075363.172011,1769075442.0165,78.8445,900,648,2.2417,8.46,42039,,0.4515,,,2026-01-22T09:50:43.997196
pylint-dev__pylint-7228,0,coding,1769075363.0181556,1769075442.3229868,79.3048,1783,659,1.4381,8.46,42039,,3.1641,,,2026-01-22T09:50:44.214436
sympy__sympy-21847,0,planning,1769075378.7013173,1769075442.0625215,63.3612,365,548,0.635,8.74,42039,,,,,2026-01-22T09:50:44.353162
django__django-16229,0,coding,1769075352.8733926,1769075441.2445862,88.3712,1098,731,3.2037,8.58,42039,,0.2535,,,2026-01-22T09:50:44.293501
sympy__sympy-20442,0,planning,1769075374.1691358,1769075442.667384,68.4982,269,559,2.9164,8.52,42039,,,,,2026-01-22T09:50:44.284286
sympy__sympy-18698,0,planning,1769075370.6171744,1769075442.2394793,71.6223,282,573,1.8376,8.21,42039,,,,,2026-01-22T09:50:44.426350
sympy__sympy-12454,0,coding,1769075410.4827166,1769075442.2448833,31.7622,942,245,3.2167,8.58,42039,,0.0684,,,2026-01-22T09:50:44.434362
scikit-learn__scikit-learn-13497,0,coding,1769075375.2861798,1769075442.750292,67.4641,514,560,2.9007,8.67,42039,,0.1012,,,2026-01-22T09:50:44.402368
sympy__sympy-24152,0,planning,1769075385.8527544,1769075442.3180523,56.4653,613,455,1.7029,8.31,42039,,,,,2026-01-22T09:50:44.803483
scikit-learn__scikit-learn-13142,0,coding,1769075373.032865,1769075442.8987718,69.8659,1405,568,2.8487,8.48,42039,,3.355,,,2026-01-22T09:50:44.809233
mwaskom__seaborn-3010,0,coding,1769075351.9568782,1769075443.1418076,91.1849,1657,776,1.4537,8.65,42039,,2.7943,,,2026-01-22T09:50:44.740009
sympy__sympy-22840,0,planning,1769075380.8038576,1769075442.189976,61.3861,1836,522,1.4513,8.71,42039,,,,,2026-01-22T09:50:44.740746
sympy__sympy-21627,0,planning,1769075378.2066338,1769075443.317896,65.1113,140,565,0.9641,8.81,42039,,,,,2026-01-22T09:50:44.988202
pytest-dev__pytest-9359,0,coding,1769075370.1003516,1769075443.271341,73.171,1296,595,2.4279,8.41,42039,,2.5232,,,2026-01-22T09:50:45.005790
scikit-learn__scikit-learn-11281,0,debugging,1769075443.2828372,1769075444.1187065,0.8359,1131,1,0.7473,11.29,42039,,2.4384,True,,2026-01-22T09:50:45.075319
sympy__sympy-17022,0,planning,1769075364.7497928,1769075443.5535293,78.8037,327,674,1.648,8.74,42039,,,,,2026-01-22T09:50:45.086712
pylint-dev__pylint-6506,0,coding,1769075372.5986848,1769075444.1308131,71.5321,1030,601,1.4162,8.57,42039,,3.4406,,,2026-01-22T09:50:45.087146
matplotlib__matplotlib-26020,0,debugging,1769075431.7213142,1769075443.3133836,11.5921,6627,83,3.0931,9.77,42039,,0.0831,True,,2026-01-22T09:50:45.088621
sympy__sympy-24102,0,planning,1769075386.0528572,1769075444.8894312,58.8366,487,500,1.5374,8.73,42039,,,,,2026-01-22T09:50:45.099812
pytest-dev__pytest-5221,0,coding,1769075373.1513543,1769075444.940288,71.7889,614,606,2.7349,8.78,42039,,1.2936,,,2026-01-22T09:50:45.106041
matplotlib__matplotlib-25311,0,debugging,1769075444.2988253,1769075445.2866378,0.9878,1572,1,0.7151,3.67,42039,,2.2823,True,,2026-01-22T09:50:45.366253
sphinx-doc__sphinx-7738,0,debugging,1769075444.2248113,1769075445.69112,1.4663,1227,1,1.2569,4.78,42039,,2.1281,True,,2026-01-22T09:50:45.749535
django__django-16229,0,debugging,1769075444.503976,1769075445.8728886,1.3689,1853,1,1.1698,5.02,42039,,3.2594,True,,2026-01-22T09:50:45.969496
pylint-dev__pylint-7228,0,debugging,1769075444.6115005,1769075446.326609,1.7151,2466,1,1.5026,4.71,42039,,2.2885,True,,2026-01-22T09:50:46.363516
sympy__sympy-12454,0,debugging,1769075444.8115816,1769075446.3098211,1.4982,1211,1,1.2781,4.54,42039,,2.5667,True,,2026-01-22T09:50:46.402558
scikit-learn__scikit-learn-13497,0,debugging,1769075444.7531395,1769075446.7593255,2.0062,1098,1,1.7862,4.55,42039,,2.0028,True,,2026-01-22T09:50:46.816523
mwaskom__seaborn-3010,0,debugging,1769075444.9754546,1769075446.9564278,1.981,2457,1,1.7802,4.98,42039,,1.8336,True,,2026-01-22T09:50:47.028060
sympy__sympy-24213,0,planning,1769075386.7836025,1769075447.371516,60.5879,332,514,1.3121,8.67,42039,,,,,2026-01-22T09:50:47.460321
pytest-dev__pytest-9359,0,debugging,1769075445.0173497,1769075447.5780325,2.5607,1915,1,2.3602,4.99,42039,,1.746,True,,2026-01-22T09:50:47.656982
scikit-learn__scikit-learn-13142,0,debugging,1769075444.9964387,1769075447.7759929,2.7796,1997,1,2.5537,4.43,42039,,2.0977,True,,2026-01-22T09:50:47.852102
pylint-dev__pylint-6506,0,debugging,1769075445.0921876,1769075448.011055,2.9189,1655,1,2.7204,5.04,42039,,0.9614,True,,2026-01-22T09:50:48.512069
pytest-dev__pytest-5221,0,debugging,1769075445.1065247,1769075448.0913346,2.9848,1244,1,2.8932,10.91,42039,,0.1662,True,,2026-01-22T09:50:48.915068
scikit-learn__scikit-learn-13241,0,coding,1769075387.1155152,1769075448.52485,61.4093,812,525,0.7061,8.65,42039,,3.3683,,,2026-01-22T09:50:49.904299
sympy__sympy-20639,0,planning,1769075375.2306106,1769075448.4359503,73.2053,204,622,2.9144,8.85,42039,,,,,2026-01-22T09:50:49.978830
sphinx-doc__sphinx-10451,0,coding,1769075405.7015133,1769075448.6067297,42.9052,1011,353,1.2439,8.47,42039,,4.7271,,,2026-01-22T09:50:50.195206
sympy__sympy-16988,0,coding,1769075423.97636,1769075448.8863628,24.91,622,220,1.966,9.59,42039,,0.4114,,,2026-01-22T09:50:50.424709
sympy__sympy-23262,0,planning,1769075385.196345,1769075449.4485168,64.2522,349,546,1.7508,8.74,42039,,,,,2026-01-22T09:50:50.258553
sympy__sympy-14774,0,coding,1769075419.341338,1769075449.402578,30.0612,702,270,1.2002,9.36,42039,,0.9017,,,2026-01-22T09:50:50.630656
sympy__sympy-23191,0,planning,1769075384.8318124,1769075449.6425703,64.8108,792,549,2.3285,8.79,42039,,,,,2026-01-22T09:50:50.633030
sympy__sympy-21614,0,planning,1769075377.6712043,1769075449.5576274,71.8864,170,637,1.491,9.05,42039,,,,,2026-01-22T09:50:50.633658
sympy__sympy-21379,0,planning,1769075376.66946,1769075449.507431,72.838,533,636,1.9576,8.97,42039,,,,,2026-01-22T09:50:50.640726
matplotlib__matplotlib-23299,0,coding,1769075352.6909378,1769075450.5789177,97.888,1117,857,1.5955,8.9,42039,,2.9628,,,2026-01-22T09:50:50.764928
sympy__sympy-19254,0,planning,1769075372.848284,1769075450.7582233,77.9099,219,678,0.9137,8.81,42039,,,,,2026-01-22T09:50:50.854417
sympy__sympy-13177,0,coding,1769075413.3233495,1769075450.9484112,37.6251,676,351,1.6085,9.75,42039,,0.1652,,,2026-01-22T09:50:51.032828
scikit-learn__scikit-learn-13241,0,debugging,1769075450.1781812,1769075450.9242783,0.7461,1361,1,0.5229,4.48,42039,,1.6533,True,,2026-01-22T09:50:51.036899
sphinx-doc__sphinx-10451,0,debugging,1769075450.3624294,1769075451.3658974,1.0035,1388,1,0.7922,4.73,42039,,1.7557,True,,2026-01-22T09:50:51.433120
sympy__sympy-16988,0,debugging,1769075450.5989888,1769075451.3456824,0.7467,866,1,0.5685,5.61,42039,,1.7126,True,,2026-01-22T09:50:51.437404
sympy__sympy-14774,0,debugging,1769075450.6322448,1769075451.577105,0.9449,996,1,0.7141,4.33,42039,,1.2297,True,,2026-01-22T09:50:51.634511
matplotlib__matplotlib-23299,0,debugging,1769075450.7655962,1769075452.068488,1.3029,1998,1,1.1753,7.84,42039,,0.1867,True,,2026-01-22T09:50:52.790112
sympy__sympy-13177,0,debugging,1769075451.0334039,1769075452.116829,1.0834,1051,1,0.9926,11.01,42039,,0.085,True,,2026-01-22T09:50:52.871186
sympy__sympy-14817,0,planning,1769075360.5658927,1769075452.0728052,91.5069,613,778,2.5166,8.74,42039,,,,,2026-01-22T09:50:52.943124
sympy__sympy-17655,0,coding,1769075419.4613547,1769075452.666661,33.2053,972,308,1.6477,9.76,42039,,0.2659,,,2026-01-22T09:50:54.278826
sympy__sympy-24066,0,planning,1769075385.8415573,1769075452.4241447,66.5826,214,578,1.4905,8.88,42039,,,,,2026-01-22T09:50:54.676437
sphinx-doc__sphinx-8801,0,coding,1769075405.84261,1769075452.815654,46.973,756,406,1.4141,8.91,42039,,4.5225,,,2026-01-22T09:50:54.745681
scikit-learn__scikit-learn-13584,0,coding,1769075395.2712057,1769075452.6890063,57.4178,657,520,1.2224,9.25,42039,,1.1136,,,2026-01-22T09:50:54.811877
pytest-dev__pytest-7168,0,coding,1769075387.2298186,1769075453.7293944,66.4996,2878,593,1.4051,9.11,42039,,2.853,,,2026-01-22T09:50:55.092398
sphinx-doc__sphinx-11445,0,coding,1769075396.1080408,1769075453.9361312,57.8281,1063,534,1.0315,9.4,42039,,0.187,,,2026-01-22T09:50:55.077112
sympy__sympy-24909,0,planning,1769075386.3423316,1769075454.7818382,68.4395,245,614,1.5041,9.17,42039,,,,,2026-01-22T09:50:55.136053
sympy__sympy-17655,0,debugging,1769075454.502293,1769075455.4030252,0.9007,1304,1,0.669,4.32,42039,,1.8356,True,,2026-01-22T09:50:55.492453
sphinx-doc__sphinx-8801,0,debugging,1769075454.9687593,1769075455.6177225,0.649,1186,1,0.4327,4.62,42039,,2.1531,True,,2026-01-22T09:50:55.651401
sympy__sympy-20322,0,planning,1769075373.669841,1769075455.8375928,82.1678,320,726,3.1969,9.19,42039,,,,,2026-01-22T09:50:55.888963
scikit-learn__scikit-learn-13584,0,debugging,1769075455.0402458,1769075455.8047311,0.7645,1201,1,0.5625,4.95,42039,,2.3512,True,,2026-01-22T09:50:55.909046
sphinx-doc__sphinx-11445,0,debugging,1769075455.0991223,1769075456.041644,0.9425,1621,1,0.7062,4.23,42039,,1.163,True,,2026-01-22T09:50:56.095045
sympy__sympy-12236,0,coding,1769075408.370299,1769075456.0342033,47.6639,1229,424,3.956,9.7,42039,,0.136,,,2026-01-22T09:50:56.132890
pytest-dev__pytest-7168,0,debugging,1769075455.1018796,1769075456.4640439,1.3622,3495,1,1.1533,4.79,42039,,1.3725,True,,2026-01-22T09:50:56.973326
sympy__sympy-12236,0,debugging,1769075456.1334858,1769075456.576066,0.4426,1677,1,0.3881,18.35,42039,,0.0993,True,,2026-01-22T09:50:57.635773
sympy__sympy-18835,0,coding,1769075437.6349108,1769075456.814944,19.18,767,209,0.6461,11.28,42039,,0.9845,,,2026-01-22T09:50:57.499531
sympy__sympy-13971,0,coding,1769075418.2856498,1769075457.0250225,38.7394,693,372,1.1644,9.9,42039,,2.6037,,,2026-01-22T09:50:57.745949
sympy__sympy-13031,0,coding,1769075407.2047956,1769075457.224803,50.02,793,450,3.4148,9.66,42039,,1.0461,,,2026-01-22T09:50:58.066866
scikit-learn__scikit-learn-25638,0,coding,1769075407.2009223,1769075457.1994548,49.9985,1089,450,3.4678,9.67,42039,,2.5919,,,2026-01-22T09:50:58.037118
sympy__sympy-11400,0,coding,1769075406.1096497,1769075457.4633226,51.3537,651,467,1.6312,9.39,42039,,3.905,,,2026-01-22T09:50:58.195257
pytest-dev__pytest-8906,0,coding,1769075372.936634,1769075457.5784984,84.6419,977,760,1.2703,9.12,42039,,2.6252,,,2026-01-22T09:50:58.209864
sympy__sympy-15345,0,coding,1769075420.9651625,1769075457.769233,36.8041,582,371,0.5525,10.23,42039,,0.0686,,,2026-01-22T09:50:58.215315
scikit-learn__scikit-learn-15512,0,coding,1769075387.1123066,1769075457.635126,70.5228,1014,642,1.5159,9.3,42039,,3.862,,,2026-01-22T09:50:58.221818
sympy__sympy-18835,0,debugging,1769075457.7859359,1769075458.476626,0.6907,1000,1,0.4625,4.38,42039,,0.971,True,,2026-01-22T09:50:58.557321
sympy__sympy-13971,0,debugging,1769075457.9668753,1769075458.6988404,0.732,1089,1,0.5235,4.8,42039,,0.9419,True,,2026-01-22T09:50:58.759382
sympy__sympy-13031,0,debugging,1769075458.1913002,1769075458.8772714,0.686,1267,1,0.4684,4.6,42039,,0.9665,True,,2026-01-22T09:50:58.941370
sympy__sympy-11400,0,debugging,1769075458.1975315,1769075459.091592,0.8941,1142,1,0.6613,4.3,42039,,0.7342,True,,2026-01-22T09:50:59.155824
sympy__sympy-15345,0,debugging,1769075458.2161236,1769075459.2900496,1.0739,977,1,0.8837,5.26,42039,,0.4469,True,,2026-01-22T09:50:59.778322
scikit-learn__scikit-learn-15512,0,debugging,1769075458.222725,1769075459.3653424,1.1426,1680,1,1.0336,9.18,42039,,0.5876,True,,2026-01-22T09:50:59.947724
pytest-dev__pytest-8906,0,debugging,1769075458.2112665,1769075459.343401,1.1321,1761,1,0.9051,4.4,42039,,0.6328,True,,2026-01-22T09:51:00.051465
sympy__sympy-20590,0,coding,1769075432.8465118,1769075459.4092681,26.5628,699,271,2.7085,11.36,42039,,0.0773,,,2026-01-22T09:51:00.066817
sympy__sympy-17630,0,coding,1769075425.2806287,1769075459.4827309,34.2021,1609,349,2.0702,10.86,42039,,0.155,,,2026-01-22T09:51:00.220055
sympy__sympy-13437,0,coding,1769075430.3093207,1769075459.8193018,29.51,806,297,0.8837,10.38,42039,,2.6497,,,2026-01-22T09:51:00.219862
sphinx-doc__sphinx-7975,0,coding,1769075407.1826751,1769075459.8813388,52.6987,696,487,2.923,9.78,42039,,3.8703,,,2026-01-22T09:51:00.219970
sympy__sympy-22005,0,planning,1769075379.2496793,1769075459.5803854,80.3307,531,759,0.2719,9.48,42039,,,,,2026-01-22T09:51:00.221874
scikit-learn__scikit-learn-15535,0,coding,1769075397.0034919,1769075459.9621444,62.9587,724,609,0.9449,9.82,42039,,0.0534,,,2026-01-22T09:51:00.232202
sympy__sympy-14024,0,coding,1769075423.9768722,1769075460.0703788,36.0935,895,364,1.91,10.65,42039,,0.6157,,,2026-01-22T09:51:00.281221
sympy__sympy-20590,0,debugging,1769075460.1384122,1769075460.6074774,0.4691,994,1,0.2666,4.94,42039,,0.7291,True,,2026-01-22T09:51:00.646381
sympy__sympy-17630,0,debugging,1769075460.221314,1769075461.0120523,0.7907,1982,1,0.5809,4.76,42039,,0.7386,True,,2026-01-22T09:51:01.047057
sympy__sympy-13437,0,debugging,1769075460.2219512,1769075460.9884038,0.7665,1127,1,0.5818,5.42,42039,,0.4026,True,,2026-01-22T09:51:01.086176
scikit-learn__scikit-learn-14087,0,coding,1769075387.169363,1769075461.2136486,74.0443,1144,681,2.0237,9.46,42039,,3.6116,,,2026-01-22T09:51:01.258016
sphinx-doc__sphinx-7975,0,debugging,1769075460.222858,1769075461.1970894,0.9742,1207,1,0.7624,4.72,42039,,0.3415,True,,2026-01-22T09:51:01.354855
scikit-learn__scikit-learn-15535,0,debugging,1769075460.232844,1769075461.2921872,1.0593,1357,1,0.9421,8.53,42039,,0.2707,True,,2026-01-22T09:51:01.417889
sympy__sympy-14024,0,debugging,1769075460.2825065,1769075461.3528438,1.0703,1283,1,1.0243,21.71,42039,,0.2121,True,,2026-01-22T09:51:01.431178
scikit-learn__scikit-learn-14087,0,debugging,1769075461.25872,1769075461.6490326,0.3903,1849,1,0.329,16.3,42039,,0.0451,True,,2026-01-22T09:51:01.821990
scikit-learn__scikit-learn-14092,0,coding,1769075405.8232481,1769075461.6697538,55.8465,1335,510,2.4629,9.55,42039,,3.446,,,2026-01-22T09:51:01.823830
scikit-learn__scikit-learn-14092,0,debugging,1769075461.8262684,1769075462.2336335,0.4074,1869,1,0.3468,16.51,42039,,0.1565,True,,2026-01-22T09:51:02.395695
sphinx-doc__sphinx-8627,0,coding,1769075417.5313046,1769075462.560312,45.029,981,445,1.4436,10.21,42039,,1.906,,,2026-01-22T09:51:02.712082
sphinx-doc__sphinx-8627,0,debugging,1769075462.7132838,1769075463.0200467,0.3068,1450,1,0.2294,12.93,42039,,0.153,True,,2026-01-22T09:51:03.249734
sphinx-doc__sphinx-8506,0,coding,1769075407.2988508,1769075463.1650763,55.8662,854,523,3.609,10.01,42039,,0.8296,,,2026-01-22T09:51:03.413818
sphinx-doc__sphinx-8506,0,debugging,1769075463.415474,1769075463.715658,0.3002,1401,1,0.2496,19.79,42039,,0.2504,True,,2026-01-22T09:51:03.889165
sympy__sympy-20154,0,coding,1769075432.3816864,1769075463.7239163,31.3422,641,330,2.9578,11.63,42039,,0.0541,,,2026-01-22T09:51:03.889891
sympy__sympy-18532,0,coding,1769075431.4855018,1769075464.1248174,32.6393,626,343,2.1552,11.25,42039,,0.1258,,,2026-01-22T09:51:04.249811
sympy__sympy-20154,0,debugging,1769075463.8917313,1769075464.172147,0.2804,995,1,0.2158,15.48,42039,,0.1678,True,,2026-01-22T09:51:04.345549
scikit-learn__scikit-learn-25638,0,debugging,1769075458.1879807,1769075464.342774,6.1548,1563,73,0.5136,12.94,42039,,0.9885,True,,2026-01-22T09:51:04.410071
sympy__sympy-18199,0,coding,1769075437.6486685,1769075464.3877125,26.739,688,309,0.821,11.92,42039,,0.5452,,,2026-01-22T09:51:04.474454
sympy__sympy-18532,0,debugging,1769075464.2509084,1769075464.582438,0.3315,993,1,0.2856,21.79,42039,,0.1261,True,,2026-01-22T09:51:04.620751
sphinx-doc__sphinx-7686,0,coding,1769075396.608226,1769075464.8060982,68.1979,864,673,1.0905,10.03,42039,,0.0698,,,2026-01-22T09:51:04.925634
sympy__sympy-18199,0,debugging,1769075464.4751222,1769075464.7457263,0.2706,1021,1,0.1974,13.66,42039,,0.0874,True,,2026-01-22T09:51:04.979591
sphinx-doc__sphinx-7686,0,debugging,1769075464.9270039,1769075465.2243292,0.2973,1561,1,0.255,23.65,42039,,0.1209,True,,2026-01-22T09:51:05.409561
sympy__sympy-13471,0,coding,1769075423.3936334,1769075465.4328256,42.0392,832,441,1.2879,10.82,42039,,1.8058,,,2026-01-22T09:51:05.573673
sympy__sympy-13146,0,coding,1769075430.0925057,1769075465.7276616,35.6352,775,379,1.0625,10.96,42039,,1.8928,,,2026-01-22T09:51:05.779081
sympy__sympy-13471,0,debugging,1769075465.5750723,1769075466.0138068,0.4387,1297,1,0.2559,5.47,42039,,0.1422,True,,2026-01-22T09:51:06.167135
sympy__sympy-13146,0,debugging,1769075465.779619,1769075466.0551019,0.2755,1178,1,0.189,11.56,42039,,0.052,True,,2026-01-22T09:51:06.215335
scikit-learn__scikit-learn-10508,0,coding,1769075406.5766196,1769075466.254265,59.6776,1174,581,1.6897,10.02,42039,,2.208,,,2026-01-22T09:51:06.421656
sphinx-doc__sphinx-8282,0,coding,1769075406.5623436,1769075466.531573,59.9692,773,585,1.9544,10.08,42039,,3.8262,,,2026-01-22T09:51:06.585643
sympy__sympy-15609,0,coding,1769075419.3506622,1769075466.7196565,47.369,618,495,1.7893,10.86,42039,,0.5579,,,2026-01-22T09:51:06.777088
sympy__sympy-14317,0,coding,1769075430.2785683,1769075467.3794224,37.1009,838,397,1.3442,11.1,42039,,3.05,,,2026-01-22T09:51:07.891254
scikit-learn__scikit-learn-10508,0,debugging,1769075466.4237707,1769075467.425041,1.0013,1779,1,0.2982,1.42,42039,,0.1695,True,,2026-01-22T09:51:07.921172
sphinx-doc__sphinx-8282,0,debugging,1769075466.5862725,1769075467.4199536,0.8337,1382,1,0.2599,1.74,42039,,0.0547,True,,2026-01-22T09:51:07.970085
sympy__sympy-15609,0,debugging,1769075466.777617,1769075467.5149112,0.7373,1137,1,0.6849,19.08,42039,,0.058,True,,2026-01-22T09:51:07.973292
sympy__sympy-19007,0,coding,1769075430.0366435,1769075467.6024194,37.5658,652,403,1.0929,11.05,42039,,2.5397,,,2026-01-22T09:51:07.970222
scikit-learn__scikit-learn-13496,0,coding,1769075377.7427778,1769075467.8528607,90.1101,796,879,1.3977,9.91,42039,,0.134,,,2026-01-22T09:51:08.067407
sympy__sympy-14317,0,debugging,1769075467.924983,1769075468.3966467,0.4717,1259,1,0.2494,4.5,42039,,0.5456,True,,2026-01-22T09:51:08.444225
sympy__sympy-11870,0,coding,1769075423.964102,1769075468.392297,44.4282,793,480,1.7085,11.24,42039,,0.7601,,,2026-01-22T09:51:08.461862
scikit-learn__scikit-learn-25570,0,coding,1769075407.3869174,1769075468.3888288,61.0019,2237,596,4.7423,10.59,42039,,0.1442,,,2026-01-22T09:51:08.465407
sympy__sympy-19007,0,debugging,1769075467.9755766,1769075468.5126436,0.5371,1079,1,0.4243,8.87,42039,,0.3732,True,,2026-01-22T09:51:08.576843
scikit-learn__scikit-learn-13496,0,debugging,1769075468.068588,1769075468.5360012,0.4674,1699,1,0.4401,36.56,42039,,0.2157,True,,2026-01-22T09:51:08.619342
sympy__sympy-11870,0,debugging,1769075468.4623816,1769075468.9475477,0.4852,1297,1,0.2647,4.54,42039,,0.0701,True,,2026-01-22T09:51:09.027921
sympy__sympy-13043,0,coding,1769075407.181656,1769075469.071269,61.8896,569,612,2.6766,10.34,42039,,3.1088,,,2026-01-22T09:51:09.210115
sympy__sympy-16106,0,coding,1769075430.8782024,1769075469.1141396,38.2359,1153,420,1.2045,11.34,42039,,1.6659,,,2026-01-22T09:51:09.216576
sympy__sympy-12419,0,coding,1769075411.9892812,1769075469.158255,57.169,885,593,1.7216,10.69,42039,,0.1075,,,2026-01-22T09:51:09.266132
sympy__sympy-13043,0,debugging,1769075469.215551,1769075469.672687,0.4571,1206,1,0.2533,4.91,42039,,0.1443,True,,2026-01-22T09:51:09.812968
sympy__sympy-16106,0,debugging,1769075469.218469,1769075469.749232,0.5308,1597,1,0.4374,10.71,42039,,0.1043,True,,2026-01-22T09:51:09.874587
sympy__sympy-18087,0,coding,1769075437.0263555,1769075469.762684,32.7363,694,386,0.475,11.96,42039,,1.2754,,,2026-01-22T09:51:09.913922
sympy__sympy-12419,0,debugging,1769075469.2667508,1769075469.785629,0.5189,1502,1,0.4761,23.4,42039,,0.1085,True,,2026-01-22T09:51:09.923768
sympy__sympy-18087,0,debugging,1769075469.916105,1769075470.1590695,0.243,1104,1,0.2209,45.3,42039,,0.1534,True,,2026-01-22T09:51:10.296115
sympy__sympy-14396,0,coding,1769075419.0355709,1769075470.9272418,51.8917,1092,562,0.6706,10.97,42039,,2.7363,,,2026-01-22T09:51:11.032153
sympy__sympy-23117,0,coding,1769075438.3267577,1769075471.100888,32.7741,917,399,2.0667,12.99,42039,,0.0414,,,2026-01-22T09:51:11.194096
sympy__sympy-17139,0,coding,1769075430.9032788,1769075471.1568086,40.2535,1216,452,1.6331,11.7,42039,,1.1222,,,2026-01-22T09:51:11.240685
sympy__sympy-14396,0,debugging,1769075471.0329149,1769075471.5296156,0.4967,1678,1,0.2767,4.54,42039,,0.1057,True,,2026-01-22T09:51:11.587795
sympy__sympy-23117,0,debugging,1769075471.194632,1769075471.6570425,0.4624,1340,1,0.3405,8.21,42039,,0.0937,True,,2026-01-22T09:51:11.752119
sympy__sympy-17139,0,debugging,1769075471.241207,1769075471.6950865,0.4539,1692,1,0.3941,16.73,42039,,0.0844,True,,2026-01-22T09:51:11.762075
sympy__sympy-18621,0,coding,1769075431.0161703,1769075471.706212,40.69,1183,453,2.2216,11.78,42039,,0.3834,,,2026-01-22T09:51:11.808637
sympy__sympy-18621,0,debugging,1769075471.809253,1769075472.14546,0.3362,1660,1,0.2737,16.01,42039,,0.103,True,,2026-01-22T09:51:12.252590
sympy__sympy-13773,0,coding,1769075418.9104278,1769075472.1519165,53.2415,771,578,0.8162,11.03,42039,,2.5322,,,2026-01-22T09:51:12.260275
scikit-learn__scikit-learn-25570,0,debugging,1769075468.4659061,1769075472.3883955,3.9225,2857,52,0.5334,15.34,42039,,0.0771,True,,2026-01-22T09:51:12.443513
sympy__sympy-13773,0,debugging,1769075472.261768,1769075472.5819452,0.3202,1373,1,0.265,18.12,42039,,0.1099,True,,2026-01-22T09:51:12.684294
sympy__sympy-21171,0,coding,1769075431.9473822,1769075472.6964073,40.749,2604,462,3.1395,12.28,42039,,0.0674,,,2026-01-22T09:51:12.814955
sympy__sympy-21171,0,debugging,1769075472.816381,1769075473.2648318,0.4485,3090,1,0.4056,23.34,42039,,0.12,True,,2026-01-22T09:51:13.378645
sympy__sympy-13480,0,coding,1769075430.8777134,1769075473.3040557,42.4263,801,482,1.4093,11.75,42039,,2.8624,,,2026-01-22T09:51:13.425574
scikit-learn__scikit-learn-14983,0,coding,1769075407.0006137,1769075473.446903,66.4463,1056,680,2.5862,10.65,42039,,3.7441,,,2026-01-22T09:51:13.556592
sympy__sympy-13480,0,debugging,1769075473.4262855,1769075473.8371425,0.4109,1307,1,0.2367,5.74,42039,,0.1222,True,,2026-01-22T09:51:13.956280
scikit-learn__scikit-learn-14983,0,debugging,1769075473.5572283,1769075473.9016726,0.3444,1760,1,0.2876,17.59,42039,,0.1103,True,,2026-01-22T09:51:14.010518
sympy__sympy-19487,0,coding,1769075439.48427,1769075474.1390634,34.6548,747,441,1.116,13.15,42039,,0.0615,,,2026-01-22T09:51:14.239631
sympy__sympy-19487,0,debugging,1769075474.2403173,1769075474.53519,0.2949,1212,1,0.2364,17.11,42039,,0.1013,True,,2026-01-22T09:51:14.634605
sphinx-doc__sphinx-8474,0,coding,1769075407.3567762,1769075474.8122022,67.4554,730,693,4.5527,11.02,42039,,0.5281,,,2026-01-22T09:51:14.905666
sympy__sympy-13915,0,coding,1769075431.025094,1769075474.8469348,43.8218,913,504,2.4143,12.17,42039,,0.4469,,,2026-01-22T09:51:14.954627
sympy__sympy-16503,0,coding,1769075431.0032556,1769075474.9396672,43.9364,694,509,1.7314,12.06,42039,,1.11,,,2026-01-22T09:51:15.021134
sphinx-doc__sphinx-8474,0,debugging,1769075474.9063394,1769075475.295319,0.389,1447,1,0.1968,5.2,42039,,0.0941,True,,2026-01-22T09:51:15.373343
sympy__sympy-13915,0,debugging,1769075474.9553268,1769075475.3925676,0.4372,1441,1,0.351,11.59,42039,,0.1084,True,,2026-01-22T09:51:15.464012
sympy__sympy-16503,0,debugging,1769075475.0216792,1769075475.4514625,0.4298,1227,1,0.356,13.55,42039,,0.082,True,,2026-01-22T09:51:15.546755
sympy__sympy-24152,0,coding,1769075444.9649248,1769075476.4779096,31.513,1032,406,1.948,13.73,42039,,2.6469,,,2026-01-22T09:51:16.572268
sympy__sympy-12481,0,coding,1769075406.2933884,1769075476.6075435,70.3142,538,740,2.4566,10.91,42039,,3.9278,,,2026-01-22T09:51:16.656153
sympy__sympy-24152,0,debugging,1769075476.5729065,1769075476.9320617,0.3592,1462,1,0.1948,6.08,42039,,0.095,True,,2026-01-22T09:51:17.040879
sympy__sympy-12481,0,debugging,1769075476.6567225,1769075476.9831712,0.3264,1302,1,0.2551,14.02,42039,,0.0492,True,,2026-01-22T09:51:17.073823
matplotlib__matplotlib-23563,0,coding,1769075373.0165415,1769075477.1175191,104.101,2169,1039,1.8979,10.17,42039,,1.8383,,,2026-01-22T09:51:17.213392
sympy__sympy-22714,0,coding,1769075444.2596295,1769075477.1340015,32.8744,1025,425,0.9906,13.33,42039,,2.3972,,,2026-01-22T09:51:17.258877
sympy__sympy-22714,0,debugging,1769075477.259385,1769075477.8133764,0.554,1474,1,0.5029,19.58,42039,,0.1254,True,,2026-01-22T09:51:17.937901
sympy__sympy-23262,0,coding,1769075450.6244028,1769075478.0925944,27.4682,859,379,0.4823,14.04,42039,,1.1759,,,2026-01-22T09:51:18.199379
sympy__sympy-23262,0,debugging,1769075478.1999528,1769075478.4742153,0.2743,1262,1,0.2172,17.52,42039,,0.1074,True,,2026-01-22T09:51:18.589055
sympy__sympy-21614,0,coding,1769075450.6366222,1769075479.4406047,28.804,771,407,0.7027,14.48,42039,,1.079,,,2026-01-22T09:51:19.550420
sympy__sympy-21614,0,debugging,1769075479.5511694,1769075479.7755184,0.2243,1202,1,0.1746,20.09,42039,,0.1106,True,,2026-01-22T09:51:19.894309
matplotlib__matplotlib-23563,0,debugging,1769075477.2141054,1769075479.9236503,2.7095,3232,46,0.4796,20.63,42039,,0.0966,True,,2026-01-22T09:51:20.022643
sympy__sympy-18189,0,coding,1769075425.0291123,1769075479.960834,54.9317,813,667,2.3259,12.68,42039,,0.1265,,,2026-01-22T09:51:20.100895
sympy__sympy-18189,0,debugging,1769075480.1016345,1769075480.3592582,0.2576,1504,1,0.2092,20.67,42039,,0.1408,True,,2026-01-22T09:51:20.477336
sympy__sympy-20442,0,coding,1769075444.4993494,1769075480.723538,36.2242,792,492,0.9752,13.96,42039,,1.832,,,2026-01-22T09:51:20.769686
sympy__sympy-24909,0,coding,1769075455.1365921,1769075481.0162213,25.8796,823,377,1.0781,15.2,42039,,0.3548,,,2026-01-22T09:51:21.068578
sympy__sympy-20442,0,debugging,1769075480.7702222,1769075481.0173478,0.2471,1308,1,0.1876,16.8,42039,,0.0467,True,,2026-01-22T09:51:21.112214
scikit-learn__scikit-learn-10297,0,coding,1769075377.488096,1769075481.1459317,103.6578,899,1100,1.436,10.76,42039,,0.1119,,,2026-01-22T09:51:21.183302
sympy__sympy-24909,0,debugging,1769075481.069094,1769075481.4481254,0.379,1224,1,0.1757,4.92,42039,,0.0529,True,,2026-01-22T09:51:21.553741
scikit-learn__scikit-learn-10297,0,debugging,1769075481.1838515,1769075481.5413315,0.3575,2023,1,0.313,22.49,42039,,0.0379,True,,2026-01-22T09:51:21.636737
sympy__sympy-21612,0,coding,1769075432.1671886,1769075481.5810695,49.4139,752,619,2.9361,13.32,42039,,0.0725,,,2026-01-22T09:51:21.680374
pydata__xarray-3364,0,coding,1769075360.5837345,1769075481.7949705,121.2112,664,1226,2.2603,10.31,42039,,1.2676,,,2026-01-22T09:51:21.829710
sympy__sympy-24066,0,coding,1769075454.8119326,1769075481.928143,27.1162,756,395,0.5588,14.87,42039,,2.3878,,,2026-01-22T09:51:22.027882
sympy__sympy-21612,0,debugging,1769075481.6811292,1769075482.0916543,0.4105,1395,1,0.2263,5.43,42039,,0.1001,True,,2026-01-22T09:51:22.200394
sympy__sympy-14308,0,coding,1769075410.1987052,1769075482.2876022,72.0889,631,814,3.2718,11.83,42039,,0.105,,,2026-01-22T09:51:22.370522
sympy__sympy-24066,0,debugging,1769075482.028487,1769075482.2786841,0.2502,1175,1,0.1866,15.72,42039,,0.1003,True,,2026-01-22T09:51:22.378426
sympy__sympy-20322,0,coding,1769075455.8896644,1769075482.5978658,26.7082,1010,398,0.5628,15.22,42039,,0.0521,,,2026-01-22T09:51:22.720767
sympy__sympy-14308,0,debugging,1769075482.3718944,1769075482.6130319,0.2411,1469,1,0.1957,22.01,42039,,0.0843,True,,2026-01-22T09:51:22.724341
sympy__sympy-20322,0,debugging,1769075482.7214057,1769075482.9729383,0.2515,1432,1,0.1966,18.2,42039,,0.1235,True,,2026-01-22T09:51:23.066416
sympy__sympy-19254,0,coding,1769075450.8550053,1769075484.4132886,33.5583,861,498,1.0893,15.34,42039,,0.0968,,,2026-01-22T09:51:24.531834
sphinx-doc__sphinx-8713,0,coding,1769075407.1828253,1769075484.4991174,77.3163,913,883,2.6217,11.82,42039,,4.4154,,,2026-01-22T09:51:24.626820
sphinx-doc__sphinx-8273,0,coding,1769075407.1630867,1769075484.6151717,77.4521,794,888,2.1324,11.79,42039,,2.8736,,,2026-01-22T09:51:24.690527
sympy__sympy-19254,0,debugging,1769075484.5339434,1769075484.9260964,0.3922,1383,1,0.2069,5.4,42039,,0.1207,True,,2026-01-22T09:51:24.968477
sympy__sympy-20049,0,coding,1769075437.6410775,1769075485.1288536,47.4878,1021,651,0.8481,13.96,42039,,0.4877,,,2026-01-22T09:51:25.169191
sphinx-doc__sphinx-8713,0,debugging,1769075484.627755,1769075485.0802765,0.4525,1820,1,0.3028,6.68,42039,,0.1286,True,,2026-01-22T09:51:25.182373
sphinx-doc__sphinx-8273,0,debugging,1769075484.6911557,1769075485.129066,0.4379,1706,1,0.3833,18.32,42039,,0.076,True,,2026-01-22T09:51:25.216818
sympy__sympy-20049,0,debugging,1769075485.1697936,1769075485.4296858,0.2599,1696,1,0.2212,25.87,42039,,0.0409,True,,2026-01-22T09:51:25.540705
sympy__sympy-21847,0,coding,1769075444.6024556,1769075486.0799928,41.4775,877,592,0.6696,14.51,42039,,2.5399,,,2026-01-22T09:51:26.167538
sympy__sympy-15678,0,coding,1769075430.8835971,1769075486.0896332,55.206,819,718,1.1906,13.29,42039,,2.4786,,,2026-01-22T09:51:26.172071
sympy__sympy-21847,0,debugging,1769075486.168382,1769075486.5199375,0.3516,1493,1,0.2241,7.85,42039,,0.0884,True,,2026-01-22T09:51:26.578884
sympy__sympy-21055,0,coding,1769075435.4149964,1769075486.527899,51.1129,760,708,0.302,13.93,42039,,0.0692,,,2026-01-22T09:51:26.647104
sympy__sympy-15678,0,debugging,1769075486.1728215,1769075486.562675,0.3899,1561,1,0.3607,34.24,42039,,0.0832,True,,2026-01-22T09:51:26.657425
sympy__sympy-15308,0,coding,1769075431.0031967,1769075486.7249472,55.7218,666,724,1.9311,13.46,42039,,1.4451,,,2026-01-22T09:51:26.803181
sympy__sympy-21055,0,debugging,1769075486.6485405,1769075486.9972427,0.3487,1492,1,0.2084,7.13,42039,,0.1206,True,,2026-01-22T09:51:27.087852
sympy__sympy-15308,0,debugging,1769075486.8037362,1769075487.0389845,0.2352,1414,1,0.1956,25.25,42039,,0.0788,True,,2026-01-22T09:51:27.122084
sympy__sympy-18057,0,coding,1769075437.4483593,1769075488.3597305,50.9114,1112,722,0.7568,14.4,42039,,1.3335,,,2026-01-22T09:51:28.443136
sympy__sympy-18057,0,debugging,1769075488.4438715,1769075488.710532,0.2667,1858,1,0.2153,19.45,42039,,0.0841,True,,2026-01-22T09:51:28.795129
pydata__xarray-3364,0,debugging,1769075481.8302486,1769075489.086353,7.2561,1914,144,0.2595,20.58,42039,,0.0353,True,,2026-01-22T09:51:29.169221
sympy__sympy-18698,0,coding,1769075444.8092782,1769075489.9705446,45.1613,819,672,2.3214,15.69,42039,,2.5698,,,2026-01-22T09:51:30.019548
sympy__sympy-18698,0,debugging,1769075490.0202627,1769075490.2669554,0.2467,1515,1,0.1979,20.48,42039,,0.0497,True,,2026-01-22T09:51:30.312083
sympy__sympy-24102,0,coding,1769075445.1005144,1769075490.6686091,45.5681,951,685,2.6928,15.98,42039,,0.2111,,,2026-01-22T09:51:30.752418
sympy__sympy-24102,0,debugging,1769075490.7529914,1769075491.008628,0.2556,1660,1,0.2189,27.25,42039,,0.0844,True,,2026-01-22T09:51:31.058466
sympy__sympy-11897,0,coding,1769075420.3327591,1769075491.089324,70.7566,852,936,0.9928,13.42,42039,,0.1053,,,2026-01-22T09:51:31.166889
sympy__sympy-11897,0,debugging,1769075491.1674294,1769075491.4249544,0.2575,1812,1,0.2164,24.29,42039,,0.0781,True,,2026-01-22T09:51:31.514372
sympy__sympy-15346,0,coding,1769075433.2771285,1769075491.7968452,58.5197,1073,832,2.2739,14.79,42039,,0.0562,,,2026-01-22T09:51:31.905824
sympy__sympy-15346,0,debugging,1769075491.9064415,1769075492.1424468,0.236,1929,1,0.1938,23.71,42039,,0.1096,True,,2026-01-22T09:51:32.195731
sympy__sympy-17022,0,coding,1769075445.090418,1769075492.1833055,47.0929,965,717,2.448,16.06,42039,,1.5369,,,2026-01-22T09:51:32.299807
sympy__sympy-16792,0,coding,1769075437.6403315,1769075492.2502046,54.6099,1100,810,0.8099,15.06,42039,,0.8893,,,2026-01-22T09:51:32.304049
sympy__sympy-22005,0,coding,1769075460.22466,1769075492.2906249,32.066,1254,551,0.7803,17.61,42039,,0.6443,,,2026-01-22T09:51:32.383819
sympy__sympy-17022,0,debugging,1769075492.300698,1769075492.7035787,0.4029,1706,1,0.2208,5.49,42039,,0.1174,True,,2026-01-22T09:51:32.758834
sympy__sympy-16792,0,debugging,1769075492.3047726,1769075492.8424716,0.5377,1934,1,0.3942,6.97,42039,,0.0546,True,,2026-01-22T09:51:32.886289
sympy__sympy-22005,0,debugging,1769075492.38432,1769075492.87491,0.4906,1829,1,0.4519,25.86,42039,,0.0937,True,,2026-01-22T09:51:32.954387
sympy__sympy-24213,0,coding,1769075447.4609573,1769075493.1555877,45.6946,810,731,0.6276,16.22,42039,,0.0894,,,2026-01-22T09:51:33.198127
sympy__sympy-16281,0,coding,1769075430.8893151,1769075493.1851985,62.2959,1138,871,1.4063,14.3,42039,,1.3476,,,2026-01-22T09:51:33.254761
sympy__sympy-16281,0,debugging,1769075493.2555292,1769075493.6058311,0.3503,2033,1,0.3145,27.95,42039,,0.0703,True,,2026-01-22T09:51:33.646284
sympy__sympy-24213,0,debugging,1769075493.198635,1769075493.563432,0.3648,1565,1,0.1944,5.87,42039,,0.043,True,,2026-01-22T09:51:33.660764
sympy__sympy-15011,0,coding,1769075430.8959002,1769075495.1912284,64.2953,807,922,1.6213,14.71,42039,,2.5918,,,2026-01-22T09:51:35.272499
sympy__sympy-15011,0,debugging,1769075495.2731175,1769075495.5059626,0.2328,1753,1,0.193,25.07,42039,,0.0819,True,,2026-01-22T09:51:35.589979
sympy__sympy-21379,0,coding,1769075450.641615,1769075496.250166,45.6086,1133,763,1.1008,17.14,42039,,1.1342,,,2026-01-22T09:51:36.327156
sympy__sympy-21379,0,debugging,1769075496.3277473,1769075496.581854,0.2541,1920,1,0.2105,22.91,42039,,0.0776,True,,2026-01-22T09:51:36.663874
sympy__sympy-13647,0,coding,1769075419.3370152,1769075496.9510536,77.614,1218,1080,0.9137,14.08,42039,,2.0022,,,2026-01-22T09:51:37.020578
sympy__sympy-13647,0,debugging,1769075497.021163,1769075497.3359106,0.3147,2322,1,0.28,28.8,42039,,0.0701,True,,2026-01-22T09:51:37.416151
sympy__sympy-20639,0,coding,1769075450.2343192,1769075498.5698974,48.3356,790,829,0.7091,17.41,42039,,1.7984,,,2026-01-22T09:51:38.648603
sympy__sympy-20639,0,debugging,1769075498.6491823,1769075498.8708134,0.2216,1643,1,0.1882,29.88,42039,,0.0793,True,,2026-01-22T09:51:38.950779
pytest-dev__pytest-5692,0,coding,1769075372.8848248,1769075500.383551,127.4987,876,1559,1.5769,12.38,42039,,1.357,,,2026-01-22T09:51:40.466765
sympy__sympy-13895,0,coding,1769075437.4477453,1769075501.1657877,63.718,958,1044,0.604,16.54,42039,,0.7941,,,2026-01-22T09:51:41.230130
sympy__sympy-13895,0,debugging,1769075501.2308645,1769075501.4759412,0.2451,2026,1,0.2118,30.09,42039,,0.0651,True,,2026-01-22T09:51:41.569362
pytest-dev__pytest-5692,0,debugging,1769075500.4675088,1769075503.50563,3.0381,2460,84,0.2766,30.42,42039,,0.084,True,,2026-01-22T09:51:43.609361
sympy__sympy-14817,0,coding,1769075453.08801,1769075505.9463677,52.8584,1355,1008,1.3828,19.58,42039,,1.0152,,,2026-01-22T09:51:46.008830
sympy__sympy-14817,0,debugging,1769075506.0098033,1769075506.3115284,0.3017,2387,1,0.2634,26.11,42039,,0.0634,True,,2026-01-22T09:51:46.399199
sympy__sympy-21627,0,coding,1769075445.0102427,1769075508.680432,63.6702,669,1188,1.9331,19.24,42039,,1.6923,,,2026-01-22T09:51:48.742052
sympy__sympy-21627,0,debugging,1769075508.7427173,1769075508.9561815,0.2135,1881,1,0.174,25.34,42039,,0.0623,True,,2026-01-22T09:51:49.039088
sympy__sympy-20212,0,coding,1769075433.7318635,1769075510.1291065,76.3972,652,1350,1.8391,18.11,42039,,0.106,,,2026-01-22T09:51:50.189299
sympy__sympy-23191,0,coding,1769075450.6358109,1769075512.3539226,61.7181,1305,1246,0.9328,20.5,42039,,0.9932,,,2026-01-22T09:51:52.412483
sympy__sympy-20212,0,debugging,1769075510.190913,1769075512.4295316,2.2386,2026,67,0.2028,32.91,42039,,0.0618,True,,2026-01-22T09:51:52.526140
sympy__sympy-23191,0,debugging,1769075512.4131904,1769075512.7266471,0.3135,2575,1,0.2805,30.37,42039,,0.0593,True,,2026-01-22T09:51:52.809205
scikit-learn__scikit-learn-10949,0,coding,1769075373.1135008,1769075515.6807094,142.5672,932,2026,2.5351,14.47,42039,,0.3979,,,2026-01-22T09:51:55.765020
scikit-learn__scikit-learn-10949,0,debugging,1769075515.7658536,1769075516.0985847,0.3327,2982,1,0.3035,34.26,42039,,0.0851,True,,2026-01-22T09:51:56.179742
psf__requests-2674,0,coding,1769075363.015969,1769075561.3641143,198.3481,643,3594,1.1865,18.23,42039,,3.9408,,,2026-01-22T09:52:41.433344
psf__requests-2674,0,debugging,1769075561.435035,1769075564.104806,2.6698,4262,69,0.4325,30.84,42039,,0.0709,False,,2026-01-22T09:52:44.190798
psf__requests-2674,1,planning,1769075564.1917462,1769075579.1532688,14.9615,253,475,0.0766,31.91,42039,,,,,2026-01-22T09:52:59.257798
psf__requests-2674,1,coding,1769075579.2591002,1769075590.8213382,11.5622,616,358,0.1014,31.24,42039,,0.1058,,,2026-01-22T09:53:10.893538
psf__requests-2674,1,debugging,1769075590.8947337,1769075591.0666523,0.1719,998,1,0.1337,26.17,42039,,0.0734,True,,2026-01-22T09:53:11.124065
astropy__astropy-14182,0,coding,1769075249.5130954,1769075617.8370674,368.324,1065,7117,0.1669,19.33,42039,,0.0997,,,2026-01-22T09:53:37.914959
django__django-13925,0,coding,1769075301.9005845,1769075638.313952,336.4134,1505,6677,0.5878,19.88,42039,,1.3385,,,2026-01-22T09:53:58.412319
scikit-learn__scikit-learn-25747,0,coding,1769075398.0412056,1769075645.1469924,247.1058,2241,5941,0.6018,24.1,42039,,0.1213,,,2026-01-22T09:54:05.209843
sympy__sympy-22840,0,coding,1769075444.9877892,1769075655.9787495,210.991,2322,5860,1.5546,27.98,42039,,2.7978,,,2026-01-22T09:54:16.043821
django__django-15738,0,coding,1769075324.1481898,1769075660.680604,336.5324,1031,7141,0.9476,21.28,42039,,2.2354,,,2026-01-22T09:54:20.749735
pytest-dev__pytest-7220,0,coding,1769075372.861458,1769075671.8805482,299.0191,1119,7063,0.4421,23.66,42039,,3.0485,,,2026-01-22T09:54:31.955691
matplotlib__matplotlib-25498,0,coding,1769075363.0062537,1769075672.3068628,309.3006,1012,7170,0.8008,23.24,42039,,3.2532,,,2026-01-22T09:54:32.375317
sphinx-doc__sphinx-10325,0,coding,1769075404.947211,1769075686.4462073,281.499,787,7395,1.6909,26.43,42039,,5.539,,,2026-01-22T09:54:46.510695
