task_id,iteration,agent,start_time,end_time,latency,input_tokens,output_tokens,first_token_latency,decode_speed_tps,gpu_memory_mb,kv_cache_usage_pct,transition_time,success,error_msg,timestamp
astropy__astropy-14182,0,planning,1769074700.762573,1769074711.5103722,10.7478,575,436,0.075,40.85,42039,,,,,2026-01-22T09:38:31.575362
astropy__astropy-14365,0,planning,1769074701.764843,1769074712.6568184,10.892,511,437,0.0673,40.37,42039,,,,,2026-01-22T09:38:32.718192
astropy__astropy-12907,0,planning,1769074699.7634764,1769074713.6058428,13.8424,388,559,0.0523,40.54,42039,,,,,2026-01-22T09:38:33.666056
astropy__astropy-6938,0,planning,1769074703.7625418,1769074714.3258724,10.5633,184,415,0.0667,39.54,42039,,,,,2026-01-22T09:38:34.437554
astropy__astropy-14995,0,planning,1769074702.7642467,1769074715.2637208,12.4995,804,491,0.0934,39.58,42039,,,,,2026-01-22T09:38:35.311092
astropy__astropy-7746,0,planning,1769074704.761841,1769074718.9949071,14.2331,635,539,0.0952,38.12,42039,,,,,2026-01-22T09:38:39.108325
django__django-10914,0,planning,1769074705.762335,1769074719.1060553,13.3437,273,503,0.0615,37.87,42039,,,,,2026-01-22T09:38:39.167115
astropy__astropy-6938,0,coding,1769074714.4381492,1769074720.8143573,6.3762,564,220,0.0906,35.0,42039,,0.1123,,,2026-01-22T09:38:40.905685
astropy__astropy-6938,0,debugging,1769074720.9064662,1769074721.062738,0.1563,808,1,0.1291,36.74,42039,,0.0921,True,,2026-01-22T09:38:41.177774
django__django-10924,0,planning,1769074706.7652512,1769074721.1461463,14.3809,233,529,0.0548,36.93,42039,,,,,2026-01-22T09:38:41.261190
astropy__astropy-14365,0,coding,1769074712.718779,1769074722.4700239,9.7512,913,338,0.1175,35.09,42039,,0.062,,,2026-01-22T09:38:42.558744
astropy__astropy-14365,0,debugging,1769074722.5593476,1769074722.7504482,0.1911,1275,1,0.164,36.9,42039,,0.0893,True,,2026-01-22T09:38:42.791640
django__django-11001,0,planning,1769074707.765725,1769074723.47844,15.7127,571,565,0.0735,36.13,42039,,,,,2026-01-22T09:38:43.523831
django__django-11039,0,planning,1769074709.7624722,1769074723.9603088,14.1978,248,499,0.071,35.32,42039,,,,,2026-01-22T09:38:44.069146
django__django-11099,0,planning,1769074711.768659,1769074724.6235144,12.8549,229,444,0.0552,34.69,42039,,,,,2026-01-22T09:38:44.716270
django__django-11019,0,planning,1769074708.7623808,1769074725.1470892,16.3847,456,578,0.0737,35.44,42039,,,,,2026-01-22T09:38:45.208907
django__django-11133,0,planning,1769074712.762309,1769074727.687487,14.9252,246,506,0.1038,34.14,42039,,,,,2026-01-22T09:38:47.805757
django__django-11179,0,planning,1769074713.7632976,1769074728.448702,14.6854,126,495,0.0528,33.83,42039,,,,,2026-01-22T09:38:48.546376
django__django-11283,0,planning,1769074714.7663672,1769074728.6874487,13.9211,328,464,0.0561,33.47,42039,,,,,2026-01-22T09:38:48.803897
django__django-11049,0,planning,1769074710.7619584,1769074729.180163,18.4182,227,626,0.0481,34.08,42039,,,,,2026-01-22T09:38:49.245247
astropy__astropy-7746,0,coding,1769074719.1092582,1769074729.1825209,10.0733,1139,321,0.1488,32.34,42039,,0.1144,,,2026-01-22T09:38:49.248923
astropy__astropy-7746,0,debugging,1769074729.2590687,1769074729.5408492,0.2818,1484,1,0.2458,27.81,42039,,0.0765,True,,2026-01-22T09:38:49.663942
django__django-11422,0,planning,1769074715.7626138,1769074731.772493,16.0099,260,513,0.2513,32.55,42039,,,,,2026-01-22T09:38:51.836874
django__django-11099,0,coding,1769074724.716846,1769074733.3863223,8.6695,640,269,0.1042,31.41,42039,,0.0933,,,2026-01-22T09:38:53.488613
django__django-11099,0,debugging,1769074733.4891934,1769074733.6601532,0.171,933,1,0.1288,23.73,42039,,0.1029,True,,2026-01-22T09:38:53.768925
astropy__astropy-14182,0,coding,1769074711.5759757,1769074734.8079624,23.232,976,768,0.1144,33.22,42039,,0.0656,,,2026-01-22T09:38:54.890491
astropy__astropy-14182,0,debugging,1769074734.9130342,1769074735.1558304,0.2428,1768,1,0.2004,23.58,42039,,0.1051,True,,2026-01-22T09:38:55.260221
django__django-11564,0,planning,1769074716.7725317,1769074735.278883,18.5064,275,588,0.0551,31.87,42039,,,,,2026-01-22T09:38:55.383166
django__django-10914,0,coding,1769074719.1676514,1769074735.6117887,16.4441,743,514,0.1502,31.55,42039,,0.0616,,,2026-01-22T09:38:55.702671
django__django-10914,0,debugging,1769074735.703989,1769074735.922554,0.2186,1281,1,0.1619,17.66,42039,,0.0922,True,,2026-01-22T09:38:56.028705
django__django-11001,0,coding,1769074723.5320885,1769074736.0093496,12.4773,1103,380,0.1287,30.77,42039,,0.0536,,,2026-01-22T09:38:56.119892
django__django-11001,0,debugging,1769074736.1204894,1769074736.3624947,0.242,1507,1,0.2023,25.18,42039,,0.1111,True,,2026-01-22T09:38:56.402267
astropy__astropy-12907,0,coding,1769074713.6668,1769074736.7599027,23.0931,912,740,0.1174,32.21,42039,,0.061,,,2026-01-22T09:38:56.867267
astropy__astropy-12907,0,debugging,1769074736.8678863,1769074737.0914268,0.2235,1676,1,0.1875,27.72,42039,,0.108,True,,2026-01-22T09:38:57.205638
django__django-11179,0,coding,1769074728.547136,1769074737.1875813,8.6404,588,248,0.1043,29.05,42039,,0.0984,,,2026-01-22T09:38:57.290716
django__django-11179,0,debugging,1769074737.2913027,1769074737.4530902,0.1618,860,1,0.1322,33.84,42039,,0.1037,True,,2026-01-22T09:38:57.547693
django__django-11630,0,planning,1769074719.7625523,1769074738.682842,18.9203,217,583,0.0639,30.92,42039,,,,,2026-01-22T09:38:58.785868
django__django-11620,0,planning,1769074718.765048,1769074738.811553,20.0465,246,618,0.0867,30.96,42039,,,,,2026-01-22T09:38:58.886845
django__django-11797,0,planning,1769074721.7618926,1769074739.240524,17.4786,284,528,0.0822,30.35,42039,,,,,2026-01-22T09:38:59.334016
astropy__astropy-14995,0,coding,1769074715.311757,1769074739.5647092,24.253,1260,758,0.1176,31.41,42039,,0.048,,,2026-01-22T09:38:59.634563
django__django-11039,0,coding,1769074724.0705466,1769074739.6905675,15.62,714,467,0.0913,30.07,42039,,0.1102,,,2026-01-22T09:38:59.745384
django__django-11039,0,debugging,1769074739.7459419,1769074740.014132,0.2682,1205,1,0.2434,40.27,42039,,0.0554,True,,2026-01-22T09:39:00.098257
django__django-11905,0,planning,1769074724.7689013,1769074740.1470766,15.3782,157,450,0.0844,29.42,42039,,,,,2026-01-22T09:39:00.190409
django__django-11583,0,planning,1769074717.762046,1769074740.8188043,23.0568,1415,701,0.1633,30.62,42039,,,,,2026-01-22T09:39:00.910238
django__django-11019,0,coding,1769074725.2094893,1769074742.4497356,17.2402,1001,504,0.1256,29.45,42039,,0.0624,,,2026-01-22T09:39:02.563915
astropy__astropy-14995,0,debugging,1769074739.6352196,1769074742.5515943,2.9164,2042,76,0.3407,29.51,42039,,0.0705,True,,2026-01-22T09:39:02.651479
django__django-11019,0,debugging,1769074742.5785341,1769074742.814786,0.2363,1529,1,0.2049,31.9,42039,,0.1288,True,,2026-01-22T09:39:02.861419
django__django-11742,0,planning,1769074720.7624502,1769074743.6066358,22.8442,128,681,0.0782,29.91,42039,,,,,2026-01-22T09:39:03.708724
django__django-11848,0,planning,1769074723.762008,1769074744.3577237,20.5957,222,607,0.0717,29.58,42039,,,,,2026-01-22T09:39:04.434439
django__django-11422,0,coding,1769074731.8374639,1769074745.2827227,13.4453,740,380,0.1071,28.49,42039,,0.065,,,2026-01-22T09:39:05.386153
django__django-11422,0,debugging,1769074745.386878,1769074745.6142495,0.2274,1144,1,0.191,27.47,42039,,0.1042,True,,2026-01-22T09:39:05.719341
django__django-11815,0,planning,1769074722.7625725,1769074746.0043285,23.2418,418,685,0.0821,29.58,42039,,,,,2026-01-22T09:39:06.116860
django__django-11999,0,planning,1769074727.7625346,1769074748.1344378,20.3719,206,581,0.0734,28.62,42039,,,,,2026-01-22T09:39:08.239736
django__django-11133,0,coding,1769074727.8062892,1769074748.2523382,20.446,719,584,0.1034,28.71,42039,,0.1188,,,2026-01-22T09:39:08.341944
django__django-12113,0,planning,1769074728.776733,1769074748.5284371,19.7517,1282,557,0.168,28.44,42039,,,,,2026-01-22T09:39:08.635772
django__django-11133,0,debugging,1769074748.3425763,1769074748.5504065,0.2078,1327,1,0.17,26.46,42039,,0.0902,True,,2026-01-22T09:39:08.659974
django__django-12125,0,planning,1769074729.7619114,1769074749.1488528,19.3869,424,549,0.0886,28.45,42039,,,,,2026-01-22T09:39:09.223804
django__django-12284,0,planning,1769074731.7764282,1769074749.121154,17.3447,287,482,0.0821,27.92,42039,,,,,2026-01-22T09:39:09.227471
django__django-11049,0,coding,1769074729.2459722,1769074750.8846834,21.6387,820,609,0.1298,28.31,42039,,0.0658,,,2026-01-22T09:39:10.992569
django__django-12308,0,planning,1769074733.7620242,1769074751.0184665,17.2564,161,474,0.0933,27.62,42039,,,,,2026-01-22T09:39:11.097500
django__django-11049,0,debugging,1769074750.9932127,1769074751.2546082,0.2614,1453,1,0.186,13.27,42039,,0.1085,True,,2026-01-22T09:39:11.358577
django__django-11283,0,coding,1769074728.8045235,1769074751.586195,22.7817,759,636,0.207,28.17,42039,,0.1171,,,2026-01-22T09:39:11.692066
django__django-11283,0,debugging,1769074751.6926272,1769074751.9274442,0.2348,1419,1,0.1923,23.55,42039,,0.1064,True,,2026-01-22T09:39:12.040692
django__django-12184,0,planning,1769074730.7619584,1769074752.525605,21.7636,317,606,0.0934,27.96,42039,,,,,2026-01-22T09:39:12.598186
django__django-11964,0,planning,1769074726.7625437,1769074752.6921628,25.9296,564,732,0.0989,28.34,42039,,,,,2026-01-22T09:39:12.747602
django__django-11910,0,planning,1769074725.7642365,1769074753.212386,27.4481,350,775,0.0741,28.31,42039,,,,,2026-01-22T09:39:13.289622
django__django-11564,0,coding,1769074735.3838608,1769074753.7085302,18.3247,830,491,0.1613,27.03,42039,,0.105,,,2026-01-22T09:39:13.832670
django__django-11564,0,debugging,1769074753.8332984,1769074754.0626037,0.2293,1345,1,0.1866,23.43,42039,,0.1248,True,,2026-01-22T09:39:14.175067
django__django-12453,0,planning,1769074734.7785332,1769074754.397973,19.6194,658,523,0.1172,26.82,42039,,,,,2026-01-22T09:39:14.447106
django__django-12497,0,planning,1769074736.7636018,1769074754.4313176,17.6677,234,473,0.0874,26.91,42039,,,,,2026-01-22T09:39:14.544690
django__django-12700,0,planning,1769074738.7630043,1769074756.620775,17.8578,522,473,0.0971,26.63,42039,,,,,2026-01-22T09:39:16.737262
django__django-11620,0,coding,1769074738.8874679,1769074757.5032568,18.6158,831,494,0.153,26.76,42039,,0.0759,,,2026-01-22T09:39:17.617526
django__django-11620,0,debugging,1769074757.6182683,1769074757.8856454,0.2674,1349,1,0.2144,18.87,42039,,0.115,True,,2026-01-22T09:39:17.999226
django__django-12470,0,planning,1769074735.7653918,1769074757.9594214,22.194,212,591,0.1541,26.81,42039,,,,,2026-01-22T09:39:18.067016
django__django-11742,0,coding,1769074743.7093222,1769074758.1252234,14.4159,776,375,0.1462,26.28,42039,,0.1027,,,2026-01-22T09:39:18.205122
django__django-11742,0,debugging,1769074758.2057288,1769074758.4302607,0.2245,1175,1,0.1686,17.88,42039,,0.0805,True,,2026-01-22T09:39:18.476150
django__django-12908,0,planning,1769074742.7616289,1769074759.7406375,16.979,351,448,0.0911,26.53,42039,,,,,2026-01-22T09:39:19.852056
django__django-12308,0,coding,1769074751.098244,1769074760.0370533,8.9388,602,224,0.1503,25.49,42039,,0.0798,,,2026-01-22T09:39:20.122239
django__django-12308,0,debugging,1769074760.122838,1769074760.331129,0.2083,850,1,0.1737,28.88,42039,,0.0858,True,,2026-01-22T09:39:20.457528
django__django-12983,0,planning,1769074744.7674162,1769074760.5728455,15.8054,157,408,0.0806,25.95,42039,,,,,2026-01-22T09:39:20.701616
django__django-11583,0,coding,1769074740.9109397,1769074760.5854516,19.6745,2083,517,0.2675,26.64,42039,,0.0921,,,2026-01-22T09:39:20.730908
django__django-11999,0,coding,1769074748.240322,1769074760.6209118,12.3806,754,310,0.1615,25.37,42039,,0.1059,,,2026-01-22T09:39:20.731040
django__django-12286,0,planning,1769074732.774397,1769074760.9455938,28.1712,232,752,0.0784,26.77,42039,,,,,2026-01-22T09:39:21.002677
django__django-11999,0,debugging,1769074760.7326815,1769074761.1207206,0.388,1088,1,0.2083,5.56,42039,,0.1118,True,,2026-01-22T09:39:21.209086
django__django-11583,0,debugging,1769074760.7322347,1769074761.2891881,0.557,2624,1,0.5104,21.48,42039,,0.1468,True,,2026-01-22T09:39:21.378366
django__django-12589,0,planning,1769074737.761979,1769074761.9601119,24.1981,800,633,0.123,26.29,42039,,,,,2026-01-22T09:39:22.075858
django__django-12708,0,planning,1769074739.7619479,1769074763.27063,23.5087,298,614,0.2244,26.37,42039,,,,,2026-01-22T09:39:23.390025
django__django-12113,0,coding,1769074748.6365705,1769074763.4083614,14.7718,1806,369,0.2455,25.4,42039,,0.1081,,,2026-01-22T09:39:23.511539
django__django-11848,0,coding,1769074744.4353726,1769074763.4448273,19.0095,796,486,0.1286,25.74,42039,,0.0776,,,2026-01-22T09:39:23.543194
django__django-12915,0,planning,1769074743.7628746,1769074763.4782465,19.7154,280,506,0.1477,25.86,42039,,,,,2026-01-22T09:39:23.583184
django__django-11848,0,debugging,1769074763.5437546,1769074764.0186656,0.4749,1306,1,0.366,9.18,42039,,0.0989,True,,2026-01-22T09:39:24.102603
django__django-12113,0,debugging,1769074763.5122144,1769074764.0138547,0.5016,2199,1,0.3803,8.24,42039,,0.1039,True,,2026-01-22T09:39:24.141500
django__django-11815,0,coding,1769074746.117454,1769074764.806178,18.6887,1070,466,0.1897,25.19,42039,,0.1131,,,2026-01-22T09:39:24.937904
django__django-12125,0,coding,1769074749.2243948,1769074764.893136,15.6687,940,387,0.1993,25.02,42039,,0.0755,,,2026-01-22T09:39:24.977606
django__django-12125,0,debugging,1769074764.978187,1769074765.3047545,0.3266,1351,1,0.2818,22.35,42039,,0.0851,True,,2026-01-22T09:39:25.352401
django__django-11815,0,debugging,1769074764.9385252,1769074765.2762663,0.3377,1560,1,0.2054,7.55,42039,,0.1323,True,,2026-01-22T09:39:25.383750
django__django-13028,0,planning,1769074745.7769408,1769074766.3885639,20.6116,730,515,0.1298,25.14,42039,,,,,2026-01-22T09:39:26.475162
django__django-12284,0,coding,1769074749.2279952,1769074766.4900882,17.2621,736,427,0.2034,25.03,42039,,0.1068,,,2026-01-22T09:39:26.603460
django__django-11964,0,coding,1769074752.7482355,1769074767.1073086,14.3591,1263,340,0.1585,23.94,42039,,0.0561,,,2026-01-22T09:39:27.330499
django__django-12284,0,debugging,1769074766.6041825,1769074767.2089539,0.6048,1187,1,0.1925,2.43,42039,,0.1141,True,,2026-01-22T09:39:27.357102
django__django-11797,0,coding,1769074739.3346367,1769074767.0825562,27.7479,779,705,0.1339,25.53,42039,,0.0941,,,2026-01-22T09:39:27.364569
django__django-11964,0,debugging,1769074767.357152,1769074767.7020464,0.3449,1627,1,0.1957,6.7,42039,,0.2498,True,,2026-01-22T09:39:27.821014
django__django-11797,0,debugging,1769074767.365227,1769074767.7422278,0.377,1508,1,0.3426,29.08,42039,,0.2827,True,,2026-01-22T09:39:27.825408
django__django-12747,0,planning,1769074740.7635798,1769074768.1748486,27.4113,278,699,0.096,25.59,42039,,,,,2026-01-22T09:39:28.287881
django__django-12856,0,planning,1769074741.7612906,1769074768.5430844,26.7818,164,681,0.0766,25.5,42039,,,,,2026-01-22T09:39:28.646912
django__django-12453,0,coding,1769074754.4476974,1769074768.6621795,14.2145,1148,343,0.1906,24.46,42039,,0.0497,,,2026-01-22T09:39:28.789749
django__django-12453,0,debugging,1769074768.790244,1769074769.0311449,0.2409,1515,1,0.2073,29.79,42039,,0.1281,True,,2026-01-22T09:39:29.159376
django__django-13158,0,planning,1769074747.76198,1769074769.1138194,21.3518,321,521,0.0917,24.51,42039,,,,,2026-01-22T09:39:29.222942
django__django-13033,0,planning,1769074746.766485,1769074769.1856794,22.4192,1092,551,0.1523,24.75,42039,,,,,2026-01-22T09:39:29.288940
django__django-13220,0,planning,1769074748.7616315,1769074769.4069095,20.6453,184,504,0.1566,24.6,42039,,,,,2026-01-22T09:39:29.503680
django__django-13315,0,planning,1769074751.761921,1769074770.9493408,19.1874,122,464,0.1637,24.39,42039,,,,,2026-01-22T09:39:31.061518
django__django-13230,0,planning,1769074749.7639055,1769074771.4948413,21.7309,127,533,0.0839,24.62,42039,,,,,2026-01-22T09:39:31.609642
django__django-12983,0,coding,1769074760.7023745,1769074771.7670188,11.0646,532,258,0.2629,23.88,42039,,0.1295,,,2026-01-22T09:39:31.848463
django__django-12470,0,coding,1769074758.0677116,1769074771.8368967,13.7692,770,327,0.1552,24.02,42039,,0.1083,,,2026-01-22T09:39:31.924954
django__django-10924,0,coding,1769074721.262047,1769074771.915513,50.6535,729,1379,0.0827,27.27,42039,,0.1159,,,2026-01-22T09:39:32.009382
django__django-12983,0,debugging,1769074771.8491206,1769074772.1144378,0.2653,814,1,0.1274,7.25,42039,,0.0821,True,,2026-01-22T09:39:32.169560
django__django-12470,0,debugging,1769074771.9254425,1769074772.2740676,0.3486,1121,1,0.1734,5.71,42039,,0.0885,True,,2026-01-22T09:39:32.372704
django__django-12497,0,coding,1769074754.5452535,1769074773.1295366,18.5843,674,449,0.1683,24.38,42039,,0.1139,,,2026-01-22T09:39:33.246894
django__django-13265,0,planning,1769074750.76266,1769074773.1658118,22.4032,526,542,0.114,24.32,42039,,,,,2026-01-22T09:39:33.282401
django__django-12497,0,debugging,1769074773.247523,1769074773.567481,0.32,1147,1,0.1866,7.5,42039,,0.118,True,,2026-01-22T09:39:33.672127
django__django-13321,0,planning,1769074752.7780457,1769074773.715831,20.9378,1182,502,0.2406,24.25,42039,,,,,2026-01-22T09:39:33.846640
django__django-13660,0,planning,1769074759.7730682,1769074773.7863178,14.0132,677,327,0.131,23.56,42039,,,,,2026-01-22T09:39:33.902715
django__django-13447,0,planning,1769074754.7606013,1769074774.3489661,19.5884,153,470,0.1013,24.12,42039,,,,,2026-01-22T09:39:34.467590
django__django-10924,0,debugging,1769074772.0099666,1769074775.0469146,3.0369,2132,67,0.3011,24.49,42039,,0.0945,True,,2026-01-22T09:39:35.163772
django__django-13590,0,planning,1769074757.7624762,1769074775.617989,17.8555,256,426,0.1051,24.0,42039,,,,,2026-01-22T09:39:35.743180
django__django-13448,0,planning,1769074755.7772496,1769074775.6663754,19.8891,1356,477,0.1831,24.21,42039,,,,,2026-01-22T09:39:35.799806
django__django-12286,0,coding,1769074761.00328,1769074777.4930675,16.4898,951,393,0.243,24.19,42039,,0.0577,,,2026-01-22T09:39:37.618311
django__django-13401,0,planning,1769074753.7625864,1769074777.6032512,23.8407,347,577,0.0929,24.3,42039,,,,,2026-01-22T09:39:37.724022
django__django-13658,0,planning,1769074758.7777307,1769074777.715207,18.9375,365,452,0.1046,24.0,42039,,,,,2026-01-22T09:39:37.813225
django__django-12286,0,debugging,1769074777.6189246,1769074777.946413,0.3275,1368,1,0.2014,7.93,42039,,0.1259,True,,2026-01-22T09:39:38.008078
django__django-13551,0,planning,1769074756.767004,1769074779.320502,22.5535,188,539,0.1647,24.07,42039,,,,,2026-01-22T09:39:39.473833
django__django-12700,0,coding,1769074756.7379963,1769074782.460811,25.7228,962,624,0.1899,24.44,42039,,0.1172,,,2026-01-22T09:39:42.605796
django__django-13757,0,planning,1769074761.7818367,1769074782.5672681,20.7854,290,507,0.0912,24.5,42039,,,,,2026-01-22T09:39:42.680798
django__django-12700,0,debugging,1769074782.6067724,1769074782.9898272,0.3831,1610,1,0.2036,5.57,42039,,0.146,True,,2026-01-22T09:39:43.079594
django__django-13158,0,coding,1769074769.2237284,1769074783.2172644,13.9935,809,340,0.1648,24.59,42039,,0.1099,,,2026-01-22T09:39:43.296940
django__django-13158,0,debugging,1769074783.2975454,1769074783.506591,0.209,1173,1,0.1561,18.89,42039,,0.0803,True,,2026-01-22T09:39:43.559800
django__django-13768,0,planning,1769074762.7621152,1769074783.9224234,21.1603,193,508,0.1155,24.14,42039,,,,,2026-01-22T09:39:44.042127
django__django-13220,0,coding,1769074769.504354,1769074783.9976373,14.4933,655,357,0.1109,24.82,42039,,0.0974,,,2026-01-22T09:39:44.081175
django__django-12908,0,coding,1769074759.8526883,1769074784.139234,24.2865,766,582,0.1344,24.1,42039,,0.1121,,,2026-01-22T09:39:44.245929
django__django-12908,0,debugging,1769074784.2466505,1769074784.4837942,0.2371,1372,1,0.2159,47.18,42039,,0.1074,True,,2026-01-22T09:39:44.544277
django__django-13590,0,coding,1769074775.7439392,1769074784.4605672,8.7166,649,206,0.1536,24.06,42039,,0.126,,,2026-01-22T09:39:44.590652
django__django-13220,0,debugging,1769074784.0976143,1769074784.453639,0.356,1036,1,0.2064,6.68,42039,,0.1,True,,2026-01-22T09:39:44.608636
django__django-13590,0,debugging,1769074784.6086705,1769074784.8034258,0.1948,879,1,0.1503,22.51,42039,,0.1481,True,,2026-01-22T09:39:44.902608
django__django-13321,0,coding,1769074773.8473291,1769074784.8441694,10.9968,1651,265,0.1942,24.53,42039,,0.1315,,,2026-01-22T09:39:45.001594
django__django-13710,0,planning,1769074760.7607288,1769074784.9456997,24.185,246,573,0.4955,24.19,42039,,,,,2026-01-22T09:39:45.032330
django__django-13321,0,debugging,1769074785.003119,1769074785.3292496,0.3261,1940,1,0.2283,10.22,42039,,0.1589,True,,2026-01-22T09:39:45.449186
django__django-13660,0,coding,1769074773.9033196,1769074785.3497653,11.4464,971,273,0.2181,24.31,42039,,0.117,,,2026-01-22T09:39:45.484171
django__django-13660,0,debugging,1769074785.4935274,1769074785.7227197,0.2292,1268,1,0.1917,26.67,42039,,0.1438,True,,2026-01-22T09:39:45.824000
django__django-12915,0,coding,1769074763.5838661,1769074786.1663423,22.5825,753,534,0.4258,24.1,42039,,0.1056,,,2026-01-22T09:39:46.287194
django__django-12915,0,debugging,1769074786.2878857,1769074786.517939,0.2301,1311,1,0.1729,17.5,42039,,0.1215,True,,2026-01-22T09:39:46.567461
django__django-13401,0,coding,1769074777.7246273,1769074787.3455205,9.6209,891,228,0.223,24.26,42039,,0.1214,,,2026-01-22T09:39:47.495173
django__django-11910,0,coding,1769074753.2903671,1769074787.3893054,34.0989,1092,822,0.1862,24.24,42039,,0.078,,,2026-01-22T09:39:47.504856
django__django-13925,0,planning,1769074763.7649083,1769074787.4584458,23.6935,948,567,0.2657,24.2,42039,,,,,2026-01-22T09:39:47.563951
django__django-14382,0,planning,1769074770.7739024,1769074787.5612798,16.7874,191,403,0.0884,24.13,42039,,,,,2026-01-22T09:39:47.613487
django__django-13401,0,debugging,1769074787.4958975,1769074787.8326423,0.3367,1143,1,0.1708,6.03,42039,,0.1504,True,,2026-01-22T09:39:47.884656
django__django-11910,0,debugging,1769074787.505722,1769074788.006534,0.5008,1938,1,0.325,5.69,42039,,0.1164,True,,2026-01-22T09:39:48.132710
django__django-13933,0,planning,1769074764.7859662,1769074788.2603426,23.4744,332,554,0.0971,23.7,42039,,,,,2026-01-22T09:39:48.308883
django__django-14155,0,planning,1769074768.764114,1769074788.339724,19.5756,173,462,0.094,23.71,42039,,,,,2026-01-22T09:39:48.416303
django__django-14016,0,planning,1769074766.7621455,1769074788.568859,21.8067,228,514,0.4225,24.04,42039,,,,,2026-01-22T09:39:48.682791
django__django-13230,0,coding,1769074771.610501,1769074788.7444968,17.134,627,399,0.1465,23.49,42039,,0.1157,,,2026-01-22T09:39:48.787238
django__django-13230,0,debugging,1769074788.7877362,1769074789.0144198,0.2267,1050,1,0.1828,22.79,42039,,0.0432,True,,2026-01-22T09:39:49.071401
django__django-13315,0,coding,1769074771.0623186,1769074788.9782634,17.9159,553,417,0.1332,23.45,42039,,0.113,,,2026-01-22T09:39:49.105861
django__django-13315,0,debugging,1769074789.1063943,1769074789.334433,0.228,994,1,0.1945,29.8,42039,,0.1281,True,,2026-01-22T09:39:49.463586
django__django-14238,0,planning,1769074769.76141,1769074789.975986,20.2146,740,480,0.1412,23.91,42039,,,,,2026-01-22T09:39:50.101536
django__django-13028,0,coding,1769074766.484614,1769074789.9242723,23.4397,1212,549,0.1748,23.6,42039,,0.0961,,,2026-01-22T09:39:50.102729
django__django-13028,0,debugging,1769074790.1044917,1769074790.4615827,0.3571,1785,1,0.3157,24.16,42039,,0.1802,True,,2026-01-22T09:39:50.527589
django__django-14017,0,planning,1769074767.778971,1769074790.8752015,23.0962,420,544,0.1219,23.68,42039,,,,,2026-01-22T09:39:50.995173
django__django-13964,0,planning,1769074765.7616484,1769074791.221854,25.4602,436,599,0.1039,23.62,42039,,,,,2026-01-22T09:39:51.291138
django__django-12184,0,coding,1769074752.5989063,1769074791.257473,38.6586,890,918,0.1651,23.85,42039,,0.0733,,,2026-01-22T09:39:51.334730
django__django-14411,0,planning,1769074771.7714324,1769074792.0996933,20.3283,151,471,0.0831,23.26,42039,,,,,2026-01-22T09:39:52.213535
django__django-12856,0,coding,1769074768.647468,1769074792.3095233,23.6621,812,554,0.1289,23.54,42039,,0.1044,,,2026-01-22T09:39:52.450060
django__django-12856,0,debugging,1769074792.4511287,1769074792.6870303,0.2359,1390,1,0.2059,33.36,42039,,0.1416,True,,2026-01-22T09:39:52.742964
django__django-12747,0,coding,1769074768.2975957,1769074792.83838,24.5408,944,573,0.1503,23.49,42039,,0.1227,,,2026-01-22T09:39:52.982238
django__django-14608,0,planning,1769074774.7704582,1769074792.949575,18.1791,200,424,0.1063,23.46,42039,,,,,2026-01-22T09:39:53.061403
django__django-12747,0,debugging,1769074792.9838557,1769074793.2680867,0.2842,1541,1,0.2173,14.95,42039,,0.1455,True,,2026-01-22T09:39:53.314649
django__django-14580,0,planning,1769074773.7744653,1769074793.8429282,20.0685,447,467,0.1047,23.39,42039,,,,,2026-01-22T09:39:53.906452
django__django-13658,0,coding,1769074777.8140495,1769074794.334437,16.5204,784,381,0.2217,23.38,42039,,0.0988,,,2026-01-22T09:39:54.386841
django__django-14534,0,planning,1769074772.7724035,1769074794.3061063,21.5337,434,502,0.1063,23.43,42039,,,,,2026-01-22T09:39:54.446999
django__django-13658,0,debugging,1769074794.387551,1769074794.6803446,0.2928,1189,1,0.199,10.66,42039,,0.0531,True,,2026-01-22T09:39:54.820036
django__django-14672,0,planning,1769074776.7795002,1769074795.053081,18.2736,1798,419,0.2144,23.2,42039,,,,,2026-01-22T09:39:55.170543
django__django-13768,0,coding,1769074784.0428038,1769074795.8427274,11.7999,668,257,0.1652,22.09,42039,,0.1204,,,2026-01-22T09:39:55.913220
django__django-13768,0,debugging,1769074795.9291794,1769074796.1267967,0.1976,949,1,0.1555,23.73,42039,,0.0865,True,,2026-01-22T09:39:56.224809
django__django-12589,0,coding,1769074762.0764608,1769074796.4554968,34.379,1400,804,0.2064,23.53,42039,,0.1163,,,2026-01-22T09:39:56.583209
django__django-13551,0,coding,1769074779.4950535,1769074796.6476758,17.1526,694,391,0.1359,22.98,42039,,0.1746,,,2026-01-22T09:39:56.724592
django__django-12589,0,debugging,1769074796.5839224,1769074797.0246952,0.4408,2228,1,0.4157,39.8,42039,,0.1284,True,,2026-01-22T09:39:57.114082
django__django-13551,0,debugging,1769074796.7253535,1769074797.034459,0.3091,1109,1,0.2609,20.73,42039,,0.0777,True,,2026-01-22T09:39:57.140991
django__django-12184,0,debugging,1769074791.3354993,1769074798.0988317,6.7633,1832,153,0.2782,23.59,42039,,0.078,True,,2026-01-22T09:39:58.226319
django__django-14382,0,coding,1769074787.614057,1769074798.8108394,11.1968,561,252,0.4031,23.35,42039,,0.0528,,,2026-01-22T09:39:58.887123
django__django-14667,0,planning,1769074775.7734478,1769074798.920497,23.147,300,536,0.2861,23.45,42039,,,,,2026-01-22T09:39:58.997771
django__django-14382,0,debugging,1769074798.887855,1769074799.060499,0.1726,837,1,0.1327,25.03,42039,,0.077,True,,2026-01-22T09:39:59.124754
django__django-14238,0,coding,1769074790.1022391,1769074800.1577573,10.0555,1187,233,0.2189,23.69,42039,,0.1263,,,2026-01-22T09:40:00.279542
django__django-14238,0,debugging,1769074800.2869942,1769074800.5505042,0.2635,1444,1,0.2041,16.83,42039,,0.1292,True,,2026-01-22T09:40:00.629061
django__django-14155,0,coding,1769074788.417067,1769074800.6922522,12.2752,602,285,0.1333,23.47,42039,,0.0773,,,2026-01-22T09:40:00.769989
django__django-13710,0,coding,1769074785.0330896,1769074800.7910655,15.758,786,360,0.2792,23.26,42039,,0.0874,,,2026-01-22T09:40:00.895147
django__django-13710,0,debugging,1769074800.8957922,1769074801.0907354,0.1949,1170,1,0.1471,20.88,42039,,0.1047,True,,2026-01-22T09:40:01.210491
django__django-14155,0,debugging,1769074800.770622,1769074801.0576084,0.287,911,1,0.1654,8.23,42039,,0.0784,True,,2026-01-22T09:40:01.211696
django__django-14730,0,planning,1769074777.761804,1769074801.3565323,23.5947,168,548,0.1633,23.39,42039,,,,,2026-01-22T09:40:01.881890
django__django-14855,0,planning,1769074780.7615182,1769074801.9122434,21.1507,273,486,0.0944,23.08,42039,,,,,2026-01-22T09:40:01.996184
django__django-13447,0,coding,1769074774.4682174,1769074802.484181,28.016,590,659,0.1539,23.65,42039,,0.1193,,,2026-01-22T09:40:02.597012
django__django-13964,0,coding,1769074791.2921073,1769074802.8146608,11.5226,1002,269,0.164,23.68,42039,,0.0703,,,2026-01-22T09:40:02.944143
django__django-13447,0,debugging,1769074802.5976493,1769074802.8600843,0.2624,1273,1,0.2068,17.96,42039,,0.1135,True,,2026-01-22T09:40:03.001962
django__django-13964,0,debugging,1769074802.9530785,1769074803.1950498,0.242,1295,1,0.2029,25.58,42039,,0.1384,True,,2026-01-22T09:40:03.319880
django__django-14915,0,planning,1769074781.786487,1769074803.497079,21.7106,315,494,0.1202,22.88,42039,,,,,2026-01-22T09:40:03.567824
django__django-13265,0,coding,1769074773.283197,1769074803.4854352,30.2022,1035,706,0.2636,23.58,42039,,0.1174,,,2026-01-22T09:40:03.601902
django__django-13265,0,debugging,1769074803.6024418,1769074803.961142,0.3587,1765,1,0.2866,13.87,42039,,0.117,True,,2026-01-22T09:40:04.077043
django__django-14752,0,planning,1769074778.989739,1769074804.506807,25.5171,697,592,0.1326,23.32,42039,,,,,2026-01-22T09:40:04.616396
django__django-12708,0,coding,1769074763.3941545,1769074804.7841318,41.39,879,968,0.1531,23.47,42039,,0.1235,,,2026-01-22T09:40:04.910906
django__django-12708,0,debugging,1769074804.911713,1769074805.1570907,0.2454,1871,1,0.2086,27.21,42039,,0.1276,True,,2026-01-22T09:40:05.257649
django__django-13757,0,coding,1769074782.6818933,1769074805.6824093,23.0005,764,521,0.3034,22.95,42039,,0.1146,,,2026-01-22T09:40:05.791116
django__django-14787,0,planning,1769074779.7877398,1769074805.8561625,26.0684,239,604,0.1012,23.26,42039,,,,,2026-01-22T09:40:05.917167
django__django-13757,0,debugging,1769074805.7918549,1769074806.0862966,0.2944,1309,1,0.204,11.05,42039,,0.1094,True,,2026-01-22T09:40:06.144380
django__django-14580,0,coding,1769074793.9070203,1769074806.2776206,12.3706,881,287,0.1782,23.54,42039,,0.0641,,,2026-01-22T09:40:06.356137
django__django-14580,0,debugging,1769074806.3567421,1769074806.6042712,0.2475,1192,1,0.2073,24.83,42039,,0.0791,True,,2026-01-22T09:40:06.645877
django__django-14017,0,coding,1769074790.9958627,1769074806.8476474,15.8518,931,367,0.1695,23.4,42039,,0.1207,,,2026-01-22T09:40:06.912541
django__django-15061,0,planning,1769074784.7804863,1769074806.9399364,22.1595,148,506,0.0884,22.93,42039,,,,,2026-01-22T09:40:07.016671
django__django-14411,0,coding,1769074792.2141025,1769074806.9729033,14.7588,589,343,0.1419,23.47,42039,,0.1144,,,2026-01-22T09:40:07.069116
django__django-14017,0,debugging,1769074806.9139504,1769074807.2787175,0.3648,1322,1,0.2153,6.69,42039,,0.0663,True,,2026-01-22T09:40:07.413955
django__django-14411,0,debugging,1769074807.069791,1769074807.308348,0.2386,956,1,0.1904,20.76,42039,,0.0969,True,,2026-01-22T09:40:07.427572
django__django-14999,0,planning,1769074783.7737079,1769074807.3762488,23.6025,119,535,0.0921,22.76,42039,,,,,2026-01-22T09:40:07.461003
django__django-15202,0,planning,1769074785.7795722,1769074807.5126913,21.7331,213,499,0.0975,23.06,42039,,,,,2026-01-22T09:40:07.629401
django__django-14997,0,planning,1769074782.7622182,1769074807.8034868,25.0413,1650,565,0.2955,22.83,42039,,,,,2026-01-22T09:40:07.903061
django__django-15213,0,planning,1769074786.7716873,1769074808.418063,21.6464,244,493,0.0951,22.88,42039,,,,,2026-01-22T09:40:08.529894
django__django-13033,0,coding,1769074769.2895582,1769074808.4692092,39.1797,1610,915,0.2453,23.5,42039,,0.1039,,,2026-01-22T09:40:08.594486
django__django-15320,0,planning,1769074788.7820058,1769074809.6385305,20.8565,298,479,0.1813,23.17,42039,,,,,2026-01-22T09:40:09.726458
django__django-15347,0,planning,1769074789.95315,1769074810.2847652,20.3316,349,467,0.0911,23.07,42039,,,,,2026-01-22T09:40:10.402407
django__django-13448,0,coding,1769074775.8008046,1769074810.2965589,34.4958,1800,796,0.3008,23.28,42039,,0.1344,,,2026-01-22T09:40:10.411065
django__django-13448,0,debugging,1769074810.4262605,1769074810.864825,0.4386,2620,1,0.3692,14.42,42039,,0.1297,True,,2026-01-22T09:40:10.975178
django__django-14855,0,coding,1769074801.9968805,1769074810.9691677,8.9723,726,197,0.1138,22.24,42039,,0.0846,,,2026-01-22T09:40:11.053258
django__django-14016,0,coding,1769074788.683395,1769074810.9936738,22.3103,709,509,0.1717,22.99,42039,,0.1145,,,2026-01-22T09:40:11.109665
django__django-13933,0,coding,1769074788.3095498,1769074811.0834057,22.7739,853,519,0.1678,22.96,42039,,0.0492,,,2026-01-22T09:40:11.150971
django__django-15498,0,planning,1769074792.7711666,1769074811.2467782,18.4756,144,423,0.0854,23.0,42039,,,,,2026-01-22T09:40:11.281619
django__django-14855,0,debugging,1769074811.0539184,1769074811.3914616,0.3375,947,1,0.1785,6.29,42039,,0.0848,True,,2026-01-22T09:40:11.447064
django__django-13933,0,debugging,1769074811.1516364,1769074811.5550404,0.4034,1396,1,0.3645,25.71,42039,,0.0682,True,,2026-01-22T09:40:11.613067
django__django-14016,0,debugging,1769074811.110315,1769074811.5307052,0.4204,1242,1,0.282,7.23,42039,,0.1166,True,,2026-01-22T09:40:11.637232
django__django-13033,0,debugging,1769074808.5951452,1769074811.7681189,3.173,2549,62,0.3804,22.2,42039,,0.1259,True,,2026-01-22T09:40:11.849693
django__django-14534,0,coding,1769074794.4478884,1769074812.7611272,18.3132,903,420,0.23,23.23,42039,,0.1418,,,2026-01-22T09:40:12.861876
django__django-14672,0,coding,1769074795.1711514,1769074812.8289928,17.6578,2184,405,0.2991,23.33,42039,,0.1181,,,2026-01-22T09:40:12.953235
django__django-15400,0,planning,1769074791.774024,1769074812.9060345,21.132,244,489,0.0991,23.25,42039,,,,,2026-01-22T09:40:13.016705
django__django-14534,0,debugging,1769074812.8627021,1769074813.248885,0.3862,1347,1,0.2155,5.86,42039,,0.1016,True,,2026-01-22T09:40:13.304216
django__django-14672,0,debugging,1769074812.9542766,1769074813.4136314,0.4594,2613,1,0.417,23.64,42039,,0.1253,True,,2026-01-22T09:40:13.493527
django__django-14608,0,coding,1769074793.0620651,1769074814.011046,20.949,591,478,0.202,23.04,42039,,0.1125,,,2026-01-22T09:40:14.125909
django__django-14608,0,debugging,1769074814.1266708,1769074814.3618195,0.2351,1093,1,0.1867,20.64,42039,,0.1156,True,,2026-01-22T09:40:14.462260
django__django-15252,0,planning,1769074787.761415,1769074815.278302,27.5169,421,629,0.3218,23.13,42039,,,,,2026-01-22T09:40:15.396530
django__django-15781,0,planning,1769074795.7723458,1769074815.7239368,19.9516,431,462,0.1258,23.3,42039,,,,,2026-01-22T09:40:15.822758
django__django-15388,0,planning,1769074790.7652495,1769074816.023511,25.2583,250,582,0.1163,23.15,42039,,,,,2026-01-22T09:40:16.136631
django__django-15695,0,planning,1769074793.7726583,1769074816.5617774,22.7891,373,527,0.1085,23.24,42039,,,,,2026-01-22T09:40:16.673044
django__django-15738,0,planning,1769074794.7777677,1769074816.6930199,21.9153,508,509,0.1205,23.35,42039,,,,,2026-01-22T09:40:16.738771
django__django-15789,0,planning,1769074796.7623224,1769074817.1904962,20.4282,174,474,0.2311,23.47,42039,,,,,2026-01-22T09:40:17.309025
django__django-14752,0,coding,1769074804.6175575,1769074818.9817955,14.3642,1256,332,0.1587,23.37,42039,,0.1108,,,2026-01-22T09:40:19.099536
django__django-14752,0,debugging,1769074819.1001632,1769074819.3839707,0.2838,1612,1,0.2236,16.61,42039,,0.1184,True,,2026-01-22T09:40:19.527245
django__django-14915,0,coding,1769074803.5729425,1769074819.7307026,16.1578,776,373,0.1534,23.31,42039,,0.0759,,,2026-01-22T09:40:19.851830
django__django-15819,0,planning,1769074799.762138,1769074819.836968,20.0748,181,468,0.1067,23.44,42039,,,,,2026-01-22T09:40:19.936103
django__django-14787,0,coding,1769074805.9177122,1769074819.8975956,13.9799,810,326,0.1669,23.6,42039,,0.0615,,,2026-01-22T09:40:19.969057
django__django-14787,0,debugging,1769074819.9696743,1769074820.2003865,0.2307,1160,1,0.195,28.01,42039,,0.0721,True,,2026-01-22T09:40:20.256367
django__django-14915,0,debugging,1769074819.8523526,1769074820.1630466,0.3107,1173,1,0.1465,6.09,42039,,0.1216,True,,2026-01-22T09:40:20.290567
django__django-15814,0,planning,1769074798.7789385,1769074820.4570293,21.6781,802,502,0.1344,23.3,42039,,,,,2026-01-22T09:40:20.501673
django__django-15202,0,coding,1769074807.6308944,1769074820.7137003,13.0828,679,304,0.1114,23.44,42039,,0.1182,,,2026-01-22T09:40:20.819785
django__django-15202,0,debugging,1769074820.820781,1769074821.1048925,0.2841,1007,1,0.2373,21.38,42039,,0.1071,True,,2026-01-22T09:40:21.224258
django__django-13925,0,coding,1769074787.5651882,1769074821.7456632,34.1805,1482,786,0.451,23.3,42039,,0.1067,,,2026-01-22T09:40:21.855913
django__django-14667,0,coding,1769074798.9984212,1769074821.817875,22.8195,803,531,0.1441,23.42,42039,,0.0779,,,2026-01-22T09:40:21.924463
django__django-13925,0,debugging,1769074821.8566968,1769074822.2873936,0.4307,2292,1,0.3841,21.46,42039,,0.111,True,,2026-01-22T09:40:22.382601
django__django-15851,0,planning,1769074800.7640724,1769074822.611628,21.8476,212,500,0.1583,23.05,42039,,,,,2026-01-22T09:40:22.680102
django__django-15790,0,planning,1769074797.7859366,1769074823.4612067,25.6753,173,598,0.0951,23.38,42039,,,,,2026-01-22T09:40:23.536937
django__django-16041,0,planning,1769074803.7606416,1769074824.0878909,20.3272,362,469,0.2007,23.3,42039,,,,,2026-01-22T09:40:24.206551
django__django-15347,0,coding,1769074810.403902,1769074824.2628472,13.8589,783,324,0.1523,23.64,42039,,0.1191,,,2026-01-22T09:40:24.386260
django__django-15347,0,debugging,1769074824.38713,1769074824.5996792,0.2125,1131,1,0.1866,38.55,42039,,0.1243,True,,2026-01-22T09:40:24.721147
django__django-15902,0,planning,1769074801.8813589,1769074825.1170344,23.2357,146,534,0.1493,23.13,42039,,,,,2026-01-22T09:40:25.202548
django__django-15061,0,coding,1769074807.017246,1769074826.4700098,19.4528,621,452,0.2593,23.55,42039,,0.0773,,,2026-01-22T09:40:26.709293
django__django-16527,0,planning,1769074811.7744312,1769074826.8127925,15.0384,189,363,0.1017,24.3,42039,,,,,2026-01-22T09:40:26.870266
django__django-15061,0,debugging,1769074826.710055,1769074827.0903432,0.3803,1097,1,0.209,5.84,42039,,0.24,True,,2026-01-22T09:40:27.188468
django__django-15996,0,planning,1769074802.7621007,1769074827.0849009,24.3228,201,562,0.0875,23.19,42039,,,,,2026-01-22T09:40:27.206997
django__django-15814,0,coding,1769074820.5023866,1769074827.4202273,6.9178,1271,157,0.1891,23.33,42039,,0.0454,,,2026-01-22T09:40:27.471972
django__django-15400,0,coding,1769074813.0174837,1769074827.895002,14.8775,700,349,0.3622,24.04,42039,,0.1114,,,2026-01-22T09:40:28.004296
django__django-15400,0,debugging,1769074828.004919,1769074828.2272034,0.2223,1073,1,0.1755,21.37,42039,,0.1099,True,,2026-01-22T09:40:28.370160
django__django-14667,0,debugging,1769074821.9253056,1769074828.2982948,6.373,1358,145,0.3041,23.89,42039,,0.1074,True,,2026-01-22T09:40:28.374040
django__django-16046,0,planning,1769074804.7605433,1769074828.267103,23.5066,137,543,0.0785,23.18,42039,,,,,2026-01-22T09:40:28.384190
django__django-16139,0,planning,1769074805.7625961,1769074828.8156059,23.053,410,531,0.2492,23.29,42039,,,,,2026-01-22T09:40:28.892677
django__django-15498,0,coding,1769074811.282258,1769074829.358725,18.0765,534,426,0.227,23.87,42039,,0.0355,,,2026-01-22T09:40:29.486357
django__django-15498,0,debugging,1769074829.4884295,1769074829.7131553,0.2247,984,1,0.1772,21.05,42039,,0.1297,True,,2026-01-22T09:40:29.839548
django__django-16255,0,planning,1769074807.7668297,1769074830.950885,23.1841,451,540,0.0994,23.39,42039,,,,,2026-01-22T09:40:31.075785
django__django-15814,0,debugging,1769074827.4726243,1769074831.1031435,3.6305,1452,81,0.2246,23.78,42039,,0.0524,True,,2026-01-22T09:40:31.206651
django__django-16379,0,planning,1769074808.7622876,1769074831.487324,22.725,355,533,0.1918,23.65,42039,,,,,2026-01-22T09:40:31.617269
django__django-15851,0,coding,1769074822.6810367,1769074831.9696267,9.2886,679,217,0.1309,23.7,42039,,0.0694,,,2026-01-22T09:40:32.102262
django__django-15789,0,coding,1769074817.3103817,1769074832.135224,14.8248,615,347,0.1129,23.59,42039,,0.1199,,,2026-01-22T09:40:32.212986
django__django-16408,0,planning,1769074810.7620144,1769074832.4489448,21.6869,271,509,0.0809,23.56,42039,,,,,2026-01-22T09:40:32.496740
django__django-15789,0,debugging,1769074832.2136183,1769074832.4321272,0.2185,986,1,0.1971,46.7,42039,,0.0784,True,,2026-01-22T09:40:32.559618
django__django-15851,0,debugging,1769074832.1030915,1769074832.401849,0.2988,920,1,0.2014,10.27,42039,,0.1335,True,,2026-01-22T09:40:32.560275
django__django-16229,0,planning,1769074806.7818224,1769074833.1388228,26.357,350,610,0.1185,23.25,42039,,,,,2026-01-22T09:40:33.257286
django__django-16816,0,planning,1769074813.7614582,1769074833.5695693,19.8081,1300,466,0.207,23.77,42039,,,,,2026-01-22T09:40:33.687908
django__django-15252,0,coding,1769074815.4019122,1769074833.6365125,18.2346,1017,425,0.1763,23.53,42039,,0.1236,,,2026-01-22T09:40:33.789083
django__django-15252,0,debugging,1769074833.7920039,1769074834.140497,0.3485,1466,1,0.3026,21.8,42039,,0.1555,True,,2026-01-22T09:40:34.280270
django__django-14999,0,coding,1769074807.4615753,1769074834.3476758,26.8861,621,620,0.1444,23.18,42039,,0.0853,,,2026-01-22T09:40:34.451834
django__django-14999,0,debugging,1769074834.452627,1769074834.6834219,0.2308,1265,1,0.1774,18.72,42039,,0.105,True,,2026-01-22T09:40:34.762729
django__django-16820,0,planning,1769074814.8811793,1769074836.1931465,21.312,140,497,0.1268,23.46,42039,,,,,2026-01-22T09:40:36.317177
django__django-16041,0,coding,1769074824.2091715,1769074836.9632082,12.754,798,291,0.169,23.12,42039,,0.1213,,,2026-01-22T09:40:37.078977
django__django-15781,0,coding,1769074815.823701,1769074837.031526,21.2078,860,494,0.1401,23.45,42039,,0.0998,,,2026-01-22T09:40:37.082707
django__django-16041,0,debugging,1769074837.0795696,1769074837.4018824,0.3223,1113,1,0.1735,6.72,42039,,0.1164,True,,2026-01-22T09:40:37.521076
django__django-15781,0,debugging,1769074837.083231,1769074837.4283767,0.3451,1378,1,0.2963,20.45,42039,,0.0517,True,,2026-01-22T09:40:37.521227
django__django-15320,0,coding,1769074809.7271278,1769074837.4756713,27.7485,744,642,0.1693,23.28,42039,,0.0886,,,2026-01-22T09:40:37.599581
django__django-15320,0,debugging,1769074837.6001678,1769074838.1391635,0.539,1410,1,0.2236,3.17,42039,,0.1245,True,,2026-01-22T09:40:38.392803
django__django-16873,0,planning,1769074815.7619956,1769074838.65714,22.8951,626,530,0.1094,23.26,42039,,,,,2026-01-22T09:40:38.780289
django__django-16400,0,planning,1769074809.7760165,1769074838.7333667,28.9574,609,671,0.1821,23.32,42039,,,,,2026-01-22T09:40:38.851586
matplotlib__matplotlib-18869,0,planning,1769074819.771624,1769074839.4418411,19.6702,417,445,0.108,22.75,42039,,,,,2026-01-22T09:40:39.524456
matplotlib__matplotlib-22835,0,planning,1769074821.7849302,1769074839.942802,18.1579,557,412,0.1137,22.83,42039,,,,,2026-01-22T09:40:40.063761
django__django-16595,0,planning,1769074812.7638426,1769074840.3030994,27.5393,425,636,0.1033,23.18,42039,,,,,2026-01-22T09:40:40.418079
django__django-17051,0,planning,1769074817.7614129,1769074840.3757954,22.6144,309,519,0.0925,23.04,42039,,,,,2026-01-22T09:40:40.512791
matplotlib__matplotlib-22711,0,planning,1769074820.7852874,1769074841.0880148,20.3027,1048,461,0.1764,22.91,42039,,,,,2026-01-22T09:40:41.185372
django__django-15695,0,coding,1769074816.6736555,1769074842.3730052,25.6993,867,579,0.1583,22.67,42039,,0.1119,,,2026-01-22T09:40:42.536842
django__django-17087,0,planning,1769074818.7611358,1769074842.5081077,23.747,327,529,0.0986,22.37,42039,,,,,2026-01-22T09:40:42.632157
django__django-15695,0,debugging,1769074842.5467043,1769074842.855435,0.3087,1470,1,0.2115,10.28,42039,,0.1737,True,,2026-01-22T09:40:42.932905
django__django-15902,0,coding,1769074825.2031558,1769074843.636822,18.4337,647,405,0.1483,22.15,42039,,0.0861,,,2026-01-22T09:40:43.741285
django__django-15902,0,debugging,1769074843.742075,1769074844.0802076,0.3381,1076,1,0.2578,12.45,42039,,0.1053,True,,2026-01-22T09:40:44.182128
django__django-16527,0,coding,1769074826.8708885,1769074844.8123832,17.9415,519,389,0.2073,21.94,42039,,0.0581,,,2026-01-22T09:40:44.927083
django__django-16527,0,debugging,1769074844.9277568,1769074845.1248364,0.1971,932,1,0.1501,21.31,42039,,0.1154,True,,2026-01-22T09:40:45.213117
django__django-15790,0,coding,1769074823.5427558,1769074845.6142197,22.0715,738,486,0.1656,22.19,42039,,0.0815,,,2026-01-22T09:40:45.704356
django__django-16379,0,coding,1769074831.6328793,1769074845.7554107,14.1225,855,300,0.1669,21.5,42039,,0.1456,,,2026-01-22T09:40:45.837046
django__django-15790,0,debugging,1769074845.705007,1769074846.122294,0.4173,1248,1,0.2388,5.6,42039,,0.0908,True,,2026-01-22T09:40:46.210938
django__django-16046,0,coding,1769074828.384851,1769074846.1738784,17.789,647,381,0.1665,21.62,42039,,0.1177,,,2026-01-22T09:40:46.261313
django__django-16379,0,debugging,1769074845.8378696,1769074846.1862283,0.3484,1179,1,0.3262,45.11,42039,,0.0825,True,,2026-01-22T09:40:46.332508
django__django-16910,0,planning,1769074816.7685852,1769074846.252014,29.4834,460,657,0.2222,22.45,42039,,,,,2026-01-22T09:40:46.366732
django__django-14997,0,coding,1769074807.9105644,1769074846.3262908,38.4157,2182,863,0.2954,22.64,42039,,0.1071,,,2026-01-22T09:40:46.424197
django__django-16046,0,debugging,1769074846.261891,1769074846.6567304,0.3948,1053,1,0.2187,5.68,42039,,0.088,True,,2026-01-22T09:40:46.689478
django__django-14997,0,debugging,1769074846.42475,1769074846.9356763,0.5109,3069,1,0.4781,30.47,42039,,0.0985,True,,2026-01-22T09:40:47.032948
matplotlib__matplotlib-23314,0,planning,1769074823.7616222,1769074847.3217556,23.5601,297,510,0.0992,21.74,42039,,,,,2026-01-22T09:40:47.467503
django__django-14730,0,coding,1769074801.8840628,1769074849.3234353,47.4394,683,1062,0.1512,22.46,42039,,0.5275,,,2026-01-22T09:40:49.464380
matplotlib__matplotlib-23476,0,planning,1769074824.7622802,1769074849.8644168,25.1021,1138,543,0.1713,21.78,42039,,,,,2026-01-22T09:40:49.969338
matplotlib__matplotlib-23964,0,planning,1769074828.7785723,1769074850.4338698,21.6553,1243,460,0.1897,21.43,42039,,,,,2026-01-22T09:40:50.539182
django__django-16816,0,coding,1769074833.6886344,1769074850.6142218,16.9256,1733,349,0.2437,20.92,42039,,0.1191,,,2026-01-22T09:40:50.685804
django__django-16816,0,debugging,1769074850.6863682,1769074851.1241632,0.4378,2106,1,0.3844,18.72,42039,,0.0721,True,,2026-01-22T09:40:51.230800
matplotlib__matplotlib-23562,0,planning,1769074825.7738175,1769074851.2530968,25.4793,419,541,0.1118,21.33,42039,,,,,2026-01-22T09:40:51.355150
django__django-16255,0,coding,1769074831.076563,1769074851.916575,20.84,958,431,0.1809,20.86,42039,,0.1257,,,2026-01-22T09:40:52.003492
django__django-15996,0,coding,1769074827.2076912,1769074852.0658453,24.8582,730,525,0.1592,21.26,42039,,0.1228,,,2026-01-22T09:40:52.182395
django__django-16255,0,debugging,1769074852.0041559,1769074852.2417097,0.2376,1413,1,0.2062,31.93,42039,,0.0876,True,,2026-01-22T09:40:52.318923
django__django-15996,0,debugging,1769074852.1830554,1769074852.4137146,0.2307,1279,1,0.1829,20.95,42039,,0.1172,True,,2026-01-22T09:40:52.560928
matplotlib__matplotlib-18869,0,coding,1769074839.5251544,1769074853.737774,14.2126,829,281,0.1806,20.03,42039,,0.0833,,,2026-01-22T09:40:53.869352
matplotlib__matplotlib-23987,0,planning,1769074829.7612126,1769074853.7645724,24.0034,382,506,0.1165,21.18,42039,,,,,2026-01-22T09:40:53.877464
matplotlib__matplotlib-18869,0,debugging,1769074853.8708665,1769074854.1504545,0.2796,1134,1,0.2424,26.89,42039,,0.1331,True,,2026-01-22T09:40:54.263988
django__django-15738,0,coding,1769074816.739456,1769074854.577922,37.8385,984,826,0.246,21.97,42039,,0.0464,,,2026-01-22T09:40:54.676245
django__django-15738,0,debugging,1769074854.6795044,1769074855.0172572,0.3378,1834,1,0.2661,13.95,42039,,0.1016,True,,2026-01-22T09:40:55.059565
matplotlib__matplotlib-23913,0,planning,1769074827.7825193,1769074854.9611588,27.1786,207,573,0.1168,21.17,42039,,,,,2026-01-22T09:40:55.065041
matplotlib__matplotlib-24970,0,planning,1769074833.788125,1769074855.0093641,21.2212,485,434,0.3187,20.76,42039,,,,,2026-01-22T09:40:55.142274
matplotlib__matplotlib-23563,0,planning,1769074826.7748408,1769074855.1349053,28.3601,1400,595,0.3113,21.21,42039,,,,,2026-01-22T09:40:55.207100
django__django-14730,0,debugging,1769074849.4652615,1769074855.4348361,5.9696,1769,110,0.2512,19.24,42039,,0.1418,True,,2026-01-22T09:40:55.491960
matplotlib__matplotlib-23299,0,planning,1769074822.7631216,1769074855.7311885,32.9681,534,706,0.1071,21.48,42039,,,,,2026-01-22T09:40:55.827877
django__django-16229,0,coding,1769074833.2580574,1769074856.0716107,22.8136,927,463,0.1836,20.46,42039,,0.1192,,,2026-01-22T09:40:56.165142
django__django-15819,0,coding,1769074819.9366965,1769074856.6320376,36.6953,616,783,0.239,21.48,42039,,0.0997,,,2026-01-22T09:40:56.756699
django__django-16139,0,coding,1769074828.893555,1769074856.6980834,27.8045,908,580,0.1579,20.98,42039,,0.0779,,,2026-01-22T09:40:56.834962
django__django-15819,0,debugging,1769074856.7574706,1769074857.1889951,0.4315,1423,1,0.2823,6.7,42039,,0.1254,True,,2026-01-22T09:40:57.248415
django__django-16139,0,debugging,1769074856.835742,1769074857.2341578,0.3984,1512,1,0.3326,15.19,42039,,0.1377,True,,2026-01-22T09:40:57.287489
django__django-16873,0,coding,1769074838.7809436,1769074858.557615,19.7767,1123,390,0.2798,20.0,42039,,0.1238,,,2026-01-22T09:40:58.678495
django__django-16873,0,debugging,1769074858.6813335,1769074859.009119,0.3278,1537,1,0.2279,10.01,42039,,0.1237,True,,2026-01-22T09:40:59.100063
matplotlib__matplotlib-24265,0,planning,1769074831.7617066,1769074859.4381018,27.6764,373,569,0.0843,20.62,42039,,,,,2026-01-22T09:40:59.549077
django__django-16595,0,coding,1769074840.4186502,1769074859.6210861,19.2024,1028,378,0.1664,19.86,42039,,0.1156,,,2026-01-22T09:40:59.700021
django__django-16595,0,debugging,1769074859.7006764,1769074859.9832904,0.2826,1430,1,0.1993,12.01,42039,,0.0796,True,,2026-01-22T09:41:00.079116
matplotlib__matplotlib-25079,0,planning,1769074834.7628636,1769074860.05823,25.2954,1098,514,0.1606,20.45,42039,,,,,2026-01-22T09:41:00.185660
django__django-16408,0,coding,1769074832.4975333,1769074860.684391,28.1869,747,575,0.1781,20.53,42039,,0.0486,,,2026-01-22T09:41:00.833515
django__django-16400,0,coding,1769074838.852393,1769074860.7830136,21.9306,1247,432,0.2618,19.94,42039,,0.119,,,2026-01-22T09:41:00.891818
django__django-16400,0,debugging,1769074860.8925486,1769074861.2669256,0.3744,1703,1,0.3272,21.21,42039,,0.1095,True,,2026-01-22T09:41:01.320893
matplotlib__matplotlib-25442,0,planning,1769074838.7727058,1769074861.4308865,22.6582,577,444,0.1137,19.69,42039,,,,,2026-01-22T09:41:01.480829
matplotlib__matplotlib-26011,0,planning,1769074840.7732608,1769074862.5417435,21.7685,411,428,0.1096,19.76,42039,,,,,2026-01-22T09:41:02.654254
matplotlib__matplotlib-22835,0,coding,1769074840.0688982,1769074863.225985,23.1571,936,449,0.1749,19.54,42039,,0.1261,,,2026-01-22T09:41:03.290072
matplotlib__matplotlib-22835,0,debugging,1769074863.2907705,1769074863.7461298,0.4554,1409,1,0.4005,18.23,42039,,0.0648,True,,2026-01-22T09:41:03.847809
django__django-17087,0,coding,1769074842.6327846,1769074864.0357506,21.403,823,413,0.2128,19.49,42039,,0.1247,,,2026-01-22T09:41:04.141705
matplotlib__matplotlib-24334,0,planning,1769074832.7615964,1769074864.0225651,31.261,237,625,0.0976,20.06,42039,,,,,2026-01-22T09:41:04.179441
matplotlib__matplotlib-26020,0,planning,1769074841.7825933,1769074864.437698,22.6551,5485,427,0.5749,19.34,42039,,,,,2026-01-22T09:41:04.488136
matplotlib__matplotlib-25332,0,planning,1769074836.7615948,1769074864.4302757,27.6687,312,538,0.1145,19.53,42039,,,,,2026-01-22T09:41:04.531391
django__django-17087,0,debugging,1769074864.142313,1769074864.471656,0.3293,1260,1,0.29,25.43,42039,,0.1066,True,,2026-01-22T09:41:04.572424
matplotlib__matplotlib-25433,0,planning,1769074837.7644844,1769074864.96847,27.204,498,525,0.3282,19.53,42039,,,,,2026-01-22T09:41:05.042527
django__django-16229,0,debugging,1769074856.1657116,1769074865.9256284,9.7599,1414,167,0.2253,17.52,42039,,0.0941,False,,2026-01-22T09:41:06.104777
matplotlib__matplotlib-25311,0,planning,1769074835.771451,1769074865.8784,30.1069,270,575,0.1127,19.17,42039,,,,,2026-01-22T09:41:06.108653
django__django-17051,0,coding,1769074840.514288,1769074866.53791,26.0236,795,488,0.1531,18.86,42039,,0.1385,,,2026-01-22T09:41:06.632837
django__django-16408,0,debugging,1769074860.8342469,1769074866.6590114,5.8248,1346,89,0.2057,15.84,42039,,0.1499,False,,2026-01-22T09:41:06.742755
django__django-15388,0,coding,1769074816.1373808,1769074866.8407001,50.7033,799,1056,0.1677,20.9,42039,,0.1139,,,2026-01-22T09:41:06.875014
django__django-17051,0,debugging,1769074866.6334376,1769074866.9966574,0.3632,1307,1,0.1759,5.34,42039,,0.0955,True,,2026-01-22T09:41:07.078543
django__django-15388,0,debugging,1769074866.8756056,1769074867.2401767,0.3646,1879,1,0.316,20.61,42039,,0.0349,True,,2026-01-22T09:41:07.338804
mwaskom__seaborn-3010,0,planning,1769074843.7761836,1769074868.1972587,24.4211,1240,453,0.2886,18.77,42039,,,,,2026-01-22T09:41:08.332699
matplotlib__matplotlib-25498,0,planning,1769074839.7633464,1769074868.2037127,28.4404,478,533,0.1159,18.82,42039,,,,,2026-01-22T09:41:08.337263
mwaskom__seaborn-3407,0,planning,1769074845.7774122,1769074870.1722689,24.3949,878,451,0.332,18.74,42039,,,,,2026-01-22T09:41:10.269032
mwaskom__seaborn-2848,0,planning,1769074842.769956,1769074870.2966676,27.5267,307,521,0.1295,19.02,42039,,,,,2026-01-22T09:41:10.379938
matplotlib__matplotlib-23314,0,coding,1769074847.4681003,1769074870.7408843,23.2728,774,433,0.1801,18.75,42039,,0.1463,,,2026-01-22T09:41:10.849009
matplotlib__matplotlib-23314,0,debugging,1769074870.8497622,1769074871.0860174,0.2363,1231,1,0.1629,13.63,42039,,0.1089,True,,2026-01-22T09:41:11.138757
matplotlib__matplotlib-22711,0,coding,1769074841.1860998,1769074871.125652,29.9396,1476,557,0.2323,18.75,42039,,0.0981,,,2026-01-22T09:41:11.227975
pallets__flask-4045,0,planning,1769074846.7620823,1769074871.8306172,25.0685,114,470,0.1444,18.86,42039,,,,,2026-01-22T09:41:11.940447
mwaskom__seaborn-3190,0,planning,1769074844.7911801,1769074872.079423,27.2882,540,504,0.1568,18.58,42039,,,,,2026-01-22T09:41:12.178529
django__django-16910,0,coding,1769074846.3691285,1769074872.1633942,25.7943,1084,477,0.2839,18.7,42039,,0.1171,,,2026-01-22T09:41:12.269174
matplotlib__matplotlib-23476,0,coding,1769074849.9701097,1769074873.7897906,23.8197,1648,433,0.2545,18.37,42039,,0.1057,,,2026-01-22T09:41:13.882841
matplotlib__matplotlib-22711,0,debugging,1769074871.2286913,1769074874.1770625,2.9484,2057,48,0.345,18.44,42039,,0.103,True,,2026-01-22T09:41:14.278696
matplotlib__matplotlib-23476,0,debugging,1769074873.8835104,1769074874.22393,0.3404,2105,1,0.2845,17.89,42039,,0.0937,True,,2026-01-22T09:41:14.319487
pallets__flask-4992,0,planning,1769074847.7888613,1769074874.3420603,26.5532,341,492,0.1133,18.61,42039,,,,,2026-01-22T09:41:14.453440
matplotlib__matplotlib-23964,0,coding,1769074850.5399246,1769074875.2154806,24.6756,1670,449,0.5142,18.58,42039,,0.1061,,,2026-01-22T09:41:15.272422
matplotlib__matplotlib-23964,0,debugging,1769074875.2733908,1769074875.6603935,0.387,2143,1,0.3416,22.03,42039,,0.0579,True,,2026-01-22T09:41:15.772976
psf__requests-1963,0,planning,1769074849.7856846,1769074875.8499126,26.0642,231,476,0.1326,18.36,42039,,,,,2026-01-22T09:41:15.891764
psf__requests-2148,0,planning,1769074850.7649388,1769074878.1172094,27.3523,807,497,0.3308,18.39,42039,,,,,2026-01-22T09:41:18.443354
matplotlib__matplotlib-24970,0,coding,1769074855.1427646,1769074879.2361128,24.0933,886,437,0.27,18.34,42039,,0.1334,,,2026-01-22T09:41:19.378679
matplotlib__matplotlib-24970,0,debugging,1769074879.3799634,1769074879.6405575,0.2606,1347,1,0.217,22.95,42039,,0.1439,True,,2026-01-22T09:41:19.706675
matplotlib__matplotlib-26011,0,coding,1769074862.6548688,1769074879.6525445,16.9977,806,296,0.207,17.63,42039,,0.1131,,,2026-01-22T09:41:19.754964
matplotlib__matplotlib-26011,0,debugging,1769074879.7875807,1769074880.1894472,0.4019,1126,1,0.2028,5.02,42039,,0.135,True,,2026-01-22T09:41:20.244188
pallets__flask-5063,0,planning,1769074848.7730284,1769074880.9451458,32.1721,415,590,0.139,18.42,42039,,,,,2026-01-22T09:41:21.081538
psf__requests-2674,0,planning,1769074852.761004,1769074881.365334,28.6043,175,522,0.1038,18.32,42039,,,,,2026-01-22T09:41:21.568131
matplotlib__matplotlib-24149,0,planning,1769074830.7750018,1769074881.5161414,50.7411,945,982,0.1552,19.41,42039,,,,,2026-01-22T09:41:21.657671
psf__requests-863,0,planning,1769074854.788251,1769074882.0489933,27.2607,237,487,0.227,18.01,42039,,,,,2026-01-22T09:41:22.157068
matplotlib__matplotlib-23299,0,coding,1769074855.82863,1769074882.6744907,26.8459,1207,483,0.1857,18.12,42039,,0.0974,,,2026-01-22T09:41:22.843863
matplotlib__matplotlib-23299,0,debugging,1769074882.8452423,1769074883.1892846,0.344,1714,1,0.2979,21.68,42039,,0.1708,True,,2026-01-22T09:41:23.321314
pydata__xarray-3364,0,planning,1769074855.780596,1769074883.4842305,27.7036,198,497,0.1235,18.02,42039,,,,,2026-01-22T09:41:23.594260
django__django-16910,0,debugging,1769074872.2698858,1769074884.0998642,11.83,1585,214,0.2782,18.53,42039,,0.1065,True,,2026-01-22T09:41:24.224515
pylint-dev__pylint-5859,0,planning,1769074860.7971141,1769074884.4699965,23.6729,370,417,0.1044,17.69,42039,,,,,2026-01-22T09:41:24.629023
psf__requests-2317,0,planning,1769074851.7808506,1769074886.1336231,34.3528,279,630,0.1243,18.41,42039,,,,,2026-01-22T09:41:26.302471
pylint-dev__pylint-6506,0,planning,1769074861.7904458,1769074886.7108765,24.9204,548,444,0.1245,17.91,42039,,,,,2026-01-22T09:41:26.841589
pydata__xarray-4493,0,planning,1769074858.7624419,1769074887.3495388,28.5871,846,511,0.2435,18.03,42039,,,,,2026-01-22T09:41:27.486603
pydata__xarray-4248,0,planning,1769074857.769065,1769074887.4408364,29.6718,311,536,0.1307,18.14,42039,,,,,2026-01-22T09:41:27.588916
django__django-16820,0,coding,1769074836.3180027,1769074887.537756,51.2198,604,968,0.1596,18.96,42039,,0.1249,,,2026-01-22T09:41:27.615685
django__django-16820,0,debugging,1769074887.6162796,1769074888.0406425,0.4244,1596,1,0.3641,16.6,42039,,0.0785,True,,2026-01-22T09:41:28.157210
matplotlib__matplotlib-26020,0,coding,1769074864.4888306,1769074888.4639506,23.9751,5879,427,0.6617,18.32,42039,,0.0511,,,2026-01-22T09:41:28.589004
psf__requests-3362,0,planning,1769074853.7912993,1769074888.6292014,34.8379,187,629,0.1179,18.12,42039,,,,,2026-01-22T09:41:28.776092
matplotlib__matplotlib-23987,0,coding,1769074853.877987,1769074888.9364345,35.0584,855,631,0.2321,18.12,42039,,0.1134,,,2026-01-22T09:41:29.007959
matplotlib__matplotlib-26020,0,debugging,1769074888.5897164,1769074889.7021818,1.1125,6330,1,0.9486,6.1,42039,,0.1258,True,,2026-01-22T09:41:29.811018
matplotlib__matplotlib-23987,0,debugging,1769074889.0086584,1769074889.7423859,0.7337,1510,1,0.6615,13.84,42039,,0.0722,True,,2026-01-22T09:41:29.894693
matplotlib__matplotlib-25332,0,coding,1769074864.5319107,1769074890.099698,25.5678,817,444,0.7982,17.93,42039,,0.1016,,,2026-01-22T09:41:30.834144
matplotlib__matplotlib-25442,0,coding,1769074861.481509,1769074890.2072334,28.7257,988,498,0.201,17.46,42039,,0.0506,,,2026-01-22T09:41:30.996412
pydata__xarray-5131,0,planning,1769074859.7676966,1769074890.570383,30.8027,580,533,0.1855,17.41,42039,,,,,2026-01-22T09:41:31.041910
matplotlib__matplotlib-24265,0,coding,1769074859.5497096,1769074890.7868626,31.2372,909,541,0.1932,17.43,42039,,0.1116,,,2026-01-22T09:41:31.095680
matplotlib__matplotlib-25332,0,debugging,1769074890.8872306,1769074891.393184,0.506,1285,1,0.3092,5.08,42039,,0.7875,True,,2026-01-22T09:41:31.459532
matplotlib__matplotlib-25442,0,debugging,1769074891.0317917,1769074891.572837,0.541,1510,1,0.3379,4.92,42039,,0.8246,True,,2026-01-22T09:41:31.703293
matplotlib__matplotlib-24265,0,debugging,1769074891.0962799,1769074891.6890574,0.5928,1474,1,0.5349,17.29,42039,,0.3094,True,,2026-01-22T09:41:31.809253
pallets__flask-4992,0,coding,1769074874.4541512,1769074891.8827145,17.4286,799,301,0.1882,17.46,42039,,0.1121,,,2026-01-22T09:41:31.976470
pallets__flask-4992,0,debugging,1769074891.97732,1769074892.2373424,0.26,1124,1,0.2027,17.43,42039,,0.0946,True,,2026-01-22T09:41:32.320564
pydata__xarray-4094,0,planning,1769074856.791657,1769074892.1899343,35.3983,634,621,0.382,17.73,42039,,,,,2026-01-22T09:41:32.320653
matplotlib__matplotlib-25433,0,coding,1769074865.0432267,1769074892.8784754,27.8352,990,490,0.404,17.86,42039,,0.0748,,,2026-01-22T09:41:32.997794
matplotlib__matplotlib-23913,0,coding,1769074855.0655642,1769074893.2668972,38.2013,747,664,0.1694,17.46,42039,,0.1044,,,2026-01-22T09:41:33.394540
matplotlib__matplotlib-25433,0,debugging,1769074892.9998581,1769074893.2860005,0.2861,1504,1,0.238,20.79,42039,,0.1214,True,,2026-01-22T09:41:33.407178
pytest-dev__pytest-5227,0,planning,1769074870.762455,1769074893.6469853,22.8845,343,397,0.1354,17.45,42039,,,,,2026-01-22T09:41:33.774978
matplotlib__matplotlib-23913,0,debugging,1769074893.399426,1769074893.6750512,0.2756,1435,1,0.2381,26.65,42039,,0.1325,True,,2026-01-22T09:41:33.776706
pylint-dev__pylint-7993,0,planning,1769074866.000858,1769074893.8105397,27.8097,653,490,0.1491,17.71,42039,,,,,2026-01-22T09:41:33.879777
pytest-dev__pytest-11148,0,planning,1769074867.7621152,1769074893.9585986,26.1965,806,462,0.1464,17.74,42039,,,,,2026-01-22T09:41:34.002679
pylint-dev__pylint-7114,0,planning,1769074863.762503,1769074894.7425523,30.98,588,538,0.1242,17.44,42039,,,,,2026-01-22T09:41:34.852963
pytest-dev__pytest-5103,0,planning,1769074868.7820604,1769074895.161817,26.3798,628,464,0.1534,17.69,42039,,,,,2026-01-22T09:41:35.266883
pytest-dev__pytest-6116,0,planning,1769074874.7621691,1769074895.838647,21.0765,279,363,0.137,17.34,42039,,,,,2026-01-22T09:41:35.963464
pylint-dev__pylint-7228,0,planning,1769074864.7862885,1769074895.8875153,31.1012,1392,541,0.6705,17.78,42039,,,,,2026-01-22T09:41:36.042785
pytest-dev__pytest-11143,0,planning,1769074866.762498,1769074895.9778223,29.2153,1834,515,0.2354,17.77,42039,,,,,2026-01-22T09:41:36.113377
psf__requests-1963,0,coding,1769074875.892438,1769074896.3740861,20.4816,673,350,0.2626,17.31,42039,,0.0425,,,2026-01-22T09:41:36.434315
matplotlib__matplotlib-23563,0,coding,1769074855.207576,1769074896.3489916,41.1414,1962,721,0.3026,17.65,42039,,0.0727,,,2026-01-22T09:41:36.447892
psf__requests-1963,0,debugging,1769074896.4349205,1769074896.9368973,0.502,1047,1,0.3027,5.02,42039,,0.0608,True,,2026-01-22T09:41:36.973919
pytest-dev__pytest-5221,0,planning,1769074869.7745519,1769074897.8025022,28.028,116,482,0.136,17.28,42039,,,,,2026-01-22T09:41:37.904532
django__django-16408,1,planning,1769074866.7434802,1769074898.1291633,31.3857,369,544,0.2627,17.48,42039,,,,,2026-01-22T09:41:38.243940
matplotlib__matplotlib-24334,0,coding,1769074864.1805675,1769074898.2756724,34.0951,829,583,0.2742,17.24,42039,,0.158,,,2026-01-22T09:41:38.340677
matplotlib__matplotlib-23562,0,coding,1769074851.3558562,1769074898.4747264,47.1189,927,831,0.1975,17.71,42039,,0.1028,,,2026-01-22T09:41:38.537716
matplotlib__matplotlib-24334,0,debugging,1769074898.3414776,1769074898.786213,0.4447,1436,1,0.2849,6.26,42039,,0.0658,True,,2026-01-22T09:41:38.866996
matplotlib__matplotlib-23562,0,debugging,1769074898.5383062,1769074898.829407,0.2911,1782,1,0.2534,26.54,42039,,0.0636,True,,2026-01-22T09:41:38.946967
matplotlib__matplotlib-23563,0,debugging,1769074896.4484298,1769074899.3962471,2.9478,2707,42,0.4593,16.88,42039,,0.0994,True,,2026-01-22T09:41:39.523507
psf__requests-863,0,coding,1769074882.157836,1769074899.517298,17.3595,690,282,0.1912,16.43,42039,,0.1088,,,2026-01-22T09:41:39.577102
psf__requests-863,0,debugging,1769074899.5778105,1769074899.8968039,0.319,996,1,0.2371,12.21,42039,,0.0605,True,,2026-01-22T09:41:39.960872
psf__requests-2148,0,coding,1769074878.4439242,1769074899.8913882,21.4475,1270,350,0.2153,16.48,42039,,0.3267,,,2026-01-22T09:41:40.009719
pytest-dev__pytest-5495,0,planning,1769074872.7619557,1769074901.3180435,28.5561,254,490,0.1088,17.22,42039,,,,,2026-01-22T09:41:41.478515
pytest-dev__pytest-5692,0,planning,1769074873.7932258,1769074901.7413874,27.9482,424,475,0.1369,17.08,42039,,,,,2026-01-22T09:41:41.862998
pytest-dev__pytest-5413,0,planning,1769074871.761722,1769074901.8350663,30.0733,1060,515,0.2106,17.25,42039,,,,,2026-01-22T09:41:41.917115
mwaskom__seaborn-2848,0,coding,1769074870.3807282,1769074903.8745868,33.4939,792,575,0.1758,17.26,42039,,0.0841,,,2026-01-22T09:41:44.167278
django__django-16229,1,planning,1769074866.105577,1769074903.9876447,37.8821,526,659,0.1653,17.47,42039,,,,,2026-01-22T09:41:44.170915
matplotlib__matplotlib-25311,0,coding,1769074866.1093478,1769074904.0722892,37.9629,812,661,0.159,17.48,42039,,0.2309,,,2026-01-22T09:41:44.174852
pylint-dev__pylint-7080,0,planning,1769074862.7727053,1769074904.094243,41.3215,7005,701,0.8481,17.32,42039,,,,,2026-01-22T09:41:44.213719
mwaskom__seaborn-3407,0,coding,1769074870.2698007,1769074904.1214347,33.8516,1293,582,0.1912,17.29,42039,,0.0975,,,2026-01-22T09:41:44.227385
mwaskom__seaborn-2848,0,debugging,1769074904.168277,1769074904.684941,0.5167,1391,1,0.3363,5.55,42039,,0.2937,True,,2026-01-22T09:41:44.769902
matplotlib__matplotlib-25311,0,debugging,1769074904.1753428,1769074904.8668056,0.6915,1497,1,0.5051,5.36,42039,,0.1031,True,,2026-01-22T09:41:44.913177
mwaskom__seaborn-3407,0,debugging,1769074904.2278528,1769074905.7586627,1.5308,1899,1,1.4476,12.01,42039,,0.1064,True,,2026-01-22T09:41:45.863927
pytest-dev__pytest-7373,0,planning,1769074878.3922288,1769074905.761528,27.3693,313,439,0.1187,16.11,42039,,,,,2026-01-22T09:41:45.905764
pytest-dev__pytest-9359,0,planning,1769074882.7982016,1769074906.6705837,23.8724,911,379,0.1951,16.01,42039,,,,,2026-01-22T09:41:46.822062
psf__requests-2148,0,debugging,1769074900.010412,1769074907.5111437,7.5007,1644,112,0.2748,15.5,42039,,0.119,True,,2026-01-22T09:41:47.626765
mwaskom__seaborn-3010,0,coding,1769074868.3333194,1769074908.3342102,40.0009,1657,677,0.2152,17.02,42039,,0.1361,,,2026-01-22T09:41:48.436403
mwaskom__seaborn-3010,0,debugging,1769074908.4372716,1769074908.840947,0.4037,2358,1,0.3307,13.7,42039,,0.1031,True,,2026-01-22T09:41:48.910204
psf__requests-2674,0,coding,1769074881.5690622,1769074909.072527,27.5035,663,441,0.2119,16.16,42039,,0.2037,,,2026-01-22T09:41:49.181692
pytest-dev__pytest-7432,0,planning,1769074878.770866,1769074909.0992613,30.3284,272,490,0.1457,16.23,42039,,,,,2026-01-22T09:41:49.181761
psf__requests-2674,0,debugging,1769074909.1830597,1769074909.511339,0.3283,1128,1,0.2742,18.51,42039,,0.1105,True,,2026-01-22T09:41:49.561295
pytest-dev__pytest-5227,0,coding,1769074893.778424,1769074909.6110883,15.8327,706,246,0.1821,15.72,42039,,0.1314,,,2026-01-22T09:41:49.675537
pytest-dev__pytest-5227,0,debugging,1769074909.6762164,1769074909.9846764,0.3085,976,1,0.2446,15.66,42039,,0.0651,True,,2026-01-22T09:41:50.110712
pytest-dev__pytest-8906,0,planning,1769074881.7861505,1769074910.2631428,28.477,553,458,0.2545,16.23,42039,,,,,2026-01-22T09:41:50.352553
pytest-dev__pytest-7220,0,planning,1769074876.781528,1769074910.2280753,33.4465,692,550,0.1593,16.52,42039,,,,,2026-01-22T09:41:50.360083
pytest-dev__pytest-7168,0,planning,1769074875.7672422,1769074910.305772,34.5385,2347,568,0.3825,16.63,42039,,,,,2026-01-22T09:41:50.412451
matplotlib__matplotlib-25498,0,coding,1769074868.337881,1769074910.8266292,42.4887,978,712,0.339,16.89,42039,,0.1342,,,2026-01-22T09:41:50.886067
matplotlib__matplotlib-25498,0,debugging,1769074910.8868487,1769074911.18258,0.2957,1714,1,0.2264,14.43,42039,,0.0602,True,,2026-01-22T09:41:51.307044
pytest-dev__pytest-7490,0,planning,1769074879.7951608,1769074911.2493837,31.4542,4250,496,0.6252,16.09,42039,,,,,2026-01-22T09:41:51.354696
pydata__xarray-5131,0,coding,1769074891.0432646,1769074911.6653728,20.6221,1079,313,0.5271,15.58,42039,,0.4729,,,2026-01-22T09:41:51.733893
pydata__xarray-5131,0,debugging,1769074911.7344873,1769074912.17221,0.4377,1416,1,0.3767,16.39,42039,,0.0691,True,,2026-01-22T09:41:52.300875
psf__requests-2317,0,coding,1769074886.303192,1769074912.2192762,25.9161,875,394,0.1588,15.3,42039,,0.1696,,,2026-01-22T09:41:52.349679
psf__requests-2317,0,debugging,1769074912.35025,1769074912.6431758,0.2929,1293,1,0.2488,22.68,42039,,0.131,True,,2026-01-22T09:41:52.776208
psf__requests-3362,0,coding,1769074888.77681,1769074913.1266022,24.3498,782,366,0.7719,15.52,42039,,0.1476,,,2026-01-22T09:41:53.234495
pylint-dev__pylint-5859,0,coding,1769074884.630462,1769074913.310932,28.6805,753,447,0.1711,15.68,42039,,0.1605,,,2026-01-22T09:41:53.379871
pylint-dev__pylint-5859,0,debugging,1769074913.3806229,1769074913.685867,0.3052,1224,1,0.2518,18.7,42039,,0.0697,True,,2026-01-22T09:41:53.780474
psf__requests-3362,0,debugging,1769074913.235124,1769074913.6286817,0.3936,1172,1,0.2643,7.74,42039,,0.1085,True,,2026-01-22T09:41:53.781929
pallets__flask-4045,0,coding,1769074871.9411464,1769074913.7447972,41.8037,550,687,0.1292,16.48,42039,,0.1105,,,2026-01-22T09:41:53.837317
pallets__flask-4045,0,debugging,1769074913.8379545,1769074914.1347153,0.2968,1261,1,0.2392,17.38,42039,,0.0932,True,,2026-01-22T09:41:54.243514
pytest-dev__pytest-11143,0,coding,1769074896.1140285,1769074915.7489371,19.6349,2315,300,0.6217,15.78,42039,,0.1362,,,2026-01-22T09:41:55.848346
pytest-dev__pytest-11143,0,debugging,1769074915.8489103,1769074916.2850862,0.4362,2639,1,0.3653,14.1,42039,,0.1,True,,2026-01-22T09:41:56.431270
scikit-learn__scikit-learn-11040,0,planning,1769074886.7856395,1769074916.260435,29.4748,240,456,0.1462,15.55,42039,,,,,2026-01-22T09:41:56.433035
pytest-dev__pytest-6116,0,coding,1769074895.9643862,1769074916.4307775,20.4664,608,313,0.1825,15.43,42039,,0.1257,,,2026-01-22T09:41:56.522247
scikit-learn__scikit-learn-10297,0,planning,1769074883.7710714,1769074916.6170714,32.846,455,522,0.1437,15.96,42039,,,,,2026-01-22T09:41:56.730422
mwaskom__seaborn-3190,0,coding,1769074872.1792388,1769074917.5307715,45.3515,1008,742,0.2106,16.44,42039,,0.0998,,,2026-01-22T09:41:58.015069
matplotlib__matplotlib-25079,0,coding,1769074860.1862805,1769074917.5354307,57.3492,1579,954,0.2265,16.7,42039,,0.1281,,,2026-01-22T09:41:58.071693
scikit-learn__scikit-learn-12471,0,planning,1769074888.768456,1769074917.8629472,29.0945,646,449,0.7832,15.86,42039,,,,,2026-01-22T09:41:58.075970
mwaskom__seaborn-3190,0,debugging,1769074918.016433,1769074918.4615295,0.4451,1774,1,0.2459,5.02,42039,,0.4857,True,,2026-01-22T09:41:58.554381
matplotlib__matplotlib-25079,0,debugging,1769074918.0722532,1769074918.6968384,0.6246,2557,1,0.5685,17.82,42039,,0.5368,True,,2026-01-22T09:41:58.808610
pylint-dev__pylint-6506,0,coding,1769074886.8422844,1769074918.8059354,31.9637,958,495,0.2042,15.59,42039,,0.1314,,,2026-01-22T09:41:58.860697
pylint-dev__pylint-6506,0,debugging,1769074918.8613093,1769074919.1324766,0.2712,1477,1,0.2116,16.78,42039,,0.0554,True,,2026-01-22T09:41:59.230837
scikit-learn__scikit-learn-13142,0,planning,1769074889.7986383,1769074919.2806501,29.482,1044,462,0.2169,15.79,42039,,,,,2026-01-22T09:41:59.416541
scikit-learn__scikit-learn-13241,0,planning,1769074890.9995718,1769074919.2548282,28.2553,340,437,0.3846,15.68,42039,,,,,2026-01-22T09:41:59.417390
pallets__flask-5063,0,coding,1769074881.0821745,1769074919.8102674,38.7281,971,617,0.1725,16.0,42039,,0.137,,,2026-01-22T09:41:59.980735
scikit-learn__scikit-learn-10508,0,planning,1769074884.7620318,1769074920.0782824,35.3163,501,557,0.1283,15.83,42039,,,,,2026-01-22T09:42:00.115425
pallets__flask-5063,0,debugging,1769074919.9839835,1769074920.3522742,0.3683,1613,1,0.2588,9.13,42039,,0.1737,True,,2026-01-22T09:42:00.517571
pytest-dev__pytest-5103,0,coding,1769074895.2675984,1769074920.410009,25.1424,1058,386,0.2479,15.51,42039,,0.1058,,,2026-01-22T09:42:00.530114
pytest-dev__pytest-8365,0,planning,1769074880.7733936,1769074920.8079154,40.0345,520,637,0.1426,15.97,42039,,,,,2026-01-22T09:42:00.869138
pytest-dev__pytest-5103,0,debugging,1769074920.5308235,1769074920.840707,0.3099,1468,1,0.2558,18.48,42039,,0.1208,True,,2026-01-22T09:42:00.979697
scikit-learn__scikit-learn-11281,0,planning,1769074887.762525,1769074921.4323847,33.6699,185,521,0.2281,15.58,42039,,,,,2026-01-22T09:42:01.539187
pytest-dev__pytest-11148,0,coding,1769074894.0033395,1769074922.3036795,28.3003,1234,444,0.2076,15.8,42039,,0.0447,,,2026-01-22T09:42:02.415432
pytest-dev__pytest-11148,0,debugging,1769074922.4161618,1769074922.7476327,0.3315,1702,1,0.2892,23.66,42039,,0.1125,True,,2026-01-22T09:42:02.874166
pytest-dev__pytest-6116,0,debugging,1769074916.5231538,1769074923.4950812,6.9719,945,112,0.1965,16.53,42039,,0.0924,True,,2026-01-22T09:42:03.641755
pylint-dev__pylint-7993,0,coding,1769074893.8805737,1769074923.821579,29.941,1109,474,0.1977,15.94,42039,,0.07,,,2026-01-22T09:42:03.944156
pylint-dev__pylint-7993,0,debugging,1769074923.944888,1769074924.2857635,0.3409,1607,1,0.2803,16.51,42039,,0.1233,True,,2026-01-22T09:42:04.398967
scikit-learn__scikit-learn-13779,0,planning,1769074895.7617657,1769074924.856413,29.0946,211,459,0.1887,15.88,42039,,,,,2026-01-22T09:42:04.991199
pylint-dev__pylint-7114,0,coding,1769074894.8535612,1769074925.019003,30.1654,1092,478,0.2385,15.97,42039,,0.111,,,2026-01-22T09:42:05.087106
pylint-dev__pylint-7114,0,debugging,1769074925.087668,1769074925.3800893,0.2924,1594,1,0.2427,20.13,42039,,0.0687,True,,2026-01-22T09:42:05.438136
scikit-learn__scikit-learn-13497,0,planning,1769074893.7804556,1769074925.4800498,31.6996,137,503,0.1785,15.96,42039,,,,,2026-01-22T09:42:05.533581
pytest-dev__pytest-5413,0,coding,1769074901.9176493,1769074925.6170018,23.6994,1541,372,0.2749,15.88,42039,,0.0826,,,2026-01-22T09:42:05.718163
pytest-dev__pytest-5413,0,debugging,1769074925.7190385,1769074926.0929098,0.3739,1937,1,0.2909,12.05,42039,,0.102,True,,2026-01-22T09:42:06.187747
scikit-learn__scikit-learn-10949,0,planning,1769074885.7941005,1769074926.332809,40.5387,530,643,0.1488,15.92,42039,,,,,2026-01-22T09:42:06.435567
scikit-learn__scikit-learn-13439,0,planning,1769074891.8081932,1769074926.3833196,34.5751,443,551,0.1602,16.01,42039,,,,,2026-01-22T09:42:06.517789
scikit-learn__scikit-learn-14087,0,planning,1769074896.760677,1769074926.7963226,30.0356,739,480,0.2555,16.12,42039,,,,,2026-01-22T09:42:06.890232
scikit-learn__scikit-learn-13584,0,planning,1769074894.796686,1769074928.1639636,33.3673,163,532,0.1222,16.0,42039,,,,,2026-01-22T09:42:08.308681
scikit-learn__scikit-learn-14894,0,planning,1769074898.7619271,1769074928.1814597,29.4195,636,474,0.1818,16.21,42039,,,,,2026-01-22T09:42:08.319546
pytest-dev__pytest-5221,0,coding,1769074897.9052634,1769074928.2281482,30.3229,564,486,0.161,16.11,42039,,0.1028,,,2026-01-22T09:42:08.367167
pydata__xarray-4248,0,coding,1769074887.5903149,1769074928.2111707,40.6209,813,643,0.2833,15.94,42039,,0.1495,,,2026-01-22T09:42:08.408701
pytest-dev__pytest-5221,0,debugging,1769074928.3680098,1769074928.8351026,0.4671,1074,1,0.3872,12.52,42039,,0.1399,True,,2026-01-22T09:42:08.943751
pydata__xarray-4248,0,debugging,1769074928.4093432,1769074928.922281,0.5129,1480,1,0.437,13.17,42039,,0.1982,True,,2026-01-22T09:42:09.029466
scikit-learn__scikit-learn-13496,0,planning,1769074892.7942135,1769074929.3194783,36.5253,395,582,0.1542,16.0,42039,,,,,2026-01-22T09:42:09.501477
pytest-dev__pytest-7432,0,coding,1769074909.1830943,1769074929.3965907,20.2135,728,325,0.2541,16.28,42039,,0.0838,,,2026-01-22T09:42:09.550663
scikit-learn__scikit-learn-15512,0,planning,1769074900.7734811,1769074929.4432359,28.6698,628,457,0.1771,16.04,42039,,,,,2026-01-22T09:42:09.552410
pylint-dev__pylint-7080,0,coding,1769074904.2143395,1769074929.4030266,25.1887,7672,389,1.2669,16.26,42039,,0.1201,,,2026-01-22T09:42:09.595189
django__django-16229,1,coding,1769074904.171626,1769074929.597392,25.4258,976,397,0.4878,15.92,42039,,0.184,,,2026-01-22T09:42:09.632971
pytest-dev__pytest-7432,0,debugging,1769074929.552236,1769074930.0691812,0.5169,1077,1,0.3055,4.73,42039,,0.1556,True,,2026-01-22T09:42:10.162616
django__django-16229,1,debugging,1769074929.6336238,1769074930.9659336,1.3323,1397,1,1.2564,13.18,42039,,0.0362,True,,2026-01-22T09:42:11.861563
pylint-dev__pylint-7080,0,debugging,1769074929.5983155,1769074930.9679787,1.3697,8085,1,1.2849,11.79,42039,,0.1953,True,,2026-01-22T09:42:11.871457
pytest-dev__pytest-7490,0,coding,1769074911.3554099,1769074931.6102858,20.2549,4712,319,0.6828,16.3,42039,,0.106,,,2026-01-22T09:42:11.961532
scikit-learn__scikit-learn-15535,0,planning,1769074901.762225,1769074932.2401345,30.4779,211,474,0.141,15.62,42039,,,,,2026-01-22T09:42:12.299064
pylint-dev__pylint-7228,0,coding,1769074896.0442553,1769074932.6346407,36.5904,1899,568,0.2991,15.65,42039,,0.1567,,,2026-01-22T09:42:12.764023
pytest-dev__pytest-7490,0,debugging,1769074931.96226,1769074932.6376722,0.6754,5055,1,0.622,18.72,42039,,0.352,True,,2026-01-22T09:42:12.788059
scikit-learn__scikit-learn-25500,0,planning,1769074902.7633796,1769074932.8803961,30.117,1335,465,0.2046,15.55,42039,,,,,2026-01-22T09:42:12.956397
pylint-dev__pylint-7228,0,debugging,1769074932.7904613,1769074933.3646595,0.5742,2491,1,0.4829,10.95,42039,,0.1558,True,,2026-01-22T09:42:13.501949
sphinx-doc__sphinx-10451,0,planning,1769074907.7651865,1769074934.0943894,26.3292,488,414,0.1768,15.83,42039,,,,,2026-01-22T09:42:14.265591
pytest-dev__pytest-7373,0,coding,1769074905.9071066,1769074934.3134398,28.4063,718,452,0.2571,16.06,42039,,0.1456,,,2026-01-22T09:42:14.369653
pydata__xarray-4094,0,coding,1769074892.3221245,1769074934.5792565,42.2571,1221,666,0.1861,15.83,42039,,0.1322,,,2026-01-22T09:42:14.725251
pytest-dev__pytest-7373,0,debugging,1769074934.3704178,1769074934.6249633,0.2545,1194,1,0.2095,22.21,42039,,0.057,True,,2026-01-22T09:42:14.760817
scikit-learn__scikit-learn-25638,0,planning,1769074904.7635648,1769074934.8614614,30.0979,514,466,0.9873,16.01,42039,,,,,2026-01-22T09:42:14.895400
pydata__xarray-4094,0,debugging,1769074934.7265525,1769074935.1520383,0.4255,1911,1,0.2995,7.94,42039,,0.1473,True,,2026-01-22T09:42:15.294585
django__django-16408,1,coding,1769074898.2445822,1769074935.3364987,37.0919,782,582,0.2016,15.78,42039,,0.1154,,,2026-01-22T09:42:15.474284
django__django-16408,1,debugging,1769074935.4753122,1769074935.7498307,0.2745,1388,1,0.2242,19.86,42039,,0.1388,True,,2026-01-22T09:42:15.882526
scikit-learn__scikit-learn-14983,0,planning,1769074899.761362,1769074935.8380883,36.0767,480,569,0.1083,15.82,42039,,,,,2026-01-22T09:42:15.950853
pytest-dev__pytest-7220,0,coding,1769074910.3606188,1769074936.1906817,25.8301,1208,405,0.4347,15.95,42039,,0.1325,,,2026-01-22T09:42:16.321506
pytest-dev__pytest-7220,0,debugging,1769074936.322765,1769074936.6088889,0.2861,1637,1,0.2395,21.43,42039,,0.1321,True,,2026-01-22T09:42:16.752177
scikit-learn__scikit-learn-25747,0,planning,1769074905.7646065,1769074936.9552455,31.1906,1742,498,0.2762,16.11,42039,,,,,2026-01-22T09:42:17.111635
sphinx-doc__sphinx-7686,0,planning,1769074909.7617075,1769074937.1163468,27.3546,402,434,0.2138,15.99,42039,,,,,2026-01-22T09:42:17.244256
scikit-learn__scikit-learn-10508,0,coding,1769074920.1159713,1769074937.9465582,17.8306,1020,288,0.2553,16.39,42039,,0.0377,,,2026-01-22T09:42:18.088201
sphinx-doc__sphinx-10325,0,planning,1769074906.7753239,1769074938.024724,31.2494,281,500,0.126,16.07,42039,,,,,2026-01-22T09:42:18.176254
scikit-learn__scikit-learn-10508,0,debugging,1769074938.0889723,1769074938.4210525,0.3321,1332,1,0.2138,8.46,42039,,0.1424,True,,2026-01-22T09:42:18.557942
pydata__xarray-4493,0,coding,1769074887.4878967,1769074938.6942983,51.2064,1323,806,0.2206,15.81,42039,,0.1384,,,2026-01-22T09:42:18.832410
scikit-learn__scikit-learn-14092,0,planning,1769074897.7609003,1769074939.252275,41.4914,773,659,0.1852,15.95,42039,,,,,2026-01-22T09:42:19.341149
pydata__xarray-4493,0,debugging,1769074938.8332999,1769074939.2545068,0.4212,2153,1,0.3589,16.06,42039,,0.139,True,,2026-01-22T09:42:19.425478
sphinx-doc__sphinx-11445,0,planning,1769074908.800711,1769074939.934467,31.1338,594,498,0.1879,16.09,42039,,,,,2026-01-22T09:42:20.075095
pytest-dev__pytest-8365,0,coding,1769074920.8697295,1769074939.982901,19.1132,1123,312,0.2162,16.51,42039,,0.0618,,,2026-01-22T09:42:20.118286
pytest-dev__pytest-8365,0,debugging,1769074940.1189926,1769074940.458014,0.339,1459,1,0.2851,18.54,42039,,0.1361,True,,2026-01-22T09:42:20.686131
scikit-learn__scikit-learn-13439,0,coding,1769074926.5187201,1769074941.9163325,15.3976,956,250,0.255,16.51,42039,,0.1354,,,2026-01-22T09:42:22.104777
sphinx-doc__sphinx-7738,0,planning,1769074910.7623467,1769074942.0718906,31.3095,352,513,0.2009,16.49,42039,,,,,2026-01-22T09:42:22.198894
scikit-learn__scikit-learn-13439,0,debugging,1769074942.1059523,1769074942.4145215,0.3086,1230,1,0.2061,9.76,42039,,0.1896,True,,2026-01-22T09:42:22.526308
pytest-dev__pytest-5495,0,coding,1769074901.4793873,1769074942.651424,41.172,710,661,0.1544,16.12,42039,,0.1613,,,2026-01-22T09:42:22.747096
sphinx-doc__sphinx-8595,0,planning,1769074917.9620767,1769074942.8742602,24.9122,252,409,0.1501,16.52,42039,,,,,2026-01-22T09:42:22.930433
pytest-dev__pytest-5495,0,debugging,1769074942.7478325,1769074943.126009,0.3782,1395,1,0.2655,8.88,42039,,0.0964,True,,2026-01-22T09:42:23.261656
sphinx-doc__sphinx-8435,0,planning,1769074914.761497,1769074943.3322098,28.5707,293,474,0.1302,16.67,42039,,,,,2026-01-22T09:42:24.174181
sphinx-doc__sphinx-7975,0,planning,1769074911.7616477,1769074943.8596365,32.098,179,527,0.3509,16.6,42039,,,,,2026-01-22T09:42:24.331686
scikit-learn__scikit-learn-13779,0,coding,1769074924.9919293,1769074943.9632723,18.9713,632,310,0.1583,16.48,42039,,0.1355,,,2026-01-22T09:42:24.331798
scikit-learn__scikit-learn-13779,0,debugging,1769074944.3340616,1769074944.6666315,0.3326,966,1,0.2954,26.89,42039,,0.3708,True,,2026-01-22T09:42:24.760461
scikit-learn__scikit-learn-11040,0,coding,1769074916.43507,1769074945.0405726,28.6055,658,478,0.1549,16.8,42039,,0.1746,,,2026-01-22T09:42:25.181012
scikit-learn__scikit-learn-11040,0,debugging,1769074945.1832256,1769074945.4412258,0.258,1160,1,0.1979,16.64,42039,,0.1427,True,,2026-01-22T09:42:25.585004
sphinx-doc__sphinx-8627,0,planning,1769074918.7624617,1769074945.4666905,26.7042,403,450,0.1433,16.94,42039,,,,,2026-01-22T09:42:25.631479
scikit-learn__scikit-learn-25570,0,planning,1769074904.0549507,1769074945.5702055,41.5153,1626,670,0.2527,16.24,42039,,,,,2026-01-22T09:42:25.719740
sphinx-doc__sphinx-8273,0,planning,1769074912.76871,1769074946.366121,33.5974,283,565,0.1393,16.89,42039,,,,,2026-01-22T09:42:26.475059
pytest-dev__pytest-9359,0,coding,1769074906.823003,1769074946.972856,40.1499,1256,665,0.2164,16.65,42039,,0.1524,,,2026-01-22T09:42:27.121409
sphinx-doc__sphinx-8282,0,planning,1769074913.7843552,1769074947.053441,33.2691,291,562,0.1591,16.97,42039,,,,,2026-01-22T09:42:27.210894
pytest-dev__pytest-7168,0,coding,1769074910.4131007,1769074947.1832976,36.7702,2881,608,0.5309,16.78,42039,,0.1073,,,2026-01-22T09:42:27.285575
pytest-dev__pytest-9359,0,debugging,1769074947.1228187,1769074947.6074407,0.4846,1945,1,0.2793,4.87,42039,,0.15,True,,2026-01-22T09:42:27.648516
sphinx-doc__sphinx-8506,0,planning,1769074916.7800612,1769074947.7922451,31.0122,318,516,0.2009,16.75,42039,,,,,2026-01-22T09:42:27.887112
sphinx-doc__sphinx-8713,0,planning,1769074919.7631483,1769074947.9740157,28.2109,455,472,0.1667,16.83,42039,,,,,2026-01-22T09:42:28.007412
pytest-dev__pytest-7168,0,debugging,1769074947.286243,1769074947.963355,0.6771,3513,1,0.5797,10.26,42039,,0.1029,True,,2026-01-22T09:42:28.024237
sphinx-doc__sphinx-8474,0,planning,1769074915.796379,1769074948.4470472,32.6507,189,540,0.1444,16.61,42039,,,,,2026-01-22T09:42:28.579488
matplotlib__matplotlib-24149,0,coding,1769074881.6583068,1769074949.0433311,67.385,1894,1100,0.3091,16.4,42039,,0.1422,,,2026-01-22T09:42:29.213785
scikit-learn__scikit-learn-10297,0,coding,1769074916.7317739,1769074949.8834872,33.1517,939,553,0.1975,16.78,42039,,0.1147,,,2026-01-22T09:42:30.029173
pytest-dev__pytest-8906,0,coding,1769074910.3544543,1769074949.937884,39.5834,977,651,0.2705,16.56,42039,,0.0913,,,2026-01-22T09:42:30.118380
scikit-learn__scikit-learn-10297,0,debugging,1769074950.030205,1769074950.4229476,0.3927,1516,1,0.2226,5.88,42039,,0.1467,True,,2026-01-22T09:42:30.578804
scikit-learn__scikit-learn-10949,0,coding,1769074926.436145,1769074950.4891908,24.053,1135,397,0.2218,16.66,42039,,0.1033,,,2026-01-22T09:42:30.617693
pytest-dev__pytest-8906,0,debugging,1769074950.1196587,1769074950.456393,0.3367,1652,1,0.2941,23.45,42039,,0.1818,True,,2026-01-22T09:42:30.620224
scikit-learn__scikit-learn-13241,0,coding,1769074919.4192424,1769074950.5119789,31.0927,739,518,0.3363,16.84,42039,,0.1644,,,2026-01-22T09:42:30.636052
scikit-learn__scikit-learn-10949,0,debugging,1769074950.621074,1769074950.982004,0.3609,1556,1,0.2266,7.45,42039,,0.1319,True,,2026-01-22T09:42:31.139759
scikit-learn__scikit-learn-13241,0,debugging,1769074950.6622746,1769074951.0402913,0.378,1281,1,0.3187,16.85,42039,,0.1503,True,,2026-01-22T09:42:31.186736
sphinx-doc__sphinx-8721,0,planning,1769074920.7622077,1769074951.4850833,30.7229,211,518,0.1311,16.93,42039,,,,,2026-01-22T09:42:31.589361
matplotlib__matplotlib-24149,0,debugging,1769074949.2144582,1769074952.0991042,2.8846,3018,44,0.3698,17.5,42039,,0.1711,True,,2026-01-22T09:42:32.233569
sympy__sympy-11400,0,planning,1769074922.7707226,1769074952.3554273,29.5847,188,500,0.128,16.97,42039,,,,,2026-01-22T09:42:32.458831
scikit-learn__scikit-learn-14087,0,coding,1769074926.8910394,1769074953.2960722,26.405,1181,449,0.1747,17.12,42039,,0.0947,,,2026-01-22T09:42:33.426790
scikit-learn__scikit-learn-14087,0,debugging,1769074953.4282765,1769074953.7173862,0.2891,1654,1,0.221,14.69,42039,,0.1322,True,,2026-01-22T09:42:33.860770
sympy__sympy-12171,0,planning,1769074925.7615561,1769074955.0940585,29.3325,228,501,0.3274,17.27,42039,,,,,2026-01-22T09:42:35.347330
sphinx-doc__sphinx-8801,0,planning,1769074921.7674336,1769074955.175414,33.408,298,576,0.1327,17.31,42039,,,,,2026-01-22T09:42:35.347399
sympy__sympy-12481,0,planning,1769074929.7621374,1769074955.302269,25.5401,157,438,1.134,17.95,42039,,,,,2026-01-22T09:42:35.394503
sympy__sympy-13031,0,planning,1769074930.7613823,1769074955.5638409,24.8025,359,441,0.1708,17.9,42039,,,,,2026-01-22T09:42:36.526174
sympy__sympy-11897,0,planning,1769074924.7766302,1769074955.582522,30.8059,286,526,0.1247,17.14,42039,,,,,2026-01-22T09:42:36.529680
scikit-learn__scikit-learn-25638,0,coding,1769074934.8959541,1769074956.371214,21.4753,942,386,0.2574,18.19,42039,,0.0345,,,2026-01-22T09:42:36.671535
sphinx-doc__sphinx-7686,0,coding,1769074937.2451472,1769074956.6146061,19.3695,801,352,0.3,18.46,42039,,0.1288,,,2026-01-22T09:42:36.719062
scikit-learn__scikit-learn-25638,0,debugging,1769074956.672926,1769074957.138664,0.4657,1352,1,0.3283,7.28,42039,,0.3017,True,,2026-01-22T09:42:37.275908
sphinx-doc__sphinx-7686,0,debugging,1769074956.71963,1769074957.1524785,0.4328,1177,1,0.4072,38.92,42039,,0.105,True,,2026-01-22T09:42:37.295078
sympy__sympy-12454,0,planning,1769074928.7652597,1769074958.3322163,29.567,464,514,0.1463,17.47,42039,,,,,2026-01-22T09:42:38.570605
scikit-learn__scikit-learn-15512,0,coding,1769074929.554739,1769074958.380033,28.8253,1047,499,0.4775,17.6,42039,,0.1115,,,2026-01-22T09:42:38.571852
pydata__xarray-3364,0,coding,1769074883.5955272,1769074958.625238,75.0297,661,1249,0.1645,16.68,42039,,0.1113,,,2026-01-22T09:42:38.780641
scikit-learn__scikit-learn-15512,0,debugging,1769074958.5736585,1769074959.0797718,0.5061,1570,1,0.32,5.37,42039,,0.1936,True,,2026-01-22T09:42:39.220468
pydata__xarray-3364,0,debugging,1769074958.7813523,1769074959.2033846,0.422,1934,1,0.3587,15.8,42039,,0.1561,True,,2026-01-22T09:42:39.352377
scikit-learn__scikit-learn-15535,0,coding,1769074932.2998188,1769074960.2664728,27.9667,647,501,0.2871,18.1,42039,,0.0597,,,2026-01-22T09:42:40.415699
sympy__sympy-11870,0,planning,1769074923.7853634,1769074960.410959,36.6256,187,634,0.1131,17.36,42039,,,,,2026-01-22T09:42:40.517209
sympy__sympy-13043,0,planning,1769074931.8703585,1769074960.474352,28.604,168,510,0.1064,17.9,42039,,,,,2026-01-22T09:42:40.576240
scikit-learn__scikit-learn-15535,0,debugging,1769074960.4167295,1769074960.7007933,0.2841,1172,1,0.1837,9.97,42039,,0.1503,True,,2026-01-22T09:42:40.820817
sphinx-doc__sphinx-8595,0,coding,1769074942.9311597,1769074961.0554721,18.1243,626,326,0.1803,18.17,42039,,0.0569,,,2026-01-22T09:42:41.191173
sympy__sympy-12419,0,planning,1769074927.7620614,1769074961.0336297,33.2716,400,576,0.1351,17.38,42039,,,,,2026-01-22T09:42:41.237287
scikit-learn__scikit-learn-13584,0,coding,1769074928.3160648,1769074961.2536163,32.9376,657,570,0.2341,17.43,42039,,0.1521,,,2026-01-22T09:42:41.359956
sphinx-doc__sphinx-7738,0,coding,1769074942.19966,1769074961.4119208,19.2123,830,345,0.223,18.17,42039,,0.1278,,,2026-01-22T09:42:41.506071
sphinx-doc__sphinx-8595,0,debugging,1769074961.1923864,1769074961.6236353,0.4312,976,1,0.2366,5.14,42039,,0.1369,True,,2026-01-22T09:42:41.679905
sphinx-doc__sphinx-7738,0,debugging,1769074961.5066764,1769074961.8092866,0.3026,1199,1,0.2511,19.41,42039,,0.0948,True,,2026-01-22T09:42:41.967712
sympy__sympy-12236,0,planning,1769074926.7615511,1769074961.7883399,35.0268,753,604,0.1628,17.32,42039,,,,,2026-01-22T09:42:41.975457
scikit-learn__scikit-learn-13584,0,debugging,1769074961.3607428,1769074961.8155093,0.4548,1251,1,0.3993,18.03,42039,,0.1071,True,,2026-01-22T09:42:41.980722
scikit-learn__scikit-learn-13497,0,coding,1769074925.5341215,1769074962.1935186,36.6594,602,628,0.1696,17.21,42039,,0.0541,,,2026-01-22T09:42:42.337207
scikit-learn__scikit-learn-13497,0,debugging,1769074962.3387218,1769074962.6010942,0.2624,1254,1,0.2148,21.0,42039,,0.1452,True,,2026-01-22T09:42:42.707471
scikit-learn__scikit-learn-11281,0,coding,1769074921.5398564,1769074962.615359,41.0755,668,707,0.206,17.3,42039,,0.1075,,,2026-01-22T09:42:42.711237
sphinx-doc__sphinx-8713,0,coding,1769074948.0079713,1769074962.958452,14.9505,892,267,0.1545,18.05,42039,,0.034,,,2026-01-22T09:42:43.031376
scikit-learn__scikit-learn-11281,0,debugging,1769074962.711845,1769074962.9999406,0.2881,1399,1,0.2038,11.86,42039,,0.0965,True,,2026-01-22T09:42:43.116521
sphinx-doc__sphinx-8713,0,debugging,1769074963.032441,1769074963.3119986,0.2796,1183,1,0.2193,16.59,42039,,0.074,True,,2026-01-22T09:42:43.425081
sympy__sympy-13177,0,planning,1769074933.8049715,1769074963.3912446,29.5863,208,525,0.1158,17.81,42039,,,,,2026-01-22T09:42:43.501248
sphinx-doc__sphinx-10451,0,coding,1769074934.2669127,1769074964.0678287,29.8009,867,528,0.1946,17.83,42039,,0.1725,,,2026-01-22T09:42:44.166838
sphinx-doc__sphinx-8435,0,coding,1769074944.236257,1769074964.2752337,20.039,732,350,0.196,17.64,42039,,0.904,,,2026-01-22T09:42:44.348338
sphinx-doc__sphinx-10451,0,debugging,1769074964.1681035,1769074964.5580144,0.3899,1419,1,0.2374,6.56,42039,,0.1003,True,,2026-01-22T09:42:44.658049
sphinx-doc__sphinx-8435,0,debugging,1769074964.3489487,1769074964.5873976,0.2384,1106,1,0.1949,22.96,42039,,0.0737,True,,2026-01-22T09:42:44.704238
scikit-learn__scikit-learn-14894,0,coding,1769074928.3206594,1769074964.8581743,36.5375,1072,626,0.251,17.25,42039,,0.1392,,,2026-01-22T09:42:44.932937
scikit-learn__scikit-learn-14894,0,debugging,1769074964.9335978,1769074965.24419,0.3106,1722,1,0.2589,19.35,42039,,0.0754,True,,2026-01-22T09:42:45.366833
sympy__sympy-13146,0,planning,1769074932.8385344,1769074965.7021186,32.8636,185,582,0.4333,17.95,42039,,,,,2026-01-22T09:42:45.941491
sphinx-doc__sphinx-7975,0,coding,1769074944.3340373,1769074966.7338738,22.3998,671,395,0.2928,17.87,42039,,0.4744,,,2026-01-22T09:42:46.901114
scikit-learn__scikit-learn-13142,0,coding,1769074919.4187,1769074966.7772915,47.3586,1468,818,0.2707,17.37,42039,,0.138,,,2026-01-22T09:42:46.947416
sphinx-doc__sphinx-10325,0,coding,1769074938.1806638,1769074967.1401222,28.9595,746,521,0.2201,18.13,42039,,0.1559,,,2026-01-22T09:42:47.260632
sphinx-doc__sphinx-7975,0,debugging,1769074966.9018073,1769074967.31476,0.413,1090,1,0.2504,6.15,42039,,0.1679,True,,2026-01-22T09:42:47.394954
sphinx-doc__sphinx-10325,0,debugging,1769074967.2612872,1769074967.5448096,0.2835,1291,1,0.2147,14.52,42039,,0.1212,True,,2026-01-22T09:42:47.641045
scikit-learn__scikit-learn-13142,0,debugging,1769074966.948052,1769074967.5367374,0.5887,2310,1,0.5524,27.57,42039,,0.1708,True,,2026-01-22T09:42:47.647931
sympy__sympy-13647,0,planning,1769074937.77309,1769074967.7595513,29.9865,724,536,0.1741,17.98,42039,,,,,2026-01-22T09:42:47.850283
sympy__sympy-13471,0,planning,1769074935.7965343,1769074968.0326688,32.2361,295,575,0.1235,17.91,42039,,,,,2026-01-22T09:42:48.122479
sympy__sympy-12171,0,coding,1769074955.3485522,1769074968.0755894,12.727,693,219,0.2393,17.54,42039,,0.2545,,,2026-01-22T09:42:48.157264
sympy__sympy-13773,0,planning,1769074938.8251514,1769074968.1131687,29.288,292,523,0.1232,17.93,42039,,,,,2026-01-22T09:42:48.209098
sympy__sympy-12171,0,debugging,1769074968.1581614,1769074968.516267,0.3581,936,1,0.2971,16.39,42039,,0.0826,True,,2026-01-22T09:42:48.607441
sympy__sympy-13480,0,planning,1769074936.7961617,1769074969.736791,32.9406,219,592,0.1311,18.04,42039,,,,,2026-01-22T09:42:50.090578
pytest-dev__pytest-5692,0,coding,1769074901.8636935,1769074969.8707902,68.0071,865,1142,0.1702,16.83,42039,,0.1223,,,2026-01-22T09:42:50.131856
pytest-dev__pytest-5692,0,debugging,1769074970.132506,1769074970.568096,0.4356,2031,1,0.3974,26.16,42039,,0.2617,True,,2026-01-22T09:42:50.669918
sympy__sympy-13971,0,planning,1769074941.7789953,1769074970.780206,29.0012,223,518,0.1315,17.94,42039,,,,,2026-01-22T09:42:50.941945
sphinx-doc__sphinx-8721,0,coding,1769074951.5900385,1769074970.763643,19.1736,694,347,0.1746,18.26,42039,,0.105,,,2026-01-22T09:42:50.945805
sphinx-doc__sphinx-8721,0,debugging,1769074970.9464889,1769074971.2434287,0.2969,1065,1,0.2511,21.8,42039,,0.1828,True,,2026-01-22T09:42:51.424223
sphinx-doc__sphinx-11445,0,coding,1769074940.076309,1769074971.6474302,31.5711,1057,568,0.1819,18.1,42039,,0.1418,,,2026-01-22T09:42:51.819510
sympy__sympy-13437,0,planning,1769074934.7645824,1769074971.629732,36.8651,221,659,0.3647,18.05,42039,,,,,2026-01-22T09:42:51.819609
sphinx-doc__sphinx-11445,0,debugging,1769074971.8229136,1769074972.223781,0.4009,1649,1,0.2941,9.36,42039,,0.1755,True,,2026-01-22T09:42:52.362796
sympy__sympy-13915,0,planning,1769074940.7735686,1769074972.342276,31.5687,292,568,0.1449,18.08,42039,,,,,2026-01-22T09:42:52.451765
scikit-learn__scikit-learn-25570,0,coding,1769074945.7261431,1769074972.5805833,26.8544,2258,475,0.4032,17.96,42039,,0.1559,,,2026-01-22T09:42:52.676074
sympy__sympy-14774,0,planning,1769074946.7966568,1769074972.572382,25.7757,246,458,0.18,17.89,42039,,,,,2026-01-22T09:42:52.711625
sympy__sympy-12454,0,coding,1769074958.5730379,1769074972.673459,14.1004,942,245,0.1725,17.59,42039,,0.2408,,,2026-01-22T09:42:52.847623
sympy__sympy-14308,0,planning,1769074944.1297565,1769074972.8013291,28.6716,192,507,0.2298,17.83,42039,,,,,2026-01-22T09:42:52.899592
sphinx-doc__sphinx-8282,0,coding,1769074947.2124119,1769074972.7601433,25.5477,818,453,0.3784,18.0,42039,,0.159,,,2026-01-22T09:42:52.934227
scikit-learn__scikit-learn-25570,0,debugging,1769074972.7139347,1769074973.4159095,0.702,2757,1,0.5071,5.13,42039,,0.1334,True,,2026-01-22T09:42:53.487561
sympy__sympy-12454,0,debugging,1769074972.8850808,1769074973.536091,0.651,1211,1,0.5191,7.58,42039,,0.2116,True,,2026-01-22T09:42:53.622105
sphinx-doc__sphinx-8282,0,debugging,1769074972.9347494,1769074973.5779388,0.6432,1295,1,0.5835,16.75,42039,,0.1746,True,,2026-01-22T09:42:53.667497
sympy__sympy-12481,0,coding,1769074955.3950577,1769074973.8753705,18.4803,559,321,0.2412,17.6,42039,,0.0928,,,2026-01-22T09:42:53.984296
sympy__sympy-12481,0,debugging,1769074973.984806,1769074974.2537124,0.2689,904,1,0.1986,14.22,42039,,0.1094,True,,2026-01-22T09:42:54.381799
sympy__sympy-14024,0,planning,1769074942.7889678,1769074974.812403,32.0234,347,568,0.3178,17.91,42039,,,,,2026-01-22T09:42:54.946399
sympy__sympy-13895,0,planning,1769074939.7964227,1769074974.8000417,35.0036,299,629,0.1241,18.03,42039,,,,,2026-01-22T09:42:54.986440
sphinx-doc__sphinx-8627,0,coding,1769074945.6326334,1769074975.3088968,29.6763,818,523,0.2044,17.75,42039,,0.1659,,,2026-01-22T09:42:55.441901
sympy__sympy-13031,0,coding,1769074956.5309088,1769074975.3534963,18.8226,764,326,0.4979,17.79,42039,,0.9671,,,2026-01-22T09:42:55.443521
sympy__sympy-14317,0,planning,1769074944.764983,1769074975.2884412,30.5235,301,540,0.1849,17.8,42039,,,,,2026-01-22T09:42:55.444138
sympy__sympy-13031,0,debugging,1769074975.455126,1769074975.9626715,0.5075,1114,1,0.4494,17.19,42039,,0.1016,True,,2026-01-22T09:42:56.063106
sphinx-doc__sphinx-8627,0,debugging,1769074975.4441762,1769074975.972981,0.5288,1365,1,0.4485,12.45,42039,,0.1353,True,,2026-01-22T09:42:56.098751
sphinx-doc__sphinx-8801,0,coding,1769074955.3485289,1769074977.1375184,21.789,839,387,0.2533,17.97,42039,,0.1731,,,2026-01-22T09:42:57.348311
sympy__sympy-14396,0,planning,1769074945.7630181,1769074977.4768345,31.7138,662,566,0.3819,18.06,42039,,,,,2026-01-22T09:42:57.537560
sphinx-doc__sphinx-8801,0,debugging,1769074977.3511055,1769074977.7373605,0.3863,1250,1,0.2525,7.48,42039,,0.2136,True,,2026-01-22T09:42:57.866683
sympy__sympy-15609,0,planning,1769074952.798989,1769074978.4549167,25.6559,192,466,0.1064,18.24,42039,,,,,2026-01-22T09:42:58.659433
sympy__sympy-14817,0,planning,1769074947.7612615,1769074978.4872806,30.726,613,557,0.1949,18.24,42039,,,,,2026-01-22T09:42:58.659497
sympy__sympy-15011,0,planning,1769074948.7971628,1769074979.2052748,30.4081,290,552,0.1385,18.24,42039,,,,,2026-01-22T09:42:59.335824
sympy__sympy-15308,0,planning,1769074949.798537,1769074979.6052415,29.8067,143,543,0.1317,18.3,42039,,,,,2026-01-22T09:42:59.743657
sphinx-doc__sphinx-8273,0,coding,1769074946.4775236,1769074979.5523465,33.0748,813,593,0.2429,18.06,42039,,0.1114,,,2026-01-22T09:42:59.782503
sphinx-doc__sphinx-8273,0,debugging,1769074979.7839022,1769074980.159622,0.3757,1430,1,0.3321,22.9,42039,,0.2316,True,,2026-01-22T09:43:00.295469
sphinx-doc__sphinx-8506,0,coding,1769074947.8876414,1769074980.0971456,32.2095,799,585,0.1725,18.26,42039,,0.0954,,,2026-01-22T09:43:00.337552
sympy__sympy-15345,0,planning,1769074950.761925,1769074980.4144974,29.6526,141,544,0.2384,18.49,42039,,,,,2026-01-22T09:43:00.462562
sympy__sympy-16106,0,planning,1769074954.7718866,1769074980.5716636,25.7998,639,463,0.149,18.05,42039,,,,,2026-01-22T09:43:00.606856
sphinx-doc__sphinx-8506,0,debugging,1769074980.338411,1769074980.6381903,0.2998,1408,1,0.1937,9.43,42039,,0.2413,True,,2026-01-22T09:43:00.710655
scikit-learn__scikit-learn-12471,0,coding,1769074918.0768006,1769074981.1883626,63.1116,1057,1097,0.5538,17.54,42039,,0.2139,,,2026-01-22T09:43:02.328769
sympy__sympy-11400,0,coding,1769074952.4595425,1769074981.277593,28.8181,652,523,0.1725,18.26,42039,,0.1041,,,2026-01-22T09:43:02.403642
scikit-learn__scikit-learn-25747,0,coding,1769074937.1176267,1769074982.101238,44.9836,2202,804,0.4162,18.04,42039,,0.1624,,,2026-01-22T09:43:02.549199
sympy__sympy-11400,0,debugging,1769074982.4919066,1769074983.1765268,0.6846,1199,1,0.4931,5.22,42039,,1.2143,True,,2026-01-22T09:43:03.258341
sympy__sympy-16503,0,planning,1769074956.7620754,1769074983.5264893,26.7644,175,476,0.3663,18.03,42039,,,,,2026-01-22T09:43:03.703645
scikit-learn__scikit-learn-25747,0,debugging,1769074982.5506754,1769074983.485474,0.9348,3030,1,0.8107,8.06,42039,,0.4494,True,,2026-01-22T09:43:03.703725
sympy__sympy-13177,0,coding,1769074963.5019438,1769074983.6144571,20.1125,697,365,0.1523,18.29,42039,,0.1107,,,2026-01-22T09:43:03.813192
sympy__sympy-13177,0,debugging,1769074983.813865,1769074984.0840135,0.2701,1086,1,0.2224,20.96,42039,,0.1994,True,,2026-01-22T09:43:04.218234
sphinx-doc__sphinx-8474,0,coding,1769074948.580299,1769074984.4015245,35.8212,694,647,0.1651,18.15,42039,,0.1333,,,2026-01-22T09:43:04.608670
sphinx-doc__sphinx-8474,0,debugging,1769074984.611016,1769074984.9433196,0.3323,1365,1,0.2308,9.85,42039,,0.2095,True,,2026-01-22T09:43:05.082396
sympy__sympy-15678,0,planning,1769074953.7737713,1769074985.5146365,31.7409,318,575,0.1228,18.19,42039,,,,,2026-01-22T09:43:05.701913
sympy__sympy-13471,0,coding,1769074968.1253173,1769074985.7453444,17.62,834,323,0.156,18.5,42039,,0.0926,,,2026-01-22T09:43:05.879101
sympy__sympy-13471,0,debugging,1769074985.8800888,1769074986.1512663,0.2712,1181,1,0.2104,16.44,42039,,0.1347,True,,2026-01-22T09:43:06.341175
scikit-learn__scikit-learn-12471,0,debugging,1769074982.4474933,1769074986.205394,3.7579,2178,55,0.5348,17.06,42039,,1.2591,True,,2026-01-22T09:43:06.434391
scikit-learn__scikit-learn-25500,0,coding,1769074932.9570322,1769074986.387537,53.4305,1762,961,0.39,18.12,42039,,0.0766,,,2026-01-22T09:43:06.555810
sympy__sympy-13647,0,coding,1769074967.8509338,1769074987.4154284,19.5645,1224,358,0.1528,18.44,42039,,0.0914,,,2026-01-22T09:43:07.556103
sympy__sympy-15346,0,planning,1769074951.8000047,1769074987.8432844,36.0433,518,657,0.1395,18.3,42039,,,,,2026-01-22T09:43:08.066256
sympy__sympy-13647,0,debugging,1769074987.5959938,1769074987.8938937,0.2979,1606,1,0.2306,14.85,42039,,0.1806,True,,2026-01-22T09:43:08.168452
sympy__sympy-16988,0,planning,1769074958.7746644,1769074987.973665,29.199,164,524,0.3199,18.14,42039,,,,,2026-01-22T09:43:08.222374
sympy__sympy-17655,0,planning,1769074962.7900534,1769074988.0050325,25.215,554,459,0.2162,18.36,42039,,,,,2026-01-22T09:43:08.222460
sympy__sympy-17022,0,planning,1769074959.8012764,1769074988.157615,28.3563,327,510,0.1217,18.06,42039,,,,,2026-01-22T09:43:08.249742
sympy__sympy-13146,0,coding,1769074965.9434056,1769074988.517345,22.5739,731,408,0.1794,18.22,42039,,0.2413,,,2026-01-22T09:43:08.594397
sympy__sympy-16281,0,planning,1769074956.5308435,1769074988.850036,32.3192,621,574,0.2875,17.92,42039,,,,,2026-01-22T09:43:08.974275
sympy__sympy-13146,0,debugging,1769074988.5954692,1769074988.9140546,0.3186,1163,1,0.2289,11.15,42039,,0.0781,True,,2026-01-22T09:43:09.059544
sympy__sympy-12419,0,coding,1769074961.2634299,1769074989.521409,28.258,940,504,0.3331,18.05,42039,,0.2298,,,2026-01-22T09:43:09.668816
sympy__sympy-14774,0,coding,1769074972.7152133,1769074989.9380834,17.2229,668,307,0.3195,18.16,42039,,0.1428,,,2026-01-22T09:43:10.115747
sympy__sympy-12419,0,debugging,1769074989.6701312,1769074990.0019886,0.3319,1468,1,0.2469,11.77,42039,,0.1487,True,,2026-01-22T09:43:10.290272
sympy__sympy-16792,0,planning,1769074957.7675395,1769074990.023805,32.2563,537,576,0.144,17.94,42039,,,,,2026-01-22T09:43:10.329911
scikit-learn__scikit-learn-14092,0,coding,1769074939.3419447,1769074990.2214386,50.8795,1394,917,0.26,18.12,42039,,0.0897,,,2026-01-22T09:43:10.347731
sympy__sympy-14774,0,debugging,1769074990.117112,1769074990.6155074,0.4984,1000,1,0.2985,5.0,42039,,0.179,True,,2026-01-22T09:43:10.670425
scikit-learn__scikit-learn-14092,0,debugging,1769074990.348271,1769074990.8197649,0.4715,2335,1,0.4289,23.49,42039,,0.1268,True,,2026-01-22T09:43:10.920195
sympy__sympy-13480,0,coding,1769074970.09118,1769074990.906274,20.8151,775,369,0.2042,17.9,42039,,0.3544,,,2026-01-22T09:43:10.960221
sympy__sympy-13480,0,debugging,1769074990.960777,1769074991.2553658,0.2946,1168,1,0.2438,19.69,42039,,0.0545,True,,2026-01-22T09:43:11.346161
sympy__sympy-13437,0,coding,1769074971.8229318,1769074991.7214332,19.8985,844,350,0.3658,17.92,42039,,0.1932,,,2026-01-22T09:43:11.863328
sympy__sympy-13437,0,debugging,1769074991.8650136,1769074992.102499,0.2375,1218,1,0.1932,22.56,42039,,0.1436,True,,2026-01-22T09:43:12.240874
sympy__sympy-17139,0,planning,1769074960.7617414,1769074992.1411147,31.3794,703,557,0.1236,17.82,42039,,,,,2026-01-22T09:43:12.326852
sympy__sympy-18199,0,planning,1769074966.816335,1769074992.2851536,25.4688,163,452,0.1528,17.85,42039,,,,,2026-01-22T09:43:12.420412
sympy__sympy-13915,0,coding,1769074972.4524841,1769074992.5592282,20.1067,824,355,0.2118,17.84,42039,,0.1102,,,2026-01-22T09:43:12.667262
sympy__sympy-13915,0,debugging,1769074992.6682708,1769074992.9648974,0.2966,1203,1,0.1838,8.86,42039,,0.109,True,,2026-01-22T09:43:13.111573
sympy__sympy-14308,0,coding,1769074972.9002657,1769074993.0632646,20.163,663,355,0.5142,18.07,42039,,0.0989,,,2026-01-22T09:43:13.284065
sympy__sympy-17630,0,planning,1769074961.8176324,1769074993.1976247,31.38,1143,558,0.2304,17.91,42039,,,,,2026-01-22T09:43:13.370551
sympy__sympy-14308,0,debugging,1769074993.285461,1769074993.6313841,0.3459,1042,1,0.1732,5.79,42039,,0.2222,True,,2026-01-22T09:43:13.742793
sympy__sympy-18087,0,planning,1769074964.790215,1769074995.3648148,30.5746,146,542,0.125,17.8,42039,,,,,2026-01-22T09:43:15.747151
scikit-learn__scikit-learn-13496,0,coding,1769074929.5043,1769074995.6576924,66.1534,939,1170,0.1741,17.73,42039,,0.1848,,,2026-01-22T09:43:15.833014
sympy__sympy-18189,0,planning,1769074965.8473399,1769074995.7462485,29.8989,376,541,0.1247,18.17,42039,,,,,2026-01-22T09:43:15.883538
scikit-learn__scikit-learn-13496,0,debugging,1769074995.8336878,1769074996.3473873,0.5137,2133,1,0.4541,16.78,42039,,0.176,True,,2026-01-22T09:43:16.520820
sympy__sympy-19007,0,planning,1769074971.8181562,1769074996.4206948,24.6025,255,439,0.1204,17.93,42039,,,,,2026-01-22T09:43:16.568944
scikit-learn__scikit-learn-25500,0,debugging,1769074986.556935,1769074997.6195385,11.0626,2747,192,0.3927,17.99,42039,,0.1694,True,,2026-01-22T09:43:17.764168
sympy__sympy-18532,0,planning,1769074967.7681344,1769074997.9218514,30.1537,140,547,0.1075,18.21,42039,,,,,2026-01-22T09:43:18.093840
sympy__sympy-18621,0,planning,1769074969.881902,1769074998.8530562,28.9712,728,522,0.2816,18.19,42039,,,,,2026-01-22T09:43:18.989727
sympy__sympy-13971,0,coding,1769074970.942646,1769074998.9638574,28.0212,705,510,0.2586,18.37,42039,,0.1624,,,2026-01-22T09:43:19.095578
sympy__sympy-18835,0,planning,1769074970.843307,1769074999.075192,28.2319,280,514,0.1197,18.28,42039,,,,,2026-01-22T09:43:19.142615
sympy__sympy-13971,0,debugging,1769074999.0961149,1769074999.4094436,0.3133,1239,1,0.2878,39.12,42039,,0.1323,True,,2026-01-22T09:43:19.572645
sympy__sympy-17139,0,coding,1769074992.3281446,1769074999.5711014,7.243,1224,135,0.2179,19.22,42039,,0.187,,,2026-01-22T09:43:19.702887
sympy__sympy-17139,0,debugging,1769074999.7034225,1769074999.9771328,0.2737,1383,1,0.2,13.57,42039,,0.1323,True,,2026-01-22T09:43:20.118203
sympy__sympy-18698,0,planning,1769074970.0079498,1769075000.1036713,30.0957,282,542,0.2912,18.19,42039,,,,,2026-01-22T09:43:20.244363
sympy__sympy-18057,0,planning,1769074963.762536,1769075000.8106647,37.0481,557,676,0.1429,18.32,42039,,,,,2026-01-22T09:43:21.005192
sympy__sympy-11897,0,coding,1769074956.5308783,1769075000.966129,44.4353,776,799,0.2907,18.1,42039,,0.9484,,,2026-01-22T09:43:21.107771
sympy__sympy-11897,0,debugging,1769075001.1085405,1769075001.4064176,0.2979,1599,1,0.2379,16.66,42039,,0.1424,True,,2026-01-22T09:43:21.518350
sympy__sympy-13043,0,coding,1769074960.576887,1769075001.8981254,41.3212,642,745,0.2433,18.14,42039,,0.1025,,,2026-01-22T09:43:22.082866
sympy__sympy-20154,0,planning,1769074975.7850845,1769075002.0425525,26.2575,183,483,0.1811,18.52,42039,,,,,2026-01-22T09:43:22.169059
sympy__sympy-15011,0,coding,1769074979.3365202,1769075002.0404072,22.7039,806,409,0.2269,18.2,42039,,0.1312,,,2026-01-22T09:43:22.168959
sympy__sympy-15011,0,debugging,1769075002.1721177,1769075002.510689,0.3386,1239,1,0.2873,19.51,42039,,0.1317,True,,2026-01-22T09:43:22.666056
sympy__sympy-15308,0,coding,1769074979.7442842,1769075003.3150973,23.5708,650,425,0.2086,18.19,42039,,0.139,,,2026-01-22T09:43:23.463804
sympy__sympy-19487,0,planning,1769074973.7929375,1769075003.2802286,29.4873,242,543,0.1077,18.48,42039,,,,,2026-01-22T09:43:23.461493
sympy__sympy-13773,0,coding,1769074968.2096922,1769075003.4104683,35.2008,779,645,0.2354,18.45,42039,,0.0965,,,2026-01-22T09:43:23.539039
sympy__sympy-16106,0,coding,1769074980.6074896,1769075003.4565113,22.849,1066,416,0.1896,18.36,42039,,0.0358,,,2026-01-22T09:43:23.583413
sympy__sympy-15308,0,debugging,1769075003.4944153,1769075003.9250145,0.4306,1099,1,0.2357,5.13,42039,,0.1793,True,,2026-01-22T09:43:24.138886
sympy__sympy-16106,0,debugging,1769075003.5846128,1769075004.098415,0.5138,1506,1,0.4603,18.7,42039,,0.1281,True,,2026-01-22T09:43:24.224564
sympy__sympy-13773,0,debugging,1769075003.5396006,1769075004.0574377,0.5178,1448,1,0.388,7.7,42039,,0.1291,True,,2026-01-22T09:43:24.224655
scikit-learn__scikit-learn-14983,0,coding,1769074935.952023,1769075004.3590353,68.407,1011,1236,0.2132,18.12,42039,,0.1139,,,2026-01-22T09:43:24.525416
sympy__sympy-14317,0,coding,1769074975.4458222,1769075004.888336,29.4425,805,534,0.3049,18.33,42039,,0.1574,,,2026-01-22T09:43:24.981457
sympy__sympy-19254,0,planning,1769074972.8443751,1769075004.897115,32.0527,219,580,0.3893,18.32,42039,,,,,2026-01-22T09:43:25.026218
scikit-learn__scikit-learn-14983,0,debugging,1769075004.526804,1769075004.9436245,0.4168,2271,1,0.3905,38.01,42039,,0.1678,True,,2026-01-22T09:43:25.033047
sympy__sympy-14317,0,debugging,1769075004.9820695,1769075005.313952,0.3319,1363,1,0.2235,9.23,42039,,0.0937,True,,2026-01-22T09:43:25.355409
sympy__sympy-20212,0,planning,1769074976.7836874,1769075005.4242432,28.6406,197,519,0.1145,18.19,42039,,,,,2026-01-22T09:43:25.567443
sympy__sympy-14024,0,coding,1769074974.9471633,1769075005.4770336,30.5299,879,554,0.2639,18.3,42039,,0.1348,,,2026-01-22T09:43:25.567526
sympy__sympy-20049,0,planning,1769074974.855814,1769075005.6045158,30.7487,527,558,0.1694,18.25,42039,,,,,2026-01-22T09:43:25.664095
sympy__sympy-14396,0,coding,1769074977.5382047,1769075005.6549263,28.1167,1193,509,0.191,18.23,42039,,0.0614,,,2026-01-22T09:43:25.688618
sympy__sympy-14024,0,debugging,1769075005.5689282,1769075005.994969,0.426,1457,1,0.241,5.4,42039,,0.0919,True,,2026-01-22T09:43:26.082043
sympy__sympy-14396,0,debugging,1769075005.689142,1769075006.1534276,0.4643,1726,1,0.4214,23.34,42039,,0.0342,True,,2026-01-22T09:43:26.284720
sympy__sympy-15345,0,coding,1769074980.4631658,1769075006.2658272,25.8027,649,460,0.1771,17.95,42039,,0.0487,,,2026-01-22T09:43:26.369475
sympy__sympy-17655,0,coding,1769074988.2243483,1769075006.2442768,18.0199,977,319,0.259,17.96,42039,,0.2193,,,2026-01-22T09:43:26.371048
sympy__sympy-17655,0,debugging,1769075006.3716292,1769075006.6772518,0.3056,1320,1,0.2414,15.58,42039,,0.1274,True,,2026-01-22T09:43:26.782673
sympy__sympy-15345,0,debugging,1769075006.3710713,1769075006.7319303,0.3609,1133,1,0.325,27.85,42039,,0.1052,True,,2026-01-22T09:43:26.793894
sympy__sympy-20590,0,planning,1769074979.824065,1769075006.986797,27.1627,252,483,0.2989,17.98,42039,,,,,2026-01-22T09:43:27.040407
sympy__sympy-13043,0,debugging,1769075002.0841522,1769075007.7388349,5.6547,1411,96,0.2036,17.61,42039,,0.186,True,,2026-01-22T09:43:27.858028
sympy__sympy-14817,0,coding,1769074978.6607904,1769075009.2206159,30.5598,1134,558,0.2495,18.41,42039,,0.1735,,,2026-01-22T09:43:29.325827
sympy__sympy-21055,0,planning,1769074982.3613925,1769075009.2801454,26.9188,306,482,0.6037,18.32,42039,,,,,2026-01-22T09:43:29.406737
sympy__sympy-16988,0,coding,1769074988.2243977,1769075009.4271867,21.2028,652,391,0.2736,18.68,42039,,0.2507,,,2026-01-22T09:43:29.498777
sympy__sympy-16988,0,debugging,1769075009.4992917,1769075009.8104653,0.3112,1067,1,0.2582,18.86,42039,,0.0721,True,,2026-01-22T09:43:29.866771
sympy__sympy-14817,0,debugging,1769075009.3265507,1769075009.7739022,0.4474,1716,1,0.2539,5.17,42039,,0.1059,True,,2026-01-22T09:43:29.899852
sympy__sympy-18835,0,coding,1769074999.1431472,1769075009.77979,10.6366,758,195,0.2233,18.73,42039,,0.068,,,2026-01-22T09:43:29.901131
sympy__sympy-18199,0,coding,1769074992.4210267,1769075010.1586926,17.7377,579,333,0.1751,18.96,42039,,0.1359,,,2026-01-22T09:43:30.217972
sympy__sympy-18835,0,debugging,1769075009.9032474,1769075010.114467,0.2112,977,1,0.178,30.13,42039,,0.1235,True,,2026-01-22T09:43:30.252018
sympy__sympy-18199,0,debugging,1769075010.2185154,1769075010.4324825,0.214,936,1,0.1479,15.14,42039,,0.0598,True,,2026-01-22T09:43:30.483305
sympy__sympy-21171,0,planning,1769074982.7622259,1769075010.6753054,27.9131,2167,504,0.71,18.53,42039,,,,,2026-01-22T09:43:30.724886
sympy__sympy-17630,0,coding,1769074993.372044,1769075010.7943733,17.4223,1665,331,0.2697,19.3,42039,,0.1744,,,2026-01-22T09:43:30.832933
sympy__sympy-17630,0,debugging,1769075010.8334622,1769075011.2808897,0.4474,2020,1,0.3806,14.97,42039,,0.0391,True,,2026-01-22T09:43:31.371363
sympy__sympy-20442,0,planning,1769074978.7623885,1769075011.6071653,32.8448,269,598,0.2141,18.33,42039,,,,,2026-01-22T09:43:31.697687
sympy__sympy-21612,0,planning,1769074984.762425,1769075012.1810317,27.4186,314,506,0.1327,18.54,42039,,,,,2026-01-22T09:43:32.277816
sympy__sympy-21614,0,planning,1769074985.7877128,1769075012.2656808,26.478,170,485,0.1854,18.45,42039,,,,,2026-01-22T09:43:32.352149
sympy__sympy-21847,0,planning,1769074987.7629356,1769075013.9728434,26.2099,365,490,0.1229,18.78,42039,,,,,2026-01-22T09:43:34.078305
sympy__sympy-18532,0,coding,1769074998.094614,1769075015.433995,17.3394,651,338,0.1493,19.66,42039,,0.1728,,,2026-01-22T09:43:35.567960
sympy__sympy-18532,0,debugging,1769075015.5686715,1769075015.794496,0.2258,1013,1,0.1747,19.56,42039,,0.1347,True,,2026-01-22T09:43:35.896345
sympy__sympy-20322,0,planning,1769074977.7878616,1769075016.2624788,38.4746,320,726,0.1393,18.94,42039,,,,,2026-01-22T09:43:36.380509
sympy__sympy-22714,0,planning,1769074989.8001685,1769075016.6486342,26.8485,539,516,0.1969,19.36,42039,,,,,2026-01-22T09:43:36.735432
sympy__sympy-21379,0,planning,1769074983.8073905,1769075017.1576054,33.3502,533,636,0.1923,19.18,42039,,,,,2026-01-22T09:43:37.301558
sympy__sympy-21627,0,planning,1769074986.761985,1769075017.3838851,30.6219,140,585,0.183,19.22,42039,,,,,2026-01-22T09:43:37.458466
sympy__sympy-22840,0,planning,1769074990.7822928,1769075017.6756349,26.8933,1836,522,0.2939,19.62,42039,,,,,2026-01-22T09:43:37.769179
sympy__sympy-20154,0,coding,1769075002.1698585,1769075019.0945911,16.9247,630,338,0.2984,20.33,42039,,0.1273,,,2026-01-22T09:43:39.209905
sympy__sympy-13895,0,coding,1769074974.988125,1769075019.243315,44.2552,892,841,0.2122,19.09,42039,,0.1881,,,2026-01-22T09:43:39.343453
sympy__sympy-13895,0,debugging,1769075019.3441045,1769075019.629191,0.2851,1757,1,0.2388,21.61,42039,,0.1008,True,,2026-01-22T09:43:39.726881
sympy__sympy-20154,0,debugging,1769075019.2212558,1769075019.594757,0.3735,992,1,0.1897,5.44,42039,,0.1267,True,,2026-01-22T09:43:39.727049
sympy__sympy-18189,0,coding,1769074995.8840683,1769075019.8762138,23.9921,881,470,0.3929,19.92,42039,,0.1378,,,2026-01-22T09:43:39.979128
sympy__sympy-20639,0,planning,1769074980.7623527,1769075019.8915114,39.1292,204,745,0.1082,19.09,42039,,,,,2026-01-22T09:43:39.983051
sympy__sympy-20590,0,coding,1769075007.0411565,1769075020.1920102,13.1509,699,274,0.1956,21.15,42039,,0.0544,,,2026-01-22T09:43:40.227452
sympy__sympy-18189,0,debugging,1769075019.9796834,1769075020.2945907,0.3149,1375,1,0.1891,7.95,42039,,0.1035,True,,2026-01-22T09:43:40.326649
sympy__sympy-20590,0,debugging,1769075020.2279449,1769075020.448817,0.2209,997,1,0.1662,18.29,42039,,0.0359,True,,2026-01-22T09:43:40.526188
sympy__sympy-17022,0,coding,1769074988.2502484,1769075020.6519752,32.4017,801,619,0.3431,19.31,42039,,0.0926,,,2026-01-22T09:43:40.738968
sympy__sympy-17022,0,debugging,1769075020.7395399,1769075020.9784825,0.2389,1444,1,0.1921,21.37,42039,,0.0876,True,,2026-01-22T09:43:41.085448
sympy__sympy-15678,0,coding,1769074985.7027333,1769075021.4401455,35.7374,857,680,0.2583,19.17,42039,,0.1881,,,2026-01-22T09:43:41.485270
sympy__sympy-23262,0,planning,1769074993.7899039,1769075021.40102,27.6111,349,546,0.117,19.86,42039,,,,,2026-01-22T09:43:41.516332
sympy__sympy-15678,0,debugging,1769075021.4858115,1769075021.808625,0.3228,1561,1,0.2067,8.61,42039,,0.0457,True,,2026-01-22T09:43:41.895751
sympy__sympy-23191,0,planning,1769074992.761564,1769075021.9268465,29.1653,792,572,0.1856,19.74,42039,,,,,2026-01-22T09:43:42.054346
sympy__sympy-24102,0,planning,1769074995.7919002,1769075022.4610791,26.6692,487,520,0.3367,19.75,42039,,,,,2026-01-22T09:43:42.541842
sympy__sympy-23117,0,planning,1769074991.7791715,1769075022.4560962,30.6769,487,599,0.1348,19.61,42039,,,,,2026-01-22T09:43:42.547874
sympy__sympy-22005,0,planning,1769074988.7626224,1769075022.863904,34.1013,531,657,0.1453,19.35,42039,,,,,2026-01-22T09:43:42.910405
sympy__sympy-24152,0,planning,1769074996.7885952,1769075022.8085074,26.0199,613,510,0.1746,19.73,42039,,,,,2026-01-22T09:43:42.942740
sympy__sympy-15346,0,coding,1769074988.0905173,1769075023.541604,35.4511,1139,677,0.2339,19.22,42039,,0.2472,,,2026-01-22T09:43:43.630067
sympy__sympy-15346,0,debugging,1769075023.630668,1769075023.9044418,0.2738,1840,1,0.2132,16.5,42039,,0.0891,True,,2026-01-22T09:43:43.997680
sympy__sympy-16792,0,coding,1769074990.3335662,1769075024.4697661,34.1362,1077,661,0.2685,19.52,42039,,0.3098,,,2026-01-22T09:43:44.552566
sympy__sympy-24213,0,planning,1769074997.767355,1769075024.788466,27.0211,332,530,0.1422,19.72,42039,,,,,2026-01-22T09:43:44.874474
sympy__sympy-16792,0,debugging,1769075024.5531533,1769075024.8136194,0.2605,1762,1,0.2129,21.02,42039,,0.0834,True,,2026-01-22T09:43:44.922122
sympy__sympy-18087,0,coding,1769074995.7485466,1769075024.894512,29.146,652,569,0.1779,19.64,42039,,0.3837,,,2026-01-22T09:43:44.985144
sympy__sympy-18087,0,debugging,1769075024.9856594,1769075025.186431,0.2008,1245,1,0.1705,33.01,42039,,0.0911,True,,2026-01-22T09:43:45.300115
sympy__sympy-16281,0,coding,1769074988.9748492,1769075025.9136992,36.9388,1159,715,0.2448,19.49,42039,,0.1248,,,2026-01-22T09:43:45.955561
sympy__sympy-18621,0,coding,1769074998.9902663,1769075025.9032276,26.913,1214,529,0.206,19.81,42039,,0.1372,,,2026-01-22T09:43:46.022894
sympy__sympy-18621,0,debugging,1769075026.0234427,1769075026.3963609,0.3729,1767,1,0.3248,20.78,42039,,0.1202,True,,2026-01-22T09:43:46.448277
sympy__sympy-16281,0,debugging,1769075025.9561157,1769075026.347428,0.3913,1898,1,0.2207,5.86,42039,,0.0424,True,,2026-01-22T09:43:46.453593
sympy__sympy-11870,0,coding,1769074960.5181339,1769075026.999286,66.4812,785,1237,0.1793,18.66,42039,,0.1072,,,2026-01-22T09:43:47.184256
sympy__sympy-19007,0,coding,1769074996.5701041,1769075027.0163472,30.4462,658,597,0.2087,19.74,42039,,0.1494,,,2026-01-22T09:43:47.207978
sympy__sympy-11870,0,debugging,1769075027.1956966,1769075027.6254447,0.4297,2046,1,0.3674,16.04,42039,,0.1964,True,,2026-01-22T09:43:47.672398
sympy__sympy-19007,0,debugging,1769075027.208865,1769075027.6162362,0.4074,1279,1,0.3523,18.15,42039,,0.1925,True,,2026-01-22T09:43:47.755050
sympy__sympy-24909,0,planning,1769074998.8943644,1769075027.7236104,28.8292,245,566,0.112,19.71,42039,,,,,2026-01-22T09:43:47.858786
sympy__sympy-15609,0,coding,1769074978.6607635,1769075028.6673148,50.0066,622,956,0.2224,19.2,42039,,0.2058,,,2026-01-22T09:43:48.786412
sympy__sympy-19487,0,coding,1769075003.4980168,1769075028.724861,25.2268,749,505,0.2432,20.21,42039,,0.2178,,,2026-01-22T09:43:48.821989
sympy__sympy-24066,0,planning,1769074994.77139,1769075028.769948,33.9986,214,657,0.8944,19.85,42039,,,,,2026-01-22T09:43:48.852327
sympy__sympy-20212,0,coding,1769075005.5682898,1769075028.8096154,23.2413,680,473,0.4212,20.73,42039,,0.144,,,2026-01-22T09:43:48.880738
sympy__sympy-15609,0,debugging,1769075028.7872183,1769075029.2009287,0.4137,1602,1,0.2416,5.81,42039,,0.1199,True,,2026-01-22T09:43:49.300332
sympy__sympy-19487,0,debugging,1769075028.8227441,1769075029.3191552,0.4964,1278,1,0.3649,7.6,42039,,0.0979,True,,2026-01-22T09:43:49.371681
sympy__sympy-20212,0,debugging,1769075028.8818383,1769075029.3571079,0.4753,1177,1,0.4271,20.75,42039,,0.0722,True,,2026-01-22T09:43:49.451203
sympy__sympy-19254,0,coding,1769075005.0269384,1769075029.587631,24.5607,763,495,0.28,20.39,42039,,0.1298,,,2026-01-22T09:43:49.630711
sympy__sympy-19254,0,debugging,1769075029.6313818,1769075029.8501358,0.2188,1282,1,0.1854,29.97,42039,,0.0438,True,,2026-01-22T09:43:49.968153
sympy__sympy-18057,0,coding,1769075001.006848,1769075030.1058817,29.099,1197,578,0.2109,20.01,42039,,0.1962,,,2026-01-22T09:43:50.190273
sympy__sympy-18057,0,debugging,1769075030.1908767,1769075030.4475167,0.2566,1799,1,0.2131,22.95,42039,,0.085,True,,2026-01-22T09:43:50.532288
sympy__sympy-22714,0,coding,1769075016.7363088,1769075035.069209,18.3329,1019,399,0.1903,21.99,42039,,0.0877,,,2026-01-22T09:43:55.155970
sympy__sympy-18698,0,coding,1769075000.2448928,1769075035.221553,34.9767,788,732,0.1862,21.04,42039,,0.1412,,,2026-01-22T09:43:55.275165
sympy__sympy-18698,0,debugging,1769075035.2757154,1769075035.5377219,0.262,1544,1,0.2251,27.08,42039,,0.0542,True,,2026-01-22T09:43:55.591248
sympy__sympy-22714,0,debugging,1769075035.1566205,1769075035.4894426,0.3328,1442,1,0.1844,6.74,42039,,0.0874,True,,2026-01-22T09:43:55.599047
sympy__sympy-16503,0,coding,1769074983.7045805,1769075035.5792878,51.8747,615,1036,0.169,20.04,42039,,0.1781,,,2026-01-22T09:43:55.688932
sympy__sympy-16503,0,debugging,1769075035.6895094,1769075035.9417303,0.2522,1675,1,0.2118,24.73,42039,,0.1102,True,,2026-01-22T09:43:56.024768
sympy__sympy-21171,0,coding,1769075010.7254448,1769075036.940512,26.2151,2635,573,0.4054,22.2,42039,,0.0501,,,2026-01-22T09:43:57.019099
sympy__sympy-21171,0,debugging,1769075037.0199723,1769075037.408703,0.3887,3232,1,0.3473,24.13,42039,,0.0795,True,,2026-01-22T09:43:57.453054
sympy__sympy-21612,0,coding,1769075012.2785509,1769075037.8936477,25.6151,784,564,0.1792,22.17,42039,,0.0975,,,2026-01-22T09:43:57.971746
sympy__sympy-12236,0,coding,1769074961.9762008,1769075038.1962032,76.22,1321,1495,0.2237,19.67,42039,,0.1879,,,2026-01-22T09:43:58.236059
sympy__sympy-21612,0,debugging,1769075037.9724793,1769075038.1831188,0.2106,1372,1,0.1737,27.1,42039,,0.0788,True,,2026-01-22T09:43:58.252215
sympy__sympy-12236,0,debugging,1769075038.2367089,1769075038.581768,0.3451,2841,1,0.3069,26.21,42039,,0.0405,True,,2026-01-22T09:43:58.621013
sympy__sympy-22005,0,coding,1769075022.911098,1769075039.2895722,16.3785,1152,376,0.1794,23.21,42039,,0.0472,,,2026-01-22T09:43:59.372474
sympy__sympy-21847,0,coding,1769075014.0790484,1769075039.5966167,25.5176,819,562,0.1588,22.16,42039,,0.1062,,,2026-01-22T09:43:59.640101
sympy__sympy-22005,0,debugging,1769075039.3730447,1769075039.6017992,0.2288,1552,1,0.1782,19.79,42039,,0.0835,True,,2026-01-22T09:43:59.703866
sympy__sympy-20049,0,coding,1769075005.6648004,1769075039.8298264,34.165,1049,742,0.3148,21.92,42039,,0.0603,,,2026-01-22T09:43:59.933119
sympy__sympy-21847,0,debugging,1769075039.6406784,1769075039.8607192,0.22,1405,1,0.1846,28.24,42039,,0.0441,True,,2026-01-22T09:43:59.964868
sympy__sympy-24152,0,coding,1769075022.9436655,1769075039.9945903,17.0509,1087,390,0.2539,23.22,42039,,0.1352,,,2026-01-22T09:44:00.045131
sympy__sympy-20049,0,debugging,1769075039.933648,1769075040.288137,0.3545,1815,1,0.2106,6.95,42039,,0.1038,True,,2026-01-22T09:44:00.360593
sympy__sympy-24152,0,debugging,1769075040.0456333,1769075040.3207734,0.2751,1501,1,0.2369,26.17,42039,,0.051,True,,2026-01-22T09:44:00.363399
sympy__sympy-23262,0,coding,1769075021.5173647,1769075041.0673704,19.55,859,442,0.2864,22.94,42039,,0.1163,,,2026-01-22T09:44:01.148066
sympy__sympy-23262,0,debugging,1769075041.148933,1769075041.345147,0.1962,1325,1,0.1599,27.52,42039,,0.0816,True,,2026-01-22T09:44:01.426903
sympy__sympy-23117,0,coding,1769075022.5484037,1769075043.9337547,21.3854,1050,509,0.2383,24.07,42039,,0.0923,,,2026-01-22T09:44:04.000864
sympy__sympy-23117,0,debugging,1769075044.0016758,1769075044.2271426,0.2255,1583,1,0.1877,26.49,42039,,0.0679,True,,2026-01-22T09:44:04.310814
sympy__sympy-22840,0,coding,1769075017.7747653,1769075045.0623744,27.2876,2322,634,0.3232,23.51,42039,,0.0991,,,2026-01-22T09:44:05.179044
sympy__sympy-24909,0,coding,1769075027.8594563,1769075045.4156234,17.5562,775,443,0.1455,25.44,42039,,0.1358,,,2026-01-22T09:44:05.487179
sympy__sympy-22840,0,debugging,1769075045.188738,1769075045.6336634,0.4449,2980,1,0.3242,8.28,42039,,0.1264,True,,2026-01-22T09:44:05.716581
sympy__sympy-24909,0,debugging,1769075045.4878051,1769075045.6626215,0.1748,1242,1,0.1468,35.65,42039,,0.0722,True,,2026-01-22T09:44:05.732930
sympy__sympy-20442,0,coding,1769075011.6982307,1769075046.517419,34.8192,831,808,0.1835,23.33,42039,,0.0911,,,2026-01-22T09:44:06.580476
sympy__sympy-20442,0,debugging,1769075046.5811977,1769075046.8108296,0.2296,1663,1,0.1976,31.26,42039,,0.0638,True,,2026-01-22T09:44:06.912735
sympy__sympy-24213,0,coding,1769075024.8750138,1769075050.04019,25.1652,826,648,0.1532,25.91,42039,,0.0865,,,2026-01-22T09:44:10.131868
sympy__sympy-24213,0,debugging,1769075050.1335776,1769075050.343952,0.2104,1498,1,0.179,31.91,42039,,0.0934,True,,2026-01-22T09:44:10.423343
sympy__sympy-24102,0,coding,1769075022.5425262,1769075053.7189305,31.1764,971,813,0.2325,26.27,42039,,0.0814,,,2026-01-22T09:44:13.782905
sympy__sympy-24102,0,debugging,1769075053.7840497,1769075054.0221176,0.2381,1808,1,0.2029,28.42,42039,,0.0651,True,,2026-01-22T09:44:14.103287
sympy__sympy-21379,0,coding,1769075017.30242,1769075054.2634013,36.961,1133,929,0.1714,25.25,42039,,0.1448,,,2026-01-22T09:44:14.323804
sympy__sympy-21379,0,debugging,1769075054.3245585,1769075054.6044273,0.2799,2086,1,0.246,29.56,42039,,0.0612,True,,2026-01-22T09:44:14.642735
sympy__sympy-21614,0,coding,1769075012.3526907,1769075057.7545109,45.4018,619,1156,0.1905,25.57,42039,,0.087,,,2026-01-22T09:44:17.814927
sympy__sympy-20639,0,coding,1769075019.9837554,1769075059.4061422,39.4224,913,1042,0.2859,26.62,42039,,0.0922,,,2026-01-22T09:44:19.502959
sympy__sympy-20639,0,debugging,1769075059.5036423,1769075059.7393858,0.2357,1979,1,0.2022,29.79,42039,,0.0975,True,,2026-01-22T09:44:19.836305
sympy__sympy-21614,0,debugging,1769075057.8159165,1769075060.5597835,2.7439,1799,82,0.1949,32.17,42039,,0.0614,True,,2026-01-22T09:44:20.601521
sympy__sympy-24066,0,coding,1769075028.852993,1769075062.7402396,33.8872,835,973,0.4577,29.11,42039,,0.083,,,2026-01-22T09:44:22.801969
sympy__sympy-24066,0,debugging,1769075062.8025897,1769075063.033359,0.2308,1832,1,0.1981,30.64,42039,,0.0624,True,,2026-01-22T09:44:23.121350
django__django-11630,0,coding,1769074738.787508,1769075080.9429607,342.1555,767,7415,0.1589,21.68,42039,,0.1047,,,2026-01-22T09:44:41.034798
django__django-11905,0,coding,1769074740.191001,1769075087.1994874,347.0085,574,7608,0.1282,21.93,42039,,0.0439,,,2026-01-22T09:44:47.286924
django__django-15213,0,coding,1769074808.5467236,1769075128.9935155,320.4468,704,7478,0.1327,23.35,42039,,0.1287,,,2026-01-22T09:45:29.102640
sympy__sympy-23191,0,coding,1769075022.055409,1769075220.620953,198.5655,1328,6855,0.1766,34.55,42039,,0.1286,,,2026-01-22T09:47:00.688355
sympy__sympy-20322,0,coding,1769075016.381461,1769075226.2255824,209.8441,1010,7172,0.1698,34.21,42039,,0.119,,,2026-01-22T09:47:06.336488
sympy__sympy-21055,0,coding,1769075009.407422,1769075229.099795,219.6924,752,7430,0.3695,33.88,42039,,0.1273,,,2026-01-22T09:47:09.218626
sympy__sympy-21627,0,coding,1769075017.4590397,1769075234.4996147,217.0406,689,7493,0.1113,34.54,42039,,0.0752,,,2026-01-22T09:47:14.555013
