task_id,iteration,agent,start_time,end_time,latency,input_tokens,output_tokens,first_token_latency,decode_speed_tps,gpu_memory_mb,kv_cache_usage_pct,transition_time,success,error_msg,timestamp
astropy__astropy-14182,0,planning,1769073892.4260879,1769073902.917583,10.4915,575,445,0.0588,42.65,42039,,,,,2026-01-22T09:25:03.022483
astropy__astropy-12907,0,planning,1769073890.4258764,1769073903.2044244,12.7785,388,546,0.0561,42.92,42039,,,,,2026-01-22T09:25:03.294956
astropy__astropy-14365,0,planning,1769073894.4262369,1769073904.8962946,10.4701,511,437,0.0384,41.89,42039,,,,,2026-01-22T09:25:04.959509
astropy__astropy-14995,0,planning,1769073896.4265285,1769073908.352589,11.9261,804,490,0.0512,41.26,42039,,,,,2026-01-22T09:25:08.416489
astropy__astropy-6938,0,planning,1769073898.426538,1769073908.9288232,10.5023,184,426,0.0413,40.72,42039,,,,,2026-01-22T09:25:08.989717
astropy__astropy-7746,0,planning,1769073900.4266195,1769073912.365562,11.9389,635,475,0.0509,39.96,42039,,,,,2026-01-22T09:25:12.426906
astropy__astropy-14365,0,coding,1769073904.9601223,1769073913.155712,8.1956,913,321,0.0789,39.55,42039,,0.0638,,,2026-01-22T09:25:13.219105
astropy__astropy-14365,0,debugging,1769073913.219868,1769073913.3267612,0.1069,1258,1,0.083,41.9,42039,,0.0642,True,,2026-01-22T09:25:13.425290
django__django-10914,0,planning,1769073902.4257417,1769073915.2872481,12.8615,273,505,0.0527,39.43,42039,,,,,2026-01-22T09:25:15.350504
astropy__astropy-14995,0,coding,1769073908.4172277,1769073915.4416475,7.0244,1259,269,0.1089,38.9,42039,,0.0646,,,2026-01-22T09:25:15.524482
astropy__astropy-14995,0,debugging,1769073915.5251622,1769073915.6354864,0.1103,1552,1,0.0835,37.27,42039,,0.0835,True,,2026-01-22T09:25:15.745359
astropy__astropy-14182,0,coding,1769073903.0235212,1769073915.7129252,12.6894,985,495,0.1038,39.33,42039,,0.1059,,,2026-01-22T09:25:15.819051
astropy__astropy-14182,0,debugging,1769073915.8199809,1769073915.9596612,0.1397,1504,1,0.1095,33.09,42039,,0.1071,True,,2026-01-22T09:25:16.022016
django__django-10924,0,planning,1769073904.4270313,1769073918.015169,13.5881,233,531,0.0584,39.25,42039,,,,,2026-01-22T09:25:18.071818
astropy__astropy-6938,0,coding,1769073908.990244,1769073918.2144601,9.2242,575,355,0.0645,38.76,42039,,0.0614,,,2026-01-22T09:25:18.275413
astropy__astropy-6938,0,debugging,1769073918.275948,1769073918.3844318,0.1085,954,1,0.0823,38.13,42039,,0.0615,True,,2026-01-22T09:25:18.490150
django__django-11001,0,planning,1769073906.4297693,1769073921.3731182,14.9433,571,581,0.0445,39.0,42039,,,,,2026-01-22T09:25:21.432849
astropy__astropy-12907,0,coding,1769073903.299176,1769073922.2508242,18.9516,899,742,0.0931,39.35,42039,,0.0948,,,2026-01-22T09:25:22.336332
astropy__astropy-12907,0,debugging,1769073922.337043,1769073922.5227492,0.1857,1665,1,0.1411,22.44,42039,,0.0862,True,,2026-01-22T09:25:22.586428
django__django-11039,0,planning,1769073910.425872,1769073922.5772157,12.1513,248,466,0.0648,38.56,42039,,,,,2026-01-22T09:25:22.635282
django__django-11019,0,planning,1769073908.4266458,1769073923.1922238,14.7656,456,567,0.0962,38.65,42039,,,,,2026-01-22T09:25:23.296830
django__django-11099,0,planning,1769073914.4259274,1769073926.995144,12.5692,229,479,0.0698,38.32,42039,,,,,2026-01-22T09:25:27.058354
django__django-11049,0,planning,1769073912.4270566,1769073928.4063535,15.9793,227,608,0.1158,38.33,42039,,,,,2026-01-22T09:25:28.514405
django__django-11001,0,coding,1769073921.4334264,1769073929.026813,7.5934,1119,282,0.0621,37.44,42039,,0.0603,,,2026-01-22T09:25:29.094032
django__django-11001,0,debugging,1769073929.0948327,1769073929.1989028,0.1041,1425,1,0.0709,30.17,42039,,0.068,True,,2026-01-22T09:25:29.263246
django__django-10914,0,coding,1769073915.351186,1769073929.251577,13.9004,745,526,0.0846,38.07,42039,,0.0639,,,2026-01-22T09:25:29.309857
django__django-10914,0,debugging,1769073929.3104208,1769073929.4610777,0.1507,1295,1,0.1176,30.26,42039,,0.0588,True,,2026-01-22T09:25:29.519428
django__django-11133,0,planning,1769073916.4314587,1769073930.540269,14.1088,246,535,0.0528,38.06,42039,,,,,2026-01-22T09:25:30.607941
django__django-11179,0,planning,1769073918.4251785,1769073930.9977915,12.5726,126,473,0.0625,37.81,42039,,,,,2026-01-22T09:25:31.060662
django__django-10924,0,coding,1769073918.0724206,1769073931.6153178,13.5429,731,508,0.0917,37.77,42039,,0.0573,,,2026-01-22T09:25:31.725151
django__django-10924,0,debugging,1769073931.7261217,1769073931.8758125,0.1497,1263,1,0.1206,34.35,42039,,0.1108,True,,2026-01-22T09:25:31.998457
astropy__astropy-7746,0,coding,1769073912.4286387,1769073932.1583455,19.7297,1075,744,0.1157,37.93,42039,,0.0631,,,2026-01-22T09:25:32.224615
astropy__astropy-7746,0,debugging,1769073932.2323356,1769073932.36779,0.1355,1843,1,0.1101,39.37,42039,,0.074,True,,2026-01-22T09:25:32.427174
django__django-11283,0,planning,1769073920.4260368,1769073932.93402,12.508,328,464,0.0563,37.26,42039,,,,,2026-01-22T09:25:32.995452
django__django-11099,0,coding,1769073927.0590527,1769073934.3204842,7.2614,675,265,0.0974,36.99,42039,,0.0639,,,2026-01-22T09:25:34.382657
django__django-11099,0,debugging,1769073934.3833554,1769073934.5432606,0.1599,964,1,0.1123,21.0,42039,,0.0629,True,,2026-01-22T09:25:34.581406
django__django-11422,0,planning,1769073922.4257495,1769073935.383523,12.9578,260,479,0.0984,37.25,42039,,,,,2026-01-22T09:25:35.451072
django__django-11179,0,coding,1769073931.0613763,1769073937.076214,6.0148,566,221,0.0866,37.28,42039,,0.0636,,,2026-01-22T09:25:37.168767
django__django-11179,0,debugging,1769073937.1702178,1769073937.30963,0.1394,811,1,0.1094,33.32,42039,,0.094,True,,2026-01-22T09:25:37.396211
django__django-11564,0,planning,1769073924.425282,1769073940.237393,15.8121,275,588,0.0516,37.31,42039,,,,,2026-01-22T09:25:40.298634
django__django-11019,0,coding,1769073923.297445,1769073940.9698765,17.6724,990,657,0.0861,37.36,42039,,0.1052,,,2026-01-22T09:25:41.077409
django__django-11019,0,debugging,1769073941.0780063,1769073941.2226665,0.1447,1671,1,0.1122,30.77,42039,,0.1081,True,,2026-01-22T09:25:41.286425
django__django-11133,0,coding,1769073930.608547,1769073941.406628,10.7981,748,398,0.0981,37.2,42039,,0.0683,,,2026-01-22T09:25:41.470018
django__django-11133,0,debugging,1769073941.470625,1769073941.6350224,0.1644,1170,1,0.1321,31.0,42039,,0.064,True,,2026-01-22T09:25:41.675540
django__django-11049,0,coding,1769073928.5150938,1769073942.4261668,13.9111,802,512,0.0969,37.06,42039,,0.1087,,,2026-01-22T09:25:42.518242
django__django-11049,0,debugging,1769073942.519559,1769073942.6977046,0.1781,1338,1,0.146,31.13,42039,,0.0934,True,,2026-01-22T09:25:42.800699
django__django-11583,0,planning,1769073926.6005108,1769073944.1782117,17.5777,1415,645,0.1619,37.04,42039,,,,,2026-01-22T09:25:44.237966
django__django-11630,0,planning,1769073930.4328525,1769073946.627615,16.1948,217,595,0.0536,36.86,42039,,,,,2026-01-22T09:25:46.710864
django__django-11620,0,planning,1769073928.4323273,1769073947.1432996,18.711,246,686,0.0555,36.77,42039,,,,,2026-01-22T09:25:47.252130
django__django-11742,0,planning,1769073932.427096,1769073947.951668,15.5246,128,571,0.0705,36.95,42039,,,,,2026-01-22T09:25:48.055151
django__django-11283,0,coding,1769073932.9962232,1769073948.7569838,15.7608,759,575,0.1035,36.72,42039,,0.0622,,,2026-01-22T09:25:48.821967
django__django-11283,0,debugging,1769073948.8225517,1769073948.9995701,0.177,1358,1,0.1434,29.74,42039,,0.0656,True,,2026-01-22T09:25:49.085103
django__django-11039,0,coding,1769073922.6358132,1769073950.394919,27.7591,681,1019,0.0949,36.83,42039,,0.0586,,,2026-01-22T09:25:50.498112
django__django-11797,0,planning,1769073934.4257529,1769073950.4442825,16.0185,284,582,0.1137,36.59,42039,,,,,2026-01-22T09:25:50.546089
django__django-11039,0,debugging,1769073950.4988256,1769073950.7615232,0.2627,1724,1,0.1842,12.75,42039,,0.1039,True,,2026-01-22T09:25:50.869453
django__django-11848,0,planning,1769073938.425526,1769073952.2408817,13.8154,222,493,0.0691,35.86,42039,,,,,2026-01-22T09:25:52.351952
django__django-11905,0,planning,1769073940.425672,1769073953.1771085,12.7514,157,450,0.0689,35.48,42039,,,,,2026-01-22T09:25:53.239654
django__django-11583,0,coding,1769073944.2386684,1769073954.2117925,9.9731,2027,349,0.1917,35.68,42039,,0.0605,,,2026-01-22T09:25:54.275814
django__django-11583,0,debugging,1769073954.2767692,1769073954.5733118,0.2965,2400,1,0.2652,31.9,42039,,0.065,True,,2026-01-22T09:25:54.681181
django__django-11815,0,planning,1769073936.4248233,1769073955.5694017,19.1446,418,685,0.0628,35.9,42039,,,,,2026-01-22T09:25:55.681549
django__django-11422,0,coding,1769073935.4617054,1769073956.9849887,21.5233,706,771,0.0831,35.96,42039,,0.0782,,,2026-01-22T09:25:57.044489
django__django-11422,0,debugging,1769073957.0450964,1769073957.2402472,0.1952,1501,1,0.1668,35.26,42039,,0.0601,True,,2026-01-22T09:25:57.354248
django__django-11564,0,coding,1769073940.2992613,1769073959.5482657,19.249,830,679,0.1104,35.48,42039,,0.0619,,,2026-01-22T09:25:59.662017
django__django-11564,0,debugging,1769073959.6627505,1769073959.8690283,0.2063,1533,1,0.1804,38.58,42039,,0.1145,True,,2026-01-22T09:25:59.930815
django__django-11848,0,coding,1769073952.3525639,1769073961.033494,8.6809,682,301,0.1042,35.1,42039,,0.1117,,,2026-01-22T09:26:01.142097
django__django-11848,0,debugging,1769073961.143972,1769073961.2816792,0.1377,1007,1,0.1046,30.19,42039,,0.1105,True,,2026-01-22T09:26:01.387142
django__django-11630,0,coding,1769073946.7115228,1769073961.6501718,14.9386,779,518,0.1084,34.93,42039,,0.0839,,,2026-01-22T09:26:01.710309
django__django-11630,0,debugging,1769073961.7110822,1769073961.894376,0.1833,1321,1,0.153,33.01,42039,,0.0609,True,,2026-01-22T09:26:01.938850
django__django-11999,0,planning,1769073946.425798,1769073961.8934953,15.4677,206,535,0.0678,34.74,42039,,,,,2026-01-22T09:26:01.954509
django__django-12113,0,planning,1769073948.4340682,1769073962.747168,14.3131,1282,495,0.1338,34.91,42039,,,,,2026-01-22T09:26:02.807972
django__django-11742,0,coding,1769073948.055791,1769073963.1290429,15.0733,666,518,0.0864,34.56,42039,,0.1041,,,2026-01-22T09:26:03.190469
django__django-11742,0,debugging,1769073963.1911526,1769073963.3617766,0.1706,1208,1,0.1399,32.53,42039,,0.0621,True,,2026-01-22T09:26:03.459159
django__django-11620,0,coding,1769073947.2527413,1769073964.1989057,16.9462,899,584,0.114,34.7,42039,,0.1094,,,2026-01-22T09:26:04.307817
django__django-11620,0,debugging,1769073964.3087556,1769073964.5087752,0.2,1507,1,0.1663,29.67,42039,,0.1098,True,,2026-01-22T09:26:04.625297
django__django-11964,0,planning,1769073944.4338872,1769073965.3956547,20.9618,564,732,0.0774,35.05,42039,,,,,2026-01-22T09:26:05.459300
django__django-11910,0,planning,1769073942.430423,1769073965.492666,23.0622,350,805,0.0775,35.02,42039,,,,,2026-01-22T09:26:05.552033
django__django-12184,0,planning,1769073952.4258618,1769073967.7721648,15.3463,317,531,0.0709,34.76,42039,,,,,2026-01-22T09:26:07.833289
django__django-11815,0,coding,1769073955.6822891,1769073969.216274,13.534,1070,466,0.1359,34.78,42039,,0.1129,,,2026-01-22T09:26:09.329516
django__django-11815,0,debugging,1769073969.330152,1769073969.537935,0.2078,1560,1,0.182,38.73,42039,,0.1139,True,,2026-01-22T09:26:09.856457
django__django-11797,0,coding,1769073950.5467527,1769073969.8234918,19.2767,833,660,0.2156,34.63,42039,,0.1025,,,2026-01-22T09:26:09.886872
django__django-12284,0,planning,1769073954.4265046,1769073969.8108387,15.3843,287,527,0.1232,34.53,42039,,,,,2026-01-22T09:26:09.904419
django__django-12125,0,planning,1769073950.4249496,1769073969.8359206,19.411,424,665,0.0841,34.41,42039,,,,,2026-01-22T09:26:09.939664
django__django-11797,0,debugging,1769073969.8874724,1769073970.201186,0.3137,1517,1,0.195,8.42,42039,,0.064,True,,2026-01-22T09:26:10.288979
django__django-12308,0,planning,1769073958.42687,1769073972.7147903,14.2879,161,488,0.0696,34.32,42039,,,,,2026-01-22T09:26:12.828978
django__django-12286,0,planning,1769073956.4277651,1769073973.3248668,16.8971,232,581,0.051,34.49,42039,,,,,2026-01-22T09:26:13.435063
django__django-12453,0,planning,1769073960.426013,1769073974.8291574,14.4031,658,491,0.1009,34.33,42039,,,,,2026-01-22T09:26:14.937128
django__django-11964,0,coding,1769073965.4599047,1769073975.2360263,9.7761,1263,332,0.1409,34.46,42039,,0.0642,,,2026-01-22T09:26:15.348332
django__django-11964,0,debugging,1769073975.3492544,1769073975.5705037,0.2212,1619,1,0.1849,27.54,42039,,0.1132,True,,2026-01-22T09:26:15.655352
django__django-11999,0,coding,1769073961.9550517,1769073977.4685383,15.5135,708,528,0.102,34.26,42039,,0.0616,,,2026-01-22T09:26:17.569326
django__django-11999,0,debugging,1769073977.5803566,1769073977.7432544,0.1629,1260,1,0.1318,32.11,42039,,0.1118,True,,2026-01-22T09:26:17.855879
django__django-12113,0,coding,1769073962.8085737,1769073977.797915,14.9893,1744,506,0.1858,34.18,42039,,0.0614,,,2026-01-22T09:26:17.888910
django__django-12113,0,debugging,1769073977.8895528,1769073978.1623037,0.2728,2274,1,0.2415,32.02,42039,,0.0916,True,,2026-01-22T09:26:18.246907
django__django-12497,0,planning,1769073964.4257004,1769073979.25942,14.8337,234,503,0.0861,34.11,42039,,,,,2026-01-22T09:26:19.321493
django__django-12308,0,coding,1769073972.8297603,1769073979.7599056,6.9301,616,227,0.0972,33.22,42039,,0.115,,,2026-01-22T09:26:19.874394
django__django-12308,0,debugging,1769073979.8749554,1769073980.0265498,0.1516,867,1,0.1174,29.26,42039,,0.115,True,,2026-01-22T09:26:20.138971
django__django-12470,0,planning,1769073962.427215,1769073980.339925,17.9127,212,606,0.049,33.92,42039,,,,,2026-01-22T09:26:20.402593
django__django-12184,0,coding,1769073967.8338745,1769073980.721632,12.8878,815,430,0.1174,33.67,42039,,0.0617,,,2026-01-22T09:26:20.783311
django__django-12453,0,coding,1769073974.9378555,1769073981.7141356,6.7763,1116,220,0.1287,33.09,42039,,0.1087,,,2026-01-22T09:26:21.779670
django__django-12453,0,debugging,1769073981.7803457,1769073981.9546828,0.1743,1360,1,0.1448,33.88,42039,,0.0662,True,,2026-01-22T09:26:22.074308
django__django-12700,0,planning,1769073968.4334848,1769073982.1218855,13.6884,522,455,0.0698,33.41,42039,,,,,2026-01-22T09:26:22.162313
django__django-12184,0,debugging,1769073980.7837977,1769073983.653586,2.8698,1269,92,0.1453,33.77,42039,,0.0622,False,,2026-01-22T09:26:23.718409
django__django-11910,0,coding,1769073965.552563,1769073984.8084927,19.2559,1122,648,0.1433,33.9,42039,,0.0599,,,2026-01-22T09:26:24.928655
django__django-11910,0,debugging,1769073984.9296482,1769073985.1461418,0.2165,1794,1,0.1892,36.6,42039,,0.1212,True,,2026-01-22T09:26:25.189820
django__django-12589,0,planning,1769073966.4323184,1769073985.3527637,18.9204,800,633,0.1014,33.64,42039,,,,,2026-01-22T09:26:25.393381
django__django-12284,0,coding,1769073969.9048986,1769073985.3788261,15.4739,781,512,0.2967,33.73,42039,,0.0941,,,2026-01-22T09:26:25.436671
django__django-12284,0,debugging,1769073985.437313,1769073985.6906028,0.2533,1317,1,0.2171,27.65,42039,,0.0585,True,,2026-01-22T09:26:25.731936
django__django-12125,0,coding,1769073969.940269,1769073986.4020345,16.4618,1056,544,0.2632,33.58,42039,,0.1043,,,2026-01-22T09:26:26.502566
django__django-12125,0,debugging,1769073986.5033157,1769073986.7088227,0.2055,1624,1,0.1785,37.0,42039,,0.1013,True,,2026-01-22T09:26:26.795635
django__django-12497,0,coding,1769073979.3221467,1769073988.1142042,8.7921,704,289,0.1006,33.25,42039,,0.0627,,,2026-01-22T09:26:28.223758
django__django-12497,0,debugging,1769073988.2243536,1769073988.390813,0.1665,1017,1,0.1405,38.56,42039,,0.1101,True,,2026-01-22T09:26:28.495998
django__django-12708,0,planning,1769073970.4253716,1769073988.7699034,18.3445,298,616,0.073,33.71,42039,,,,,2026-01-22T09:26:28.879944
django__django-12856,0,planning,1769073974.4294322,1769073989.183205,14.7538,164,486,0.0503,33.05,42039,,,,,2026-01-22T09:26:29.248951
django__django-12700,0,coding,1769073982.1711638,1769073989.347489,7.1763,944,237,0.1085,33.53,42039,,0.0493,,,2026-01-22T09:26:29.405832
django__django-12700,0,debugging,1769073989.4063177,1769073989.5773084,0.171,1205,1,0.14,32.29,42039,,0.0588,True,,2026-01-22T09:26:29.690562
django__django-12983,0,planning,1769073980.4254632,1769073991.9167204,11.4913,157,387,0.1245,34.05,42039,,,,,2026-01-22T09:26:32.022809
django__django-12747,0,planning,1769073972.4290974,1769073993.1624856,20.7334,278,699,0.0574,33.81,42039,,,,,2026-01-22T09:26:33.226627
django__django-12915,0,planning,1769073978.4258373,1769073993.3534186,14.9276,280,506,0.0847,34.09,42039,,,,,2026-01-22T09:26:33.403119
django__django-12286,0,coding,1769073973.435898,1769073993.357667,19.9218,780,668,0.1185,33.73,42039,,0.111,,,2026-01-22T09:26:33.414272
django__django-12286,0,debugging,1769073993.414785,1769073993.649339,0.2346,1472,1,0.2014,30.12,42039,,0.0571,True,,2026-01-22T09:26:33.688075
django__django-12470,0,coding,1769073980.403182,1769073994.7179604,14.3148,785,483,0.1094,34.0,42039,,0.0633,,,2026-01-22T09:26:34.828150
django__django-12470,0,debugging,1769073994.828752,1769073995.0074408,0.1787,1292,1,0.1482,32.79,42039,,0.1108,True,,2026-01-22T09:26:35.080190
django__django-12908,0,planning,1769073976.4272866,1769073997.4017847,20.9745,351,710,0.0783,33.98,42039,,,,,2026-01-22T09:26:37.466929
django__django-12184,1,planning,1769073983.719285,1769073997.7187014,13.9994,418,477,0.0718,34.25,42039,,,,,2026-01-22T09:26:37.816324
django__django-13028,0,planning,1769073982.4260437,1769073999.710167,17.2841,730,589,0.1051,34.29,42039,,,,,2026-01-22T09:26:39.774466
django__django-12856,0,coding,1769073989.2494857,1769074000.3826997,11.1332,617,383,0.0878,34.67,42039,,0.0663,,,2026-01-22T09:26:40.492331
django__django-12856,0,debugging,1769074000.4931214,1769074000.6569502,0.1638,1024,1,0.1401,42.12,42039,,0.1104,True,,2026-01-22T09:26:40.704895
django__django-13033,0,planning,1769073984.4322212,1769074000.9197369,16.4875,1092,557,0.1456,34.08,42039,,,,,2026-01-22T09:26:41.032709
django__django-12983,0,coding,1769073992.023838,1769074001.4568436,9.433,511,313,0.0676,33.42,42039,,0.1071,,,2026-01-22T09:26:41.522331
django__django-12983,0,debugging,1769074001.5229483,1769074001.6771286,0.1542,848,1,0.1167,26.68,42039,,0.0661,True,,2026-01-22T09:26:41.714940
django__django-13158,0,planning,1769073986.4274292,1769074001.7321153,15.3047,321,521,0.0586,34.17,42039,,,,,2026-01-22T09:26:41.766701
django__django-13220,0,planning,1769073988.4244328,1769074001.9227676,13.4983,184,456,0.0768,33.98,42039,,,,,2026-01-22T09:26:41.973517
django__django-13230,0,planning,1769073990.4252882,1769074006.5499787,16.1247,127,543,0.0646,33.81,42039,,,,,2026-01-22T09:26:46.650193
django__django-12184,1,coding,1769073997.8233168,1769074008.1898468,10.3665,761,340,0.0837,33.06,42039,,0.1046,,,2026-01-22T09:26:48.277427
django__django-13265,0,planning,1769073992.425828,1769074008.814375,16.3885,526,542,0.0888,33.25,42039,,,,,2026-01-22T09:26:48.882706
django__django-12589,0,coding,1769073985.3981109,1769074009.3338342,23.9357,1400,804,0.1362,33.78,42039,,0.0453,,,2026-01-22T09:26:49.446417
django__django-12589,0,debugging,1769074009.4471405,1769074009.7347853,0.2876,2228,1,0.254,29.69,42039,,0.1133,True,,2026-01-22T09:26:49.780870
django__django-12915,0,coding,1769073993.4036644,1769074009.7345603,16.3309,753,534,0.0866,32.87,42039,,0.0502,,,2026-01-22T09:26:49.843289
django__django-12915,0,debugging,1769074009.8561459,1769074010.2368407,0.3807,1311,1,0.1625,4.58,42039,,0.1216,True,,2026-01-22T09:26:50.311645
django__django-13220,0,coding,1769074001.9740806,1769074011.264256,9.2902,607,299,0.0794,32.46,42039,,0.0513,,,2026-01-22T09:26:51.351608
django__django-13220,0,debugging,1769074011.3522356,1769074011.4910774,0.1388,930,1,0.1078,32.17,42039,,0.088,True,,2026-01-22T09:26:51.564535
django__django-12747,0,coding,1769073993.2280602,1769074011.5869918,18.3589,944,595,0.1197,32.62,42039,,0.0656,,,2026-01-22T09:26:51.623295
django__django-12747,0,debugging,1769074011.6238391,1769074011.835781,0.2119,1563,1,0.1775,29.0,42039,,0.0368,True,,2026-01-22T09:26:51.876115
django__django-13158,0,coding,1769074001.7672696,1769074012.4746423,10.7074,809,340,0.1195,32.11,42039,,0.0352,,,2026-01-22T09:26:52.579823
django__django-13158,0,debugging,1769074012.5803695,1769074012.7613547,0.181,1173,1,0.1497,32.01,42039,,0.1057,True,,2026-01-22T09:26:52.849326
django__django-12184,1,debugging,1769074008.2785265,1769074012.9368193,4.6583,1125,134,0.1365,29.63,42039,,0.0887,True,,2026-01-22T09:26:53.021041
django__django-13321,0,planning,1769073996.427436,1769074013.8223343,17.3949,1182,556,0.1209,32.19,42039,,,,,2026-01-22T09:26:53.865451
django__django-13028,0,coding,1769073999.7751596,1769074014.1376822,14.3625,1286,450,0.1494,31.66,42039,,0.065,,,2026-01-22T09:26:54.195567
django__django-13028,0,debugging,1769074014.196297,1769074014.414898,0.2186,1760,1,0.191,36.27,42039,,0.0586,True,,2026-01-22T09:26:54.479650
django__django-13448,0,planning,1769074002.427725,1769074014.7096798,12.282,1356,386,0.1677,31.86,42039,,,,,2026-01-22T09:26:54.814168
django__django-13315,0,planning,1769073994.425944,1769074016.1622846,21.7363,122,698,0.0679,32.21,42039,,,,,2026-01-22T09:26:56.218431
django__django-13447,0,planning,1769074000.4266558,1769074016.162221,15.7356,153,493,0.0761,31.48,42039,,,,,2026-01-22T09:26:56.223047
django__django-13401,0,planning,1769073998.4261706,1769074016.3836234,17.9575,347,566,0.062,31.63,42039,,,,,2026-01-22T09:26:56.444383
django__django-12908,0,coding,1769073997.4675403,1769074016.9077258,19.4402,1028,612,0.1341,31.7,42039,,0.0658,,,2026-01-22T09:26:56.952778
django__django-12908,0,debugging,1769074016.9535248,1769074017.1635413,0.21,1664,1,0.1757,29.13,42039,,0.0458,True,,2026-01-22T09:26:57.262265
django__django-13230,0,coding,1769074006.6509688,1769074018.1087043,11.4577,637,349,0.0988,30.72,42039,,0.101,,,2026-01-22T09:26:58.168592
django__django-13230,0,debugging,1769074018.169178,1769074018.3350043,0.1658,1010,1,0.1239,23.88,42039,,0.0605,True,,2026-01-22T09:26:58.441655
django__django-13590,0,planning,1769074006.4259021,1769074020.3700342,13.9441,256,431,0.0828,31.09,42039,,,,,2026-01-22T09:27:00.467712
django__django-13660,0,planning,1769074010.4358666,1769074020.9386327,10.5028,677,327,0.0893,31.4,42039,,,,,2026-01-22T09:27:01.043693
django__django-13551,0,planning,1769074004.4354072,1769074021.3729112,16.9375,188,532,0.0602,31.52,42039,,,,,2026-01-22T09:27:01.482597
django__django-13658,0,planning,1769074008.4267771,1769074023.1509097,14.7241,365,456,0.0813,31.14,42039,,,,,2026-01-22T09:27:03.239470
django__django-13590,0,coding,1769074020.4683712,1769074025.0497808,4.5814,654,147,0.1197,32.95,42039,,0.0983,,,2026-01-22T09:27:05.137340
django__django-13590,0,debugging,1769074025.1381383,1769074025.2740316,0.1359,825,1,0.1049,32.27,42039,,0.0884,True,,2026-01-22T09:27:05.373127
django__django-13401,0,coding,1769074016.4449308,1769074027.1844077,10.7395,880,347,0.1432,32.75,42039,,0.0613,,,2026-01-22T09:27:07.286039
django__django-13401,0,debugging,1769074027.2866507,1769074027.470814,0.1842,1251,1,0.1471,27.0,42039,,0.1022,True,,2026-01-22T09:27:07.568130
django__django-13710,0,planning,1769074012.4283159,1769074028.268843,15.8405,246,504,0.0771,31.97,42039,,,,,2026-01-22T09:27:08.333923
django__django-13033,0,coding,1769074001.033509,1769074028.8437362,27.8102,1616,884,0.1591,31.97,42039,,0.1138,,,2026-01-22T09:27:08.959796
django__django-13033,0,debugging,1769074028.9604685,1769074029.2731237,0.3127,2524,1,0.2777,28.63,42039,,0.1167,True,,2026-01-22T09:27:09.381919
django__django-13660,0,coding,1769074021.052573,1769074029.6439624,8.5914,971,273,0.1107,32.19,42039,,0.1139,,,2026-01-22T09:27:09.754116
django__django-13660,0,debugging,1769074029.7649322,1769074029.926592,0.1617,1268,1,0.1285,30.14,42039,,0.121,True,,2026-01-22T09:27:09.999268
django__django-13757,0,planning,1769074014.4256444,1769074031.3175416,16.8919,290,538,0.0806,32.0,42039,,,,,2026-01-22T09:27:11.412243
django__django-13448,0,coding,1769074014.8147633,1769074031.2918217,16.4771,1709,524,0.1643,32.12,42039,,0.1051,,,2026-01-22T09:27:11.415826
django__django-13315,0,coding,1769074016.219583,1769074031.3764474,15.1569,787,481,0.1514,32.06,42039,,0.0573,,,2026-01-22T09:27:11.478757
django__django-13448,0,debugging,1769074031.4165492,1769074031.8362653,0.4197,2257,1,0.3718,20.88,42039,,0.1247,True,,2026-01-22T09:27:11.938826
django__django-13315,0,debugging,1769074031.479553,1769074031.8659203,0.3864,1292,1,0.3536,30.55,42039,,0.1031,True,,2026-01-22T09:27:11.939407
django__django-13658,0,coding,1769074023.240049,1769074032.199891,8.9598,788,276,0.0977,31.14,42039,,0.0891,,,2026-01-22T09:27:12.312184
django__django-13658,0,debugging,1769074032.3127391,1769074032.469712,0.157,1088,1,0.1201,27.09,42039,,0.1128,True,,2026-01-22T09:27:12.575636
django__django-13768,0,planning,1769074016.4372535,1769074033.136825,16.6996,193,525,0.1491,31.72,42039,,,,,2026-01-22T09:27:13.197941
django__django-13551,0,coding,1769074021.4933696,1769074034.4589243,12.9656,687,409,0.0846,31.75,42039,,0.1205,,,2026-01-22T09:27:14.561333
django__django-13551,0,debugging,1769074034.562436,1769074034.735423,0.173,1120,1,0.1403,30.6,42039,,0.1035,True,,2026-01-22T09:27:14.826461
django__django-13933,0,planning,1769074020.4245546,1769074037.7882733,17.3637,332,554,0.0567,32.01,42039,,,,,2026-01-22T09:27:17.905876
django__django-13964,0,planning,1769074022.4325385,1769074038.0771437,15.6446,436,498,0.0642,31.96,42039,,,,,2026-01-22T09:27:18.177442
django__django-13925,0,planning,1769074018.426094,1769074038.5250905,20.099,948,642,0.1245,32.14,42039,,,,,2026-01-22T09:27:18.591811
django__django-13710,0,coding,1769074028.3345804,1769074038.7832673,10.4487,717,322,0.117,31.17,42039,,0.0657,,,2026-01-22T09:27:18.868112
django__django-13710,0,debugging,1769074038.8687527,1769074039.0270517,0.1583,1063,1,0.1252,30.18,42039,,0.0855,True,,2026-01-22T09:27:19.071273
django__django-13447,0,coding,1769074016.2238755,1769074039.3814785,23.1576,613,731,0.1486,31.77,42039,,0.0617,,,2026-01-22T09:27:19.445470
django__django-13447,0,debugging,1769074039.4460459,1769074039.6356406,0.1896,1368,1,0.1572,30.85,42039,,0.0646,True,,2026-01-22T09:27:19.739664
django__django-14017,0,planning,1769074026.4260254,1769074040.049339,13.6233,420,421,0.0988,31.13,42039,,,,,2026-01-22T09:27:20.135678
django__django-13768,0,coding,1769074033.198518,1769074040.462471,7.264,685,229,0.1063,31.99,42039,,0.0617,,,2026-01-22T09:27:20.562483
django__django-13768,0,debugging,1769074040.5630505,1769074040.731034,0.168,938,1,0.1365,31.8,42039,,0.1006,True,,2026-01-22T09:27:20.767497
django__django-14016,0,planning,1769074024.4327042,1769074040.8175683,16.3849,228,511,0.062,31.31,42039,,,,,2026-01-22T09:27:20.857582
django__django-14155,0,planning,1769074028.4246926,1769074043.1738875,14.7492,173,462,0.0626,31.46,42039,,,,,2026-01-22T09:27:23.280082
django__django-14382,0,planning,1769074032.4252653,1769074044.6445758,12.2193,191,391,0.0785,32.21,42039,,,,,2026-01-22T09:27:24.731669
django__django-14017,0,coding,1769074040.1362772,1769074047.995607,7.8593,808,254,0.1163,32.8,42039,,0.0869,,,2026-01-22T09:27:28.085689
django__django-14017,0,debugging,1769074048.0863194,1769074048.2489455,0.1626,1086,1,0.1281,28.95,42039,,0.0907,True,,2026-01-22T09:27:28.285422
django__django-13925,0,coding,1769074038.5923238,1769074048.9517627,10.3594,1557,326,0.181,32.03,42039,,0.0672,,,2026-01-22T09:27:29.042797
django__django-13925,0,debugging,1769074049.0435228,1769074049.2549672,0.2114,1907,1,0.1748,27.32,42039,,0.0918,True,,2026-01-22T09:27:29.353441
django__django-14016,0,coding,1769074040.8580961,1769074049.5541599,8.6961,706,277,0.1078,32.25,42039,,0.0405,,,2026-01-22T09:27:29.645209
django__django-14534,0,planning,1769074036.4351716,1769074049.639488,13.2043,434,415,0.0786,31.62,42039,,,,,2026-01-22T09:27:29.682559
django__django-14411,0,planning,1769074034.4308372,1769074049.6688163,15.238,151,483,0.0598,31.82,42039,,,,,2026-01-22T09:27:29.726612
django__django-14016,0,debugging,1769074049.64627,1769074049.9132583,0.267,1007,1,0.1336,7.5,42039,,0.0921,True,,2026-01-22T09:27:30.032685
django__django-14238,0,planning,1769074030.6436353,1769074050.9915404,20.3479,740,638,0.1132,31.53,42039,,,,,2026-01-22T09:27:31.112078
django__django-14155,0,coding,1769074043.2916944,1769074051.7582617,8.4666,602,261,0.0785,31.12,42039,,0.1178,,,2026-01-22T09:27:31.845179
django__django-14155,0,debugging,1769074051.8460658,1769074051.9848819,0.1388,887,1,0.1107,35.52,42039,,0.0878,True,,2026-01-22T09:27:32.028439
django__django-14382,0,coding,1769074044.7324228,1769074054.128923,9.3965,549,295,0.0838,31.68,42039,,0.0878,,,2026-01-22T09:27:34.232963
django__django-14382,0,debugging,1769074054.2335713,1769074054.391097,0.1575,868,1,0.1202,26.81,42039,,0.1046,True,,2026-01-22T09:27:34.505184
django__django-13933,0,coding,1769074037.906562,1769074054.5855777,16.679,853,519,0.0975,31.3,42039,,0.1183,,,2026-01-22T09:27:34.664544
django__django-13757,0,coding,1769074031.4128556,1769074054.6981747,23.2853,795,731,0.2035,31.67,42039,,0.0953,,,2026-01-22T09:27:34.773288
django__django-13757,0,debugging,1769074054.7739198,1769074055.0005455,0.2266,1550,1,0.1967,33.47,42039,,0.0757,True,,2026-01-22T09:27:35.068185
django__django-13933,0,debugging,1769074054.6660705,1769074054.9691458,0.3031,1396,1,0.1546,6.74,42039,,0.0805,True,,2026-01-22T09:27:35.071966
django__django-14580,0,planning,1769074038.4255862,1769074055.6456451,17.2201,447,533,0.1022,31.14,42039,,,,,2026-01-22T09:27:35.710419
django__django-14608,0,planning,1769074040.434664,1769074056.0490787,15.6144,200,488,0.0566,31.37,42039,,,,,2026-01-22T09:27:36.154027
django__django-13321,0,coding,1769074013.8750145,1769074058.1693969,44.2944,1705,1390,0.1738,31.5,42039,,0.0527,,,2026-01-22T09:27:38.232713
django__django-13321,0,debugging,1769074058.2336812,1769074058.600149,0.3665,3119,1,0.3179,20.58,42039,,0.0643,True,,2026-01-22T09:27:38.665414
django__django-14672,0,planning,1769074044.4302678,1769074058.8907473,14.4605,1798,437,0.2085,30.66,42039,,,,,2026-01-22T09:27:38.982579
django__django-14534,0,coding,1769074049.6831346,1769074060.0310676,10.3479,816,308,0.2323,30.45,42039,,0.0436,,,2026-01-22T09:27:40.115395
django__django-14534,0,debugging,1769074060.1161408,1769074060.2801971,0.1641,1148,1,0.1325,31.66,42039,,0.0851,True,,2026-01-22T09:27:40.383553
django__django-14667,0,planning,1769074042.4262936,1769074060.7602205,18.3339,300,561,0.0729,30.72,42039,,,,,2026-01-22T09:27:40.860734
django__django-14580,0,coding,1769074055.7110333,1769074062.1696,6.4586,947,192,0.1337,30.36,42039,,0.0654,,,2026-01-22T09:27:42.248825
django__django-14580,0,debugging,1769074062.258446,1769074062.42524,0.1668,1163,1,0.133,29.62,42039,,0.0888,True,,2026-01-22T09:27:42.534198
django__django-14411,0,coding,1769074049.72719,1769074062.5241408,12.797,601,385,0.1852,30.53,42039,,0.0584,,,2026-01-22T09:27:42.588402
django__django-14411,0,debugging,1769074062.5890527,1769074062.7552543,0.1662,1010,1,0.1359,33.03,42039,,0.0649,True,,2026-01-22T09:27:42.843691
django__django-14238,0,coding,1769074051.1134334,1769074064.2852707,13.1718,1345,400,0.1517,30.72,42039,,0.1219,,,2026-01-22T09:27:44.385252
django__django-14238,0,debugging,1769074064.394881,1769074064.6146972,0.2198,1769,1,0.1741,21.86,42039,,0.1096,True,,2026-01-22T09:27:44.712918
django__django-14730,0,planning,1769074046.425457,1769074065.1951826,18.7697,168,572,0.0626,30.58,42039,,,,,2026-01-22T09:27:45.260983
django__django-13964,0,coding,1769074038.1781435,1769074065.2510355,27.0729,901,833,0.1169,30.9,42039,,0.101,,,2026-01-22T09:27:45.309930
django__django-14855,0,planning,1769074052.4329255,1769074066.9349926,14.5021,273,441,0.0635,30.54,42039,,,,,2026-01-22T09:27:47.033262
django__django-13964,0,debugging,1769074065.310466,1769074067.4747567,2.1643,1758,64,0.2075,32.71,42039,,0.0594,True,,2026-01-22T09:27:47.562986
django__django-14752,0,planning,1769074048.4302738,1769074067.9155884,19.4853,697,592,0.0897,30.52,42039,,,,,2026-01-22T09:27:47.959040
django__django-14787,0,planning,1769074050.4258866,1769074068.561562,18.1357,239,554,0.0795,30.68,42039,,,,,2026-01-22T09:27:48.627167
django__django-14672,0,coding,1769074058.983157,1769074070.5115974,11.5284,2202,357,0.2506,31.66,42039,,0.0924,,,2026-01-22T09:27:50.601093
django__django-14915,0,planning,1769074054.4248137,1769074070.6302037,16.2054,315,495,0.0603,30.66,42039,,,,,2026-01-22T09:27:50.719855
django__django-14672,0,debugging,1769074070.601715,1769074070.977234,0.3755,2583,1,0.3379,26.6,42039,,0.0901,True,,2026-01-22T09:27:51.076640
django__django-14855,0,coding,1769074067.033893,1769074073.0456457,6.0118,681,187,0.1062,31.67,42039,,0.0989,,,2026-01-22T09:27:53.139603
django__django-14855,0,debugging,1769074073.1402724,1769074073.3067782,0.1665,892,1,0.1373,34.24,42039,,0.0946,True,,2026-01-22T09:27:53.389612
django__django-14667,0,coding,1769074060.8613183,1769074073.9908245,13.1295,828,410,0.1133,31.5,42039,,0.1011,,,2026-01-22T09:27:54.072314
django__django-14608,0,coding,1769074056.1654372,1769074074.0138183,17.8484,655,550,0.0845,30.96,42039,,0.1164,,,2026-01-22T09:27:54.083629
django__django-14608,0,debugging,1769074074.0842443,1769074074.3756464,0.2914,1229,1,0.2524,25.63,42039,,0.0704,True,,2026-01-22T09:27:54.459961
django__django-15061,0,planning,1769074060.4341717,1769074074.7365663,14.3024,148,444,0.0617,31.18,42039,,,,,2026-01-22T09:27:54.776254
django__django-14997,0,planning,1769074056.4259205,1769074074.880083,18.4542,1650,565,0.1732,30.91,42039,,,,,2026-01-22T09:27:54.959704
django__django-14999,0,planning,1769074058.4254985,1769074078.0524952,19.627,119,609,0.1664,31.29,42039,,,,,2026-01-22T09:27:58.166499
django__django-14667,0,debugging,1769074074.0730762,1769074078.4099967,4.3369,1262,132,0.2058,31.95,42039,,0.0823,True,,2026-01-22T09:27:58.516988
django__django-15213,0,planning,1769074064.4255247,1769074078.727695,14.3022,244,444,0.1885,31.46,42039,,,,,2026-01-22T09:27:58.823248
django__django-15202,0,planning,1769074062.428678,1769074079.6609538,17.2323,213,539,0.0873,31.44,42039,,,,,2026-01-22T09:27:59.704007
django__django-14752,0,coding,1769074067.9692514,1769074080.2053237,12.2361,1256,382,0.1278,31.55,42039,,0.0537,,,2026-01-22T09:28:00.295915
django__django-14752,0,debugging,1769074080.296499,1769074080.5339062,0.2374,1662,1,0.1683,14.48,42039,,0.0912,True,,2026-01-22T09:28:00.610035
django__django-14915,0,coding,1769074070.7203705,1769074081.8796246,11.1593,777,347,0.2162,31.71,42039,,0.0902,,,2026-01-22T09:28:01.987006
django__django-14915,0,debugging,1769074081.9964888,1769074082.1600628,0.1636,1148,1,0.1295,29.34,42039,,0.1169,True,,2026-01-22T09:28:02.265582
django__django-15252,0,planning,1769074066.4259472,1769074083.2258835,16.7999,421,525,0.091,31.42,42039,,,,,2026-01-22T09:28:03.316003
django__django-14787,0,coding,1769074068.6277843,1769074083.6312737,15.0035,760,467,0.1194,31.38,42039,,0.0662,,,2026-01-22T09:28:03.714951
django__django-14787,0,debugging,1769074083.7155173,1769074083.8939006,0.1784,1251,1,0.1491,34.12,42039,,0.0842,True,,2026-01-22T09:28:03.977044
django__django-15320,0,planning,1769074068.4322424,1769074084.99029,16.558,298,517,0.0647,31.35,42039,,,,,2026-01-22T09:28:05.073292
django__django-15061,0,coding,1769074074.7769341,1769074085.1926267,10.4157,559,324,0.0985,31.4,42039,,0.0404,,,2026-01-22T09:28:05.291317
django__django-15061,0,debugging,1769074085.2920592,1769074085.456282,0.1642,907,1,0.1279,27.53,42039,,0.0994,True,,2026-01-22T09:28:05.556267
django__django-15202,0,coding,1769074079.7046685,1769074088.7486558,9.044,719,282,0.1132,31.58,42039,,0.0437,,,2026-01-22T09:28:08.837117
django__django-15202,0,debugging,1769074088.8379478,1769074088.9996588,0.1617,1025,1,0.1296,31.11,42039,,0.0893,True,,2026-01-22T09:28:09.036840
django__django-15347,0,planning,1769074070.4257386,1769074090.1745613,19.7488,349,617,0.0866,31.38,42039,,,,,2026-01-22T09:28:10.264008
django__django-15400,0,planning,1769074074.4364023,1769074091.831897,17.3955,244,550,0.0603,31.73,42039,,,,,2026-01-22T09:28:11.920638
django__django-15388,0,planning,1769074072.4254162,1769074092.616377,20.191,250,634,0.0918,31.54,42039,,,,,2026-01-22T09:28:12.683893
django__django-15498,0,planning,1769074076.4262679,1769074093.3737514,16.9475,144,535,0.0563,31.67,42039,,,,,2026-01-22T09:28:13.458298
django__django-15213,0,coding,1769074078.824009,1769074094.5572975,15.7333,655,492,0.1132,31.5,42039,,0.0963,,,2026-01-22T09:28:14.623154
django__django-15213,0,debugging,1769074094.6237915,1769074094.823915,0.2001,1171,1,0.1559,22.64,42039,,0.0665,True,,2026-01-22T09:28:14.912774
django__django-15738,0,planning,1769074080.4259105,1769074096.0180688,15.5922,508,490,0.109,31.65,42039,,,,,2026-01-22T09:28:16.097370
django__django-15695,0,planning,1769074078.426122,1769074096.418311,17.9922,373,561,0.0801,31.32,42039,,,,,2026-01-22T09:28:16.493631
django__django-15789,0,planning,1769074084.432094,1769074099.4779701,15.0459,174,472,0.0647,31.51,42039,,,,,2026-01-22T09:28:19.582050
django__django-15781,0,planning,1769074082.4302166,1769074100.0433726,17.6132,431,551,0.0788,31.42,42039,,,,,2026-01-22T09:28:20.086889
django__django-15347,0,coding,1769074090.264629,1769074101.114393,10.8498,933,333,0.1096,31.01,42039,,0.0901,,,2026-01-22T09:28:21.218584
django__django-15252,0,coding,1769074083.3165905,1769074101.5810013,18.2644,913,566,0.1097,31.18,42039,,0.0907,,,2026-01-22T09:28:21.692915
django__django-15252,0,debugging,1769074101.6936693,1769074101.907673,0.214,1503,1,0.1836,32.88,42039,,0.1127,True,,2026-01-22T09:28:22.008916
django__django-14997,0,coding,1769074074.9615781,1769074103.3539531,28.3924,2182,881,0.2388,31.29,42039,,0.0815,,,2026-01-22T09:28:23.427021
django__django-14997,0,debugging,1769074103.4276578,1769074103.7908518,0.3632,3087,1,0.3285,28.81,42039,,0.0737,True,,2026-01-22T09:28:23.876015
django__django-15814,0,planning,1769074088.425581,1769074103.984983,15.5594,802,466,0.1352,30.21,42039,,,,,2026-01-22T09:28:24.065416
django__django-15320,0,coding,1769074085.0739374,1769074104.4564528,19.3825,782,589,0.104,30.55,42039,,0.0836,,,2026-01-22T09:28:24.555861
django__django-15320,0,debugging,1769074104.55666,1769074104.765145,0.2085,1395,1,0.1672,24.23,42039,,0.1002,True,,2026-01-22T09:28:24.849454
django__django-15347,0,debugging,1769074101.219335,1769074104.956917,3.7376,1290,96,0.1619,26.85,42039,,0.1049,False,,2026-01-22T09:28:24.994410
django__django-14999,0,coding,1769074078.1673367,1769074105.9179397,27.7506,695,846,0.1198,30.62,42039,,0.1148,,,2026-01-22T09:28:26.015092
django__django-14999,0,debugging,1769074106.0156875,1769074106.2380724,0.2224,1565,1,0.1835,25.74,42039,,0.0977,True,,2026-01-22T09:28:26.284377
django__django-15790,0,planning,1769074086.435154,1769074106.2732918,19.8381,173,598,0.0593,30.23,42039,,,,,2026-01-22T09:28:26.351624
django__django-15400,0,coding,1769074091.921585,1769074106.806675,14.8851,761,436,0.1,29.49,42039,,0.0897,,,2026-01-22T09:28:26.855361
django__django-15400,0,debugging,1769074106.8578496,1769074107.0376112,0.1798,1221,1,0.1537,38.34,42039,,0.0512,True,,2026-01-22T09:28:27.081537
django__django-15819,0,planning,1769074090.4261153,1769074108.5691657,18.1431,181,539,0.0763,29.83,42039,,,,,2026-01-22T09:28:28.636869
django__django-15851,0,planning,1769074092.427941,1769074109.2920792,16.8641,212,497,0.0583,29.57,42039,,,,,2026-01-22T09:28:29.390549
django__django-15388,0,coding,1769074092.684498,1769074109.95231,17.2678,851,508,0.1274,29.64,42039,,0.0681,,,2026-01-22T09:28:29.997328
django__django-15388,0,debugging,1769074109.998053,1769074110.1928914,0.1948,1383,1,0.1678,37.02,42039,,0.0457,True,,2026-01-22T09:28:30.238473
django__django-15814,0,coding,1769074104.0688472,1769074111.1046162,7.0358,1235,203,0.1485,29.47,42039,,0.0839,,,2026-01-22T09:28:31.177090
django__django-15902,0,planning,1769074094.4291964,1769074111.1678152,16.7386,146,490,0.0559,29.37,42039,,,,,2026-01-22T09:28:31.265833
django__django-15814,0,debugging,1769074111.1776676,1769074113.4376075,2.2599,1462,65,0.1781,31.22,42039,,0.0731,True,,2026-01-22T09:28:33.525535
django__django-15789,0,coding,1769074099.5827975,1769074114.1902552,14.6075,613,422,0.1129,29.11,42039,,0.1048,,,2026-01-22T09:28:34.283616
django__django-15789,0,debugging,1769074114.284323,1769074114.4486547,0.1643,1059,1,0.131,29.99,42039,,0.0941,True,,2026-01-22T09:28:34.560254
django__django-16041,0,planning,1769074098.434625,1769074114.581707,16.1471,362,469,0.0668,29.17,42039,,,,,2026-01-22T09:28:34.682933
django__django-15996,0,planning,1769074096.425846,1769074116.2002854,19.7744,201,581,0.0861,29.51,42039,,,,,2026-01-22T09:28:36.302311
django__django-16046,0,planning,1769074100.4262426,1769074118.9431505,18.5169,137,539,0.0911,29.25,42039,,,,,2026-01-22T09:28:38.987086
django__django-15851,0,coding,1769074109.3912296,1769074118.938164,9.5469,676,282,0.122,29.92,42039,,0.0992,,,2026-01-22T09:28:39.038395
django__django-15851,0,debugging,1769074119.0389144,1769074119.2327206,0.1938,982,1,0.1497,22.67,42039,,0.1008,True,,2026-01-22T09:28:39.339788
django__django-16139,0,planning,1769074102.424701,1769074119.5867052,17.162,410,499,0.1018,29.25,42039,,,,,2026-01-22T09:28:39.669326
django__django-15498,0,coding,1769074093.460938,1769074120.7466018,27.2857,646,804,0.0946,29.57,42039,,0.0872,,,2026-01-22T09:28:40.826177
django__django-15781,0,coding,1769074100.087464,1769074121.0396624,20.9522,949,605,0.1313,29.06,42039,,0.0441,,,2026-01-22T09:28:41.122460
django__django-15781,0,debugging,1769074121.1256526,1769074121.3369896,0.2113,1578,1,0.1817,33.75,42039,,0.086,True,,2026-01-22T09:28:41.426660
django__django-15347,1,planning,1769074104.9951863,1769074122.8069603,17.8118,454,521,0.0915,29.4,42039,,,,,2026-01-22T09:28:42.910236
django__django-15498,0,debugging,1769074120.8388546,1769074123.673131,2.8343,1474,76,0.1632,28.45,42039,,0.0923,True,,2026-01-22T09:28:43.754610
django__django-15790,0,coding,1769074106.352368,1769074123.9293146,17.5769,738,514,0.1106,29.43,42039,,0.0791,,,2026-01-22T09:28:44.009776
django__django-15790,0,debugging,1769074124.0103703,1769074124.2078443,0.1975,1276,1,0.1628,28.84,42039,,0.0811,True,,2026-01-22T09:28:44.287016
django__django-16041,0,coding,1769074114.6836035,1769074124.8764956,10.1929,798,291,0.13,28.92,42039,,0.1019,,,2026-01-22T09:28:44.978432
django__django-16255,0,planning,1769074106.4257982,1769074124.8978052,18.472,451,540,0.0887,29.37,42039,,,,,2026-01-22T09:28:45.006566
django__django-16041,0,debugging,1769074124.9790425,1769074125.2299154,0.2509,1113,1,0.2127,26.18,42039,,0.1025,True,,2026-01-22T09:28:45.311833
django__django-15902,0,coding,1769074111.266426,1769074126.5642123,15.2978,603,443,0.15,29.25,42039,,0.0986,,,2026-01-22T09:28:46.670978
django__django-16379,0,planning,1769074108.4274921,1769074126.8223796,18.3949,355,532,0.0658,29.02,42039,,,,,2026-01-22T09:28:46.912673
django__django-16400,0,planning,1769074110.4252942,1769074126.8283367,16.403,609,473,0.1068,29.03,42039,,,,,2026-01-22T09:28:46.930229
django__django-15902,0,debugging,1769074126.671566,1769074126.8653352,0.1938,1070,1,0.1453,20.62,42039,,0.1074,True,,2026-01-22T09:28:46.946784
django__django-16527,0,planning,1769074114.424371,1769074129.1530392,14.7287,189,422,0.0638,28.78,42039,,,,,2026-01-22T09:28:49.235018
django__django-16408,0,planning,1769074112.4322407,1769074130.0522192,17.62,271,510,0.072,29.06,42039,,,,,2026-01-22T09:28:50.138285
django__django-15695,0,coding,1769074096.4942746,1769074130.7108886,34.2166,901,993,0.139,29.14,42039,,0.076,,,2026-01-22T09:28:50.819356
django__django-15695,0,debugging,1769074130.8200676,1769074131.0699496,0.2499,1918,1,0.2068,23.23,42039,,0.1092,True,,2026-01-22T09:28:51.155132
django__django-16046,0,coding,1769074118.991143,1769074131.265606,12.2745,643,342,0.1075,28.11,42039,,0.048,,,2026-01-22T09:28:51.369725
django__django-16046,0,debugging,1769074131.3703835,1769074131.5520778,0.1817,1009,1,0.1515,33.13,42039,,0.1048,True,,2026-01-22T09:28:51.664668
django__django-16229,0,planning,1769074104.4417963,1769074133.3469918,28.9052,350,834,0.1015,28.95,42039,,,,,2026-01-22T09:28:53.427199
django__django-16139,0,coding,1769074119.6765733,1769074134.103907,14.4273,876,405,0.1171,28.3,42039,,0.0899,,,2026-01-22T09:28:54.185449
django__django-15819,0,coding,1769074108.6374671,1769074134.1668735,25.5294,687,734,0.1167,28.88,42039,,0.0683,,,2026-01-22T09:28:54.242113
django__django-16139,0,debugging,1769074134.1935172,1769074134.4918423,0.2983,1305,1,0.1513,6.8,42039,,0.0896,True,,2026-01-22T09:28:54.598432
django__django-15819,0,debugging,1769074134.2430933,1769074134.5529277,0.3098,1445,1,0.2423,14.81,42039,,0.0762,True,,2026-01-22T09:28:54.659622
django__django-16379,0,coding,1769074126.915663,1769074135.0394807,8.1238,854,224,0.2046,28.29,42039,,0.0933,,,2026-01-22T09:28:55.141698
django__django-15347,1,coding,1769074122.9109967,1769074135.3055344,12.3945,837,342,0.1221,27.87,42039,,0.104,,,2026-01-22T09:28:55.391206
django__django-16379,0,debugging,1769074135.1424704,1769074135.3349836,0.1925,1102,1,0.164,35.01,42039,,0.103,True,,2026-01-22T09:28:55.421596
django__django-15347,1,debugging,1769074135.403189,1769074135.5490687,0.1459,1203,1,0.1071,25.79,42039,,0.0977,True,,2026-01-22T09:28:55.630998
django__django-16527,0,coding,1769074129.2358005,1769074135.9304562,6.6947,578,180,0.1025,27.31,42039,,0.0828,,,2026-01-22T09:28:55.971373
django__django-16527,0,debugging,1769074135.9719205,1769074136.1413922,0.1695,782,1,0.1373,31.11,42039,,0.0415,True,,2026-01-22T09:28:56.213308
django__django-16595,0,planning,1769074116.4307435,1769074138.3188803,21.8881,425,618,0.075,28.33,42039,,,,,2026-01-22T09:28:58.387711
django__django-16820,0,planning,1769074120.4334445,1769074139.371212,18.9378,140,531,0.0789,28.16,42039,,,,,2026-01-22T09:28:59.435730
django__django-16816,0,planning,1769074118.4267805,1769074140.2759628,21.8492,1300,612,0.1685,28.23,42039,,,,,2026-01-22T09:29:00.360048
django__django-16255,0,coding,1769074125.007095,1769074140.333447,15.3264,958,431,0.2209,28.53,42039,,0.1093,,,2026-01-22T09:29:00.380663
django__django-16255,0,debugging,1769074140.3812795,1769074140.8273044,0.446,1413,1,0.3841,16.15,42039,,0.0478,True,,2026-01-22T09:29:00.939350
django__django-16873,0,planning,1769074122.4345944,1769074141.8684003,19.4338,626,543,0.0995,28.08,42039,,,,,2026-01-22T09:29:01.954790
matplotlib__matplotlib-18869,0,planning,1769074130.4253755,1769074144.7290616,14.3037,417,396,0.0756,27.83,42039,,,,,2026-01-22T09:29:04.838710
django__django-16400,0,coding,1769074126.931019,1769074145.9484358,19.0174,1049,533,0.1765,28.29,42039,,0.1027,,,2026-01-22T09:29:06.035301
django__django-16400,0,debugging,1769074146.0423238,1769074146.262139,0.2198,1607,1,0.1763,22.99,42039,,0.0939,True,,2026-01-22T09:29:06.338118
django__django-17051,0,planning,1769074126.4257762,1769074147.0941002,20.6683,309,577,0.0705,28.01,42039,,,,,2026-01-22T09:29:07.201267
matplotlib__matplotlib-22711,0,planning,1769074132.428775,1769074148.7729208,16.3441,1048,452,0.1661,27.94,42039,,,,,2026-01-22T09:29:08.853853
django__django-16408,0,coding,1769074130.149087,1769074149.1057127,18.9566,748,522,0.0997,27.68,42039,,0.0969,,,2026-01-22T09:29:09.209635
django__django-16408,0,debugging,1769074149.2103925,1769074149.4001527,0.1898,1294,1,0.1575,30.99,42039,,0.1047,True,,2026-01-22T09:29:09.447238
django__django-16910,0,planning,1769074124.4353175,1769074151.2608323,26.8255,460,746,0.0841,27.9,42039,,,,,2026-01-22T09:29:11.367585
django__django-17087,0,planning,1769074128.4352086,1769074151.3854694,22.9503,327,638,0.0698,27.88,42039,,,,,2026-01-22T09:29:11.471970
matplotlib__matplotlib-23299,0,planning,1769074136.4301548,1769074153.7334166,17.3033,534,478,0.0885,27.77,42039,,,,,2026-01-22T09:29:13.810690
django__django-16816,0,coding,1769074140.3726273,1769074154.1424594,13.7698,1879,369,0.2333,27.26,42039,,0.0967,,,2026-01-22T09:29:14.222176
django__django-16595,0,coding,1769074138.388865,1769074154.9874258,16.5986,1010,446,0.143,27.1,42039,,0.07,,,2026-01-22T09:29:15.106114
django__django-16595,0,debugging,1769074155.1067758,1769074155.3415759,0.2348,1480,1,0.188,21.35,42039,,0.1193,True,,2026-01-22T09:29:15.425796
matplotlib__matplotlib-22835,0,planning,1769074134.426491,1769074156.157484,21.731,557,592,0.1223,27.4,42039,,,,,2026-01-22T09:29:16.268192
django__django-16816,0,debugging,1769074154.2227218,1769074156.2261736,2.0035,2272,45,0.3088,26.55,42039,,0.0803,True,,2026-01-22T09:29:16.302533
django__django-16229,0,coding,1769074133.4381862,1769074156.7272775,23.2891,1151,629,0.133,27.16,42039,,0.0912,,,2026-01-22T09:29:16.806780
matplotlib__matplotlib-23314,0,planning,1769074138.425509,1769074156.8207767,18.3953,297,492,0.1604,26.98,42039,,,,,2026-01-22T09:29:16.871183
django__django-16229,0,debugging,1769074156.8075476,1769074159.7504015,2.9429,1804,75,0.2079,27.42,42039,,0.0803,False,,2026-01-22T09:29:19.829214
matplotlib__matplotlib-18869,0,coding,1769074144.8394675,1769074159.968158,15.1287,780,396,0.1334,26.41,42039,,0.1104,,,2026-01-22T09:29:20.014263
matplotlib__matplotlib-18869,0,debugging,1769074160.0149996,1769074160.226072,0.2111,1200,1,0.1732,26.41,42039,,0.0468,True,,2026-01-22T09:29:20.311488
matplotlib__matplotlib-23476,0,planning,1769074140.4384823,1769074162.2542784,21.8158,1138,569,0.3853,26.55,42039,,,,,2026-01-22T09:29:22.379207
django__django-15996,0,coding,1769074116.3037689,1769074162.3092957,46.0055,749,1256,0.1205,27.37,42039,,0.1035,,,2026-01-22T09:29:22.413285
django__django-15996,0,debugging,1769074162.42049,1769074162.8467119,0.4262,2029,1,0.3827,23.0,42039,,0.1112,True,,2026-01-22T09:29:22.959753
matplotlib__matplotlib-23562,0,planning,1769074142.436908,1769074163.057112,20.6202,419,542,0.0717,26.38,42039,,,,,2026-01-22T09:29:23.178662
django__django-16820,0,coding,1769074139.4363387,1769074163.9343133,24.498,638,644,0.1268,26.42,42039,,0.0651,,,2026-01-22T09:29:23.975410
django__django-17051,0,coding,1769074147.201872,1769074163.8961236,16.6943,853,428,0.1409,25.86,42039,,0.1078,,,2026-01-22T09:29:23.979311
django__django-16820,0,debugging,1769074163.9761631,1769074164.273431,0.2973,1306,1,0.2186,12.71,42039,,0.0418,True,,2026-01-22T09:29:24.362387
django__django-17051,0,debugging,1769074163.980012,1769074164.3058171,0.3258,1305,1,0.2896,27.6,42039,,0.0839,True,,2026-01-22T09:29:24.367103
django__django-16873,0,coding,1769074141.9608028,1769074167.0227146,25.0619,1136,659,0.1406,26.44,42039,,0.0924,,,2026-01-22T09:29:27.103732
django__django-16873,0,debugging,1769074167.104516,1769074167.3587945,0.2543,1819,1,0.2167,26.6,42039,,0.0818,True,,2026-01-22T09:29:27.478955
matplotlib__matplotlib-23913,0,planning,1769074146.4307442,1769074167.88746,21.4567,207,556,0.0636,25.99,42039,,,,,2026-01-22T09:29:27.967727
matplotlib__matplotlib-23964,0,planning,1769074148.4255402,1769074167.9576576,19.5321,1243,499,0.1696,25.77,42039,,,,,2026-01-22T09:29:28.031647
matplotlib__matplotlib-23563,0,planning,1769074144.4330273,1769074168.7147267,24.2817,1400,626,0.1532,25.94,42039,,,,,2026-01-22T09:29:28.799600
matplotlib__matplotlib-23987,0,planning,1769074150.4401646,1769074170.4927707,20.0526,382,510,0.088,25.55,42039,,,,,2026-01-22T09:29:30.591451
matplotlib__matplotlib-22711,0,coding,1769074148.8544633,1769074170.6174216,21.763,1467,554,0.1846,25.67,42039,,0.0815,,,2026-01-22T09:29:30.695743
matplotlib__matplotlib-22711,0,debugging,1769074170.6964467,1769074170.9966643,0.3002,2045,1,0.2634,27.17,42039,,0.079,True,,2026-01-22T09:29:31.040610
matplotlib__matplotlib-23314,0,coding,1769074156.8717337,1769074171.6328387,14.7611,756,371,0.2284,25.53,42039,,0.051,,,2026-01-22T09:29:31.680112
matplotlib__matplotlib-23314,0,debugging,1769074171.680688,1769074171.8818386,0.2012,1151,1,0.1566,22.47,42039,,0.0478,True,,2026-01-22T09:29:31.931806
matplotlib__matplotlib-24265,0,planning,1769074154.4260254,1769074171.8850453,17.459,373,439,0.104,25.3,42039,,,,,2026-01-22T09:29:31.966221
django__django-17087,0,coding,1769074151.4727106,1769074173.0609999,21.5883,932,544,0.155,25.38,42039,,0.0872,,,2026-01-22T09:29:33.139519
django__django-17087,0,debugging,1769074173.1401267,1769074173.3677568,0.2276,1500,1,0.1877,25.05,42039,,0.0791,True,,2026-01-22T09:29:33.486902
matplotlib__matplotlib-24334,0,planning,1769074156.440349,1769074176.247143,19.8068,237,494,0.0635,25.02,42039,,,,,2026-01-22T09:29:36.337841
matplotlib__matplotlib-23299,0,coding,1769074153.8113728,1769074177.5940037,23.7826,979,591,0.1433,25.0,42039,,0.078,,,2026-01-22T09:29:37.706842
matplotlib__matplotlib-23299,0,debugging,1769074177.707576,1769074177.960626,0.253,1594,1,0.2069,21.66,42039,,0.1136,True,,2026-01-22T09:29:38.041648
matplotlib__matplotlib-24149,0,planning,1769074152.4419668,1769074179.3541658,26.9122,945,672,0.1271,25.09,42039,,,,,2026-01-22T09:29:39.456316
matplotlib__matplotlib-24265,0,coding,1769074171.96676,1769074181.2428794,9.2761,779,226,0.1408,24.74,42039,,0.0817,,,2026-01-22T09:29:41.328316
matplotlib__matplotlib-23476,0,coding,1769074162.3828409,1769074181.3946044,19.0118,1674,465,0.185,24.7,42039,,0.1286,,,2026-01-22T09:29:41.452720
matplotlib__matplotlib-24265,0,debugging,1769074181.3289397,1769074181.6793113,0.3504,1029,1,0.1723,5.62,42039,,0.0861,True,,2026-01-22T09:29:41.739438
django__django-16910,0,coding,1769074151.3683572,1769074181.7306917,30.3623,1173,752,0.1585,24.9,42039,,0.1075,,,2026-01-22T09:29:41.806244
matplotlib__matplotlib-23964,0,coding,1769074168.0321932,1769074182.3099709,14.2778,1709,339,0.2219,24.12,42039,,0.0745,,,2026-01-22T09:29:42.392254
matplotlib__matplotlib-23964,0,debugging,1769074182.392841,1769074182.7669327,0.3741,2072,1,0.3328,24.2,42039,,0.0829,True,,2026-01-22T09:29:42.815677
matplotlib__matplotlib-24970,0,planning,1769074158.425713,1769074183.068152,24.6424,485,601,0.1142,24.5,42039,,,,,2026-01-22T09:29:43.148757
matplotlib__matplotlib-25332,0,planning,1769074164.4251924,1769074183.2132695,18.7881,312,455,0.1072,24.36,42039,,,,,2026-01-22T09:29:43.268956
matplotlib__matplotlib-25079,0,planning,1769074160.4390676,1769074184.0689132,23.6298,1098,572,0.1374,24.35,42039,,,,,2026-01-22T09:29:44.155805
matplotlib__matplotlib-23476,0,debugging,1769074181.4532948,1769074184.8172085,3.3639,2163,68,0.2601,21.91,42039,,0.0587,True,,2026-01-22T09:29:44.939055
django__django-16910,0,debugging,1769074181.8067715,1769074185.5918617,3.7851,1949,84,0.2451,23.73,42039,,0.0761,True,,2026-01-22T09:29:45.665591
django__django-16229,1,planning,1769074159.8301373,1769074186.5136642,26.6835,434,649,0.102,24.42,42039,,,,,2026-01-22T09:29:46.599879
matplotlib__matplotlib-25433,0,planning,1769074166.4283905,1769074186.7492337,20.3208,498,487,0.086,24.07,42039,,,,,2026-01-22T09:29:46.845167
matplotlib__matplotlib-23562,0,coding,1769074163.1793134,1769074186.8361247,23.6568,928,574,0.1405,24.41,42039,,0.1222,,,2026-01-22T09:29:46.930086
matplotlib__matplotlib-23562,0,debugging,1769074186.930618,1769074187.5235384,0.5929,1526,1,0.2075,2.59,42039,,0.0945,True,,2026-01-22T09:29:47.636046
matplotlib__matplotlib-25311,0,planning,1769074162.4343545,1769074187.993356,25.559,270,614,0.3673,24.37,42039,,,,,2026-01-22T09:29:48.069866
matplotlib__matplotlib-22835,0,coding,1769074156.2689161,1769074188.9835458,32.7146,1116,801,0.1552,24.6,42039,,0.1114,,,2026-01-22T09:29:49.093992
matplotlib__matplotlib-22835,0,debugging,1769074189.0948112,1769074189.3723395,0.2775,1941,1,0.2385,25.6,42039,,0.1113,True,,2026-01-22T09:29:49.455843
matplotlib__matplotlib-25442,0,planning,1769074168.4416912,1769074189.4059212,20.9642,577,501,0.0843,23.99,42039,,,,,2026-01-22T09:29:49.524864
matplotlib__matplotlib-23563,0,coding,1769074168.8001943,1769074189.5163262,20.7161,1993,494,0.2226,24.11,42039,,0.0855,,,2026-01-22T09:29:49.598940
matplotlib__matplotlib-26011,0,planning,1769074172.4340544,1769074190.475765,18.0417,411,426,0.0752,23.71,42039,,,,,2026-01-22T09:29:50.604427
matplotlib__matplotlib-23987,0,coding,1769074170.5920563,1769074190.912332,20.3203,859,478,0.136,23.68,42039,,0.0993,,,2026-01-22T09:29:50.991666
matplotlib__matplotlib-23987,0,debugging,1769074190.992259,1769074191.222756,0.2305,1361,1,0.186,22.46,42039,,0.0799,True,,2026-01-22T09:29:51.303754
matplotlib__matplotlib-23563,0,debugging,1769074189.5995622,1769074192.0196927,2.4201,2511,53,0.3391,25.47,42039,,0.0832,True,,2026-01-22T09:29:52.105859
matplotlib__matplotlib-23913,0,coding,1769074167.9683871,1769074192.7268493,24.7585,730,588,0.121,23.87,42039,,0.0809,,,2026-01-22T09:29:52.840571
matplotlib__matplotlib-23913,0,debugging,1769074192.841327,1769074193.0613694,0.22,1342,1,0.1896,32.9,42039,,0.1145,True,,2026-01-22T09:29:53.141491
matplotlib__matplotlib-24334,0,coding,1769074176.3385868,1769074193.6445377,17.306,698,410,0.1181,23.85,42039,,0.0914,,,2026-01-22T09:29:53.720274
matplotlib__matplotlib-24334,0,debugging,1769074193.7208934,1769074193.9014673,0.1806,1132,1,0.1364,22.62,42039,,0.0764,True,,2026-01-22T09:29:53.981752
matplotlib__matplotlib-26020,0,planning,1769074174.4270105,1769074195.350912,20.9239,5485,494,0.5813,24.28,42039,,,,,2026-01-22T09:29:55.433366
matplotlib__matplotlib-25498,0,planning,1769074170.4275165,1769074196.5231388,26.0956,478,616,0.1162,23.71,42039,,,,,2026-01-22T09:29:56.600927
mwaskom__seaborn-3010,0,planning,1769074178.432303,1769074198.8618267,20.4295,1240,485,0.1491,23.91,42039,,,,,2026-01-22T09:29:58.939971
mwaskom__seaborn-2848,0,planning,1769074176.4252024,1769074199.9869885,23.5618,307,563,0.0988,24.0,42039,,,,,2026-01-22T09:30:00.064498
matplotlib__matplotlib-24149,0,coding,1769074179.4569247,1769074200.3947678,20.9378,1584,496,0.202,23.92,42039,,0.1028,,,2026-01-22T09:30:00.500919
matplotlib__matplotlib-24149,0,debugging,1769074200.5015485,1769074200.816415,0.3149,2104,1,0.2707,22.62,42039,,0.1068,True,,2026-01-22T09:30:00.859093
pallets__flask-4992,0,planning,1769074186.4305212,1769074202.2788484,15.8483,341,380,0.0773,24.09,42039,,,,,2026-01-22T09:30:02.395019
mwaskom__seaborn-3407,0,planning,1769074182.4258223,1769074203.2229893,20.7972,878,500,0.2965,24.39,42039,,,,,2026-01-22T09:30:03.300448
pallets__flask-4045,0,planning,1769074184.4260454,1769074203.7898152,19.3638,114,471,0.095,24.44,42039,,,,,2026-01-22T09:30:03.907552
matplotlib__matplotlib-26011,0,coding,1769074190.605426,1769074204.6763234,14.0709,804,344,0.1147,24.65,42039,,0.1297,,,2026-01-22T09:30:04.759888
matplotlib__matplotlib-26011,0,debugging,1769074204.7605157,1769074204.981572,0.2211,1172,1,0.1777,23.09,42039,,0.0842,True,,2026-01-22T09:30:05.092644
matplotlib__matplotlib-24970,0,coding,1769074183.1495407,1769074205.9845579,22.835,1053,554,0.1739,24.45,42039,,0.0814,,,2026-01-22T09:30:06.030456
mwaskom__seaborn-3190,0,planning,1769074180.4378133,1769074206.6334484,26.1956,540,626,0.085,23.97,42039,,,,,2026-01-22T09:30:06.764049
matplotlib__matplotlib-25498,0,coding,1769074196.6015058,1769074208.1071124,11.5056,1061,284,0.1666,25.05,42039,,0.0784,,,2026-01-22T09:30:08.187107
mwaskom__seaborn-2848,0,coding,1769074200.065128,1769074208.1375442,8.0724,834,196,0.1409,24.71,42039,,0.0781,,,2026-01-22T09:30:08.251668
matplotlib__matplotlib-25498,0,debugging,1769074208.1877246,1769074208.5030904,0.3154,1369,1,0.1926,8.15,42039,,0.0806,True,,2026-01-22T09:30:08.607326
mwaskom__seaborn-2848,0,debugging,1769074208.2522962,1769074208.5977662,0.3455,1054,1,0.2366,9.18,42039,,0.1148,True,,2026-01-22T09:30:08.640890
django__django-11905,0,coding,1769073953.2404492,1769074209.4175005,256.1771,574,7608,0.0852,29.71,42039,,0.0633,,,2026-01-22T09:30:09.492069
matplotlib__matplotlib-25433,0,coding,1769074186.8457165,1769074211.0356598,24.1899,952,586,0.1424,24.37,42039,,0.0965,,,2026-01-22T09:30:11.119561
matplotlib__matplotlib-25433,0,debugging,1769074211.120208,1769074211.4781368,0.3579,1562,1,0.3435,69.28,42039,,0.0845,True,,2026-01-22T09:30:11.615976
matplotlib__matplotlib-24970,0,debugging,1769074206.0310705,1769074211.462949,5.4319,1631,124,0.199,23.7,42039,,0.0465,True,,2026-01-22T09:30:11.650538
pallets__flask-5063,0,planning,1769074188.4261663,1769074212.1459832,23.7198,415,577,0.113,24.44,42039,,,,,2026-01-22T09:30:12.257243
psf__requests-1963,0,planning,1769074190.4265227,1769074213.4373379,23.0108,231,567,0.0937,24.74,42039,,,,,2026-01-22T09:30:13.520936
matplotlib__matplotlib-25311,0,coding,1769074188.070417,1769074213.5732515,25.5028,851,623,0.1399,24.56,42039,,0.0771,,,2026-01-22T09:30:13.665563
matplotlib__matplotlib-25311,0,debugging,1769074213.666443,1769074213.869747,0.2033,1498,1,0.1641,25.49,42039,,0.0932,True,,2026-01-22T09:30:13.921632
pallets__flask-4992,0,coding,1769074202.3956485,1769074213.8402598,11.4446,687,279,0.152,24.71,42039,,0.1168,,,2026-01-22T09:30:13.925022
pallets__flask-4992,0,debugging,1769074213.9255688,1769074214.115387,0.1898,990,1,0.1458,22.74,42039,,0.0853,True,,2026-01-22T09:30:14.199474
matplotlib__matplotlib-25079,0,coding,1769074184.156422,1769074214.1632743,30.0069,1637,730,0.2073,24.5,42039,,0.0875,,,2026-01-22T09:30:14.233900
psf__requests-2148,0,planning,1769074192.424961,1769074214.2605734,21.8356,807,533,0.1421,24.57,42039,,,,,2026-01-22T09:30:14.300358
matplotlib__matplotlib-25079,0,debugging,1769074214.234556,1769074214.674247,0.4397,2391,1,0.3978,23.84,42039,,0.0713,True,,2026-01-22T09:30:14.762832
matplotlib__matplotlib-25442,0,coding,1769074189.5260737,1769074215.6976483,26.1716,1045,635,0.1716,24.42,42039,,0.1202,,,2026-01-22T09:30:15.775052
matplotlib__matplotlib-25442,0,debugging,1769074215.7757745,1769074216.0202813,0.2445,1704,1,0.1997,22.3,42039,,0.0781,True,,2026-01-22T09:30:16.103733
psf__requests-2674,0,planning,1769074196.4250195,1769074217.3308895,20.9059,175,502,0.0895,24.12,42039,,,,,2026-01-22T09:30:17.401473
psf__requests-863,0,planning,1769074200.4393594,1769074218.110616,17.6713,237,421,0.0727,23.92,42039,,,,,2026-01-22T09:30:18.197127
psf__requests-2317,0,planning,1769074194.437477,1769074219.1249046,24.6874,279,592,0.0809,24.06,42039,,,,,2026-01-22T09:30:19.209412
matplotlib__matplotlib-25332,0,coding,1769074183.2695928,1769074223.1849713,39.9154,734,969,0.1327,24.36,42039,,0.0563,,,2026-01-22T09:30:23.300002
matplotlib__matplotlib-25332,0,debugging,1769074223.3014088,1769074223.5632563,0.2618,1727,1,0.2251,27.22,42039,,0.1164,True,,2026-01-22T09:30:23.648005
mwaskom__seaborn-3407,0,coding,1769074203.301072,1769074224.4500515,21.149,1342,510,0.1772,24.32,42039,,0.0781,,,2026-01-22T09:30:24.552118
mwaskom__seaborn-3407,0,debugging,1769074224.5529025,1769074224.8591573,0.3063,1876,1,0.2651,24.32,42039,,0.1029,True,,2026-01-22T09:30:24.945045
pydata__xarray-3364,0,planning,1769074202.4258618,1769074225.3790426,22.9532,198,551,0.1128,24.12,42039,,,,,2026-01-22T09:30:25.491592
psf__requests-3362,0,planning,1769074198.426016,1769074225.7226667,27.2967,187,658,0.0943,24.19,42039,,,,,2026-01-22T09:30:25.805566
psf__requests-2148,0,coding,1769074214.3009005,1769074226.4075527,12.1067,1306,284,0.3281,24.11,42039,,0.0403,,,2026-01-22T09:30:26.509012
psf__requests-2148,0,debugging,1769074226.5096512,1769074226.751415,0.2418,1614,1,0.2104,31.85,42039,,0.1021,True,,2026-01-22T09:30:26.845136
pallets__flask-4045,0,coding,1769074203.9089696,1769074227.3158956,23.4069,551,559,0.1306,24.02,42039,,0.1192,,,2026-01-22T09:30:27.435321
pallets__flask-4045,0,debugging,1769074227.4360113,1769074227.6481397,0.2121,1134,1,0.173,25.59,42039,,0.1201,True,,2026-01-22T09:30:27.702071
mwaskom__seaborn-3190,0,coding,1769074206.765471,1769074227.6567872,20.8913,1130,497,0.1671,23.98,42039,,0.132,,,2026-01-22T09:30:27.774770
mwaskom__seaborn-3190,0,debugging,1769074227.775855,1769074228.0329208,0.2571,1651,1,0.2175,25.28,42039,,0.1191,True,,2026-01-22T09:30:28.107818
pydata__xarray-4493,0,planning,1769074208.4263806,1769074228.8719249,20.4455,846,488,0.1468,24.04,42039,,,,,2026-01-22T09:30:28.997602
pydata__xarray-4248,0,planning,1769074206.4340737,1769074228.913133,22.4791,311,536,0.0854,23.94,42039,,,,,2026-01-22T09:30:29.001420
pydata__xarray-4094,0,planning,1769074204.425635,1769074229.6470964,25.2215,634,599,0.137,23.88,42039,,,,,2026-01-22T09:30:29.770027
psf__requests-863,0,coding,1769074218.1977813,1769074229.9920158,11.7942,624,280,0.127,24.0,42039,,0.0872,,,2026-01-22T09:30:30.073551
psf__requests-863,0,debugging,1769074230.0741541,1769074230.263397,0.1892,928,1,0.1562,30.25,42039,,0.0821,True,,2026-01-22T09:30:30.357905
matplotlib__matplotlib-26020,0,coding,1769074195.434,1769074230.5390923,35.1051,5946,834,0.6032,24.17,42039,,0.0831,,,2026-01-22T09:30:30.618484
pylint-dev__pylint-5859,0,planning,1769074212.4271903,1769074232.0843213,19.6571,370,450,0.1168,23.03,42039,,,,,2026-01-22T09:30:32.172455
mwaskom__seaborn-3010,0,coding,1769074198.940747,1769074232.201245,33.2605,1689,785,0.2211,23.76,42039,,0.0789,,,2026-01-22T09:30:32.301317
mwaskom__seaborn-3010,0,debugging,1769074232.3019516,1769074232.6715653,0.3696,2499,1,0.3175,19.2,42039,,0.1007,True,,2026-01-22T09:30:32.751908
psf__requests-2317,0,coding,1769074219.2101939,1769074233.7103024,14.5001,837,332,0.1366,23.11,42039,,0.0853,,,2026-01-22T09:30:33.825761
matplotlib__matplotlib-26020,0,debugging,1769074230.61909,1769074233.8160546,3.197,6804,60,0.7178,24.2,42039,,0.08,True,,2026-01-22T09:30:33.895926
pylint-dev__pylint-6506,0,planning,1769074214.425625,1769074233.9988034,19.5732,548,447,0.2463,23.13,42039,,,,,2026-01-22T09:30:34.083631
psf__requests-2317,0,debugging,1769074233.826531,1769074234.0358517,0.2093,1193,1,0.1691,24.85,42039,,0.1162,True,,2026-01-22T09:30:34.116107
pydata__xarray-5131,0,planning,1769074210.426294,1769074238.778925,28.3526,580,671,0.1006,23.75,42039,,,,,2026-01-22T09:30:38.861456
pylint-dev__pylint-7114,0,planning,1769074218.4252894,1769074240.533836,22.1085,588,531,0.109,24.14,42039,,,,,2026-01-22T09:30:40.662396
pylint-dev__pylint-7993,0,planning,1769074222.4351075,1769074241.5338569,19.0987,653,452,0.11,23.8,42039,,,,,2026-01-22T09:30:41.648091
psf__requests-1963,0,coding,1769074213.5215342,1769074241.5432067,28.0217,764,660,0.142,23.67,42039,,0.0842,,,2026-01-22T09:30:41.648166
psf__requests-1963,0,debugging,1769074241.6493688,1769074242.003812,0.3544,1448,1,0.3043,19.96,42039,,0.1062,True,,2026-01-22T09:30:42.115055
pylint-dev__pylint-7228,0,planning,1769074220.425289,1769074242.4816906,22.0564,1392,524,0.1862,23.96,42039,,,,,2026-01-22T09:30:42.547881
pylint-dev__pylint-7080,0,planning,1769074216.4408972,1769074243.1509721,26.7101,7005,622,0.7344,23.95,42039,,,,,2026-01-22T09:30:43.234005
pytest-dev__pytest-11143,0,planning,1769074224.425334,1769074246.4605284,22.0352,1834,504,0.2248,23.11,42039,,,,,2026-01-22T09:30:46.519978
pytest-dev__pytest-11148,0,planning,1769074226.4249148,1769074246.5539305,20.129,806,462,0.1445,23.12,42039,,,,,2026-01-22T09:30:46.645849
psf__requests-2674,0,coding,1769074217.4026158,1769074247.1725085,29.7699,643,697,0.0975,23.49,42039,,0.0717,,,2026-01-22T09:30:47.291920
django__django-12708,0,coding,1769073988.880825,1769074247.956752,259.0759,881,7301,0.1157,28.19,42039,,0.1109,,,2026-01-22T09:30:48.109756
psf__requests-2674,0,debugging,1769074247.2932532,1769074249.4322166,2.139,1364,52,0.1612,26.29,42039,,0.1207,False,,2026-01-22T09:30:49.549703
psf__requests-3362,0,coding,1769074225.8062449,1769074250.402572,24.5963,811,570,0.1402,23.31,42039,,0.0836,,,2026-01-22T09:30:50.490948
psf__requests-3362,0,debugging,1769074250.491825,1769074251.0724182,0.5806,1405,1,0.5448,27.97,42039,,0.0893,True,,2026-01-22T09:30:51.160300
pytest-dev__pytest-5227,0,planning,1769074232.4253972,1769074251.803237,19.3778,343,455,0.1965,23.72,42039,,,,,2026-01-22T09:30:51.885616
pylint-dev__pylint-5859,0,coding,1769074232.1731813,1769074252.0380247,19.8648,786,463,0.1397,23.47,42039,,0.0889,,,2026-01-22T09:30:52.129957
pylint-dev__pylint-5859,0,debugging,1769074252.1307135,1769074252.3603747,0.2297,1273,1,0.184,21.91,42039,,0.0927,True,,2026-01-22T09:30:52.446294
pytest-dev__pytest-5221,0,planning,1769074230.4253669,1769074252.578055,22.1527,116,508,0.0615,23.0,42039,,,,,2026-01-22T09:30:52.628391
pytest-dev__pytest-5103,0,planning,1769074228.4369678,1769074252.9933796,24.5564,628,563,0.1031,23.02,42039,,,,,2026-01-22T09:30:53.108036
pytest-dev__pytest-5413,0,planning,1769074234.428071,1769074254.8062158,20.3781,1060,477,0.1666,23.6,42039,,,,,2026-01-22T09:30:54.888824
pylint-dev__pylint-7114,0,coding,1769074240.6631072,1769074256.3281627,15.6651,1085,349,0.1545,22.5,42039,,0.1293,,,2026-01-22T09:30:56.453220
pylint-dev__pylint-7114,0,debugging,1769074256.4538217,1769074256.7646978,0.3109,1458,1,0.2524,17.09,42039,,0.1257,True,,2026-01-22T09:30:56.886018
pytest-dev__pytest-6116,0,planning,1769074240.4244258,1769074256.8054352,16.381,279,363,0.1105,22.31,42039,,,,,2026-01-22T09:30:56.892860
pydata__xarray-3364,0,coding,1769074225.4924207,1769074256.884292,31.3919,715,721,0.1075,23.05,42039,,0.1134,,,2026-01-22T09:30:56.925116
pydata__xarray-3364,0,debugging,1769074256.9256282,1769074257.208917,0.2833,1460,1,0.2307,19.02,42039,,0.0413,True,,2026-01-22T09:30:57.299073
pytest-dev__pytest-5495,0,planning,1769074236.4256124,1769074258.3323994,21.9068,254,495,0.4618,23.08,42039,,,,,2026-01-22T09:30:58.376161
pylint-dev__pylint-6506,0,coding,1769074234.0842335,1769074258.2925456,24.2083,961,565,0.149,23.48,42039,,0.0854,,,2026-01-22T09:30:58.387341
pylint-dev__pylint-6506,0,debugging,1769074258.387879,1769074258.7363067,0.3484,1550,1,0.2956,18.92,42039,,0.0953,True,,2026-01-22T09:30:58.826514
pydata__xarray-4094,0,coding,1769074229.7706645,1769074259.3530636,29.5824,1199,678,0.1802,23.06,42039,,0.1236,,,2026-01-22T09:30:59.439390
pytest-dev__pytest-5692,0,planning,1769074238.4268215,1769074259.4305727,21.0038,424,475,0.0786,22.7,42039,,,,,2026-01-22T09:30:59.527783
pydata__xarray-4094,0,debugging,1769074259.4399428,1769074259.7805521,0.3406,1901,1,0.2333,9.32,42039,,0.0869,True,,2026-01-22T09:30:59.863766
pylint-dev__pylint-7993,0,coding,1769074241.648862,1769074260.0004005,18.3515,1071,402,0.235,22.19,42039,,0.115,,,2026-01-22T09:31:00.473251
pylint-dev__pylint-7228,0,coding,1769074242.5484848,1769074260.4200318,17.8715,1882,390,0.3219,22.22,42039,,0.0668,,,2026-01-22T09:31:00.562905
pylint-dev__pylint-7993,0,debugging,1769074260.4753573,1769074260.8785985,0.4032,1497,1,0.2211,5.49,42039,,0.475,True,,2026-01-22T09:31:00.956576
pydata__xarray-4248,0,coding,1769074229.0021327,1769074260.935255,31.9331,813,723,0.2639,22.83,42039,,0.089,,,2026-01-22T09:31:01.024315
pylint-dev__pylint-7228,0,debugging,1769074260.5635471,1769074260.9783578,0.4148,2296,1,0.3628,19.21,42039,,0.1435,True,,2026-01-22T09:31:01.028681
pydata__xarray-4248,0,debugging,1769074261.0249214,1769074261.270067,0.2451,1560,1,0.2082,27.07,42039,,0.0897,True,,2026-01-22T09:31:01.356704
pytest-dev__pytest-11143,0,coding,1769074246.5205536,1769074263.2876997,16.7671,2304,377,0.3832,23.01,42039,,0.06,,,2026-01-22T09:31:03.368819
pytest-dev__pytest-11148,0,coding,1769074246.646543,1769074263.9957182,17.3492,1234,391,0.2612,22.88,42039,,0.0926,,,2026-01-22T09:31:04.083884
pytest-dev__pytest-11148,0,debugging,1769074264.0844991,1769074264.3472362,0.2627,1649,1,0.2215,24.26,42039,,0.0888,True,,2026-01-22T09:31:04.390784
pytest-dev__pytest-5413,0,coding,1769074254.8894203,1769074264.4208357,9.5314,1503,208,0.2032,22.3,42039,,0.0832,,,2026-01-22T09:31:04.519571
pytest-dev__pytest-5227,0,coding,1769074251.8862996,1769074264.5053694,12.6191,764,280,0.1428,22.44,42039,,0.0831,,,2026-01-22T09:31:04.602286
pytest-dev__pytest-5413,0,debugging,1769074264.5201287,1769074264.8513253,0.3312,1735,1,0.2033,7.82,42039,,0.0993,True,,2026-01-22T09:31:04.930087
pytest-dev__pytest-5227,0,debugging,1769074264.602783,1769074264.8814764,0.2787,1068,1,0.2313,21.11,42039,,0.0974,True,,2026-01-22T09:31:04.939598
pytest-dev__pytest-7220,0,planning,1769074244.442472,1769074266.7819605,22.3395,692,512,0.1015,23.02,42039,,,,,2026-01-22T09:31:06.896663
pytest-dev__pytest-7373,0,planning,1769074246.4253743,1769074266.8961747,20.4708,313,464,0.0804,22.76,42039,,,,,2026-01-22T09:31:06.969872
pytest-dev__pytest-7432,0,planning,1769074248.425778,1769074267.6886873,19.2629,272,438,0.1052,22.86,42039,,,,,2026-01-22T09:31:07.767518
pytest-dev__pytest-7168,0,planning,1769074242.4248247,1769074267.9532392,25.5284,2347,568,0.406,22.61,42039,,,,,2026-01-22T09:31:08.070624
pylint-dev__pylint-7080,0,coding,1769074243.2347891,1769074269.567408,26.3326,7593,589,0.8195,23.09,42039,,0.0838,,,2026-01-22T09:31:09.689494
django__django-13265,0,coding,1769074008.88337,1769074270.4935935,261.6102,1035,7147,0.1475,27.33,42039,,0.069,,,2026-01-22T09:31:10.613354
pytest-dev__pytest-11143,0,debugging,1769074263.3695166,1769074270.6384754,7.269,2705,165,0.325,23.76,42039,,0.0818,True,,2026-01-22T09:31:10.717203
pytest-dev__pytest-6116,0,coding,1769074256.8935106,1769074270.6738787,13.7804,608,313,0.1322,22.93,42039,,0.0881,,,2026-01-22T09:31:10.781248
pytest-dev__pytest-7490,0,planning,1769074250.4261312,1769074271.2154946,20.7894,4250,467,0.5982,23.13,42039,,,,,2026-01-22T09:31:11.296744
pytest-dev__pytest-8365,0,planning,1769074252.4406433,1769074272.1296399,19.689,520,449,0.0874,22.91,42039,,,,,2026-01-22T09:31:12.207730
pydata__xarray-5131,0,coding,1769074238.8622262,1769074273.2869074,34.4247,1217,782,0.1771,22.83,42039,,0.0833,,,2026-01-22T09:31:13.363835
psf__requests-2674,1,planning,1769074249.551763,1769074273.3512545,23.7995,236,543,0.093,22.91,42039,,,,,2026-01-22T09:31:13.428811
pydata__xarray-5131,0,debugging,1769074273.364431,1769074273.6700103,0.3056,2023,1,0.2241,12.27,42039,,0.0775,True,,2026-01-22T09:31:13.711968
pytest-dev__pytest-8906,0,planning,1769074254.4257834,1769074274.353606,19.9278,553,458,0.0872,23.08,42039,,,,,2026-01-22T09:31:14.399655
pytest-dev__pytest-6116,0,debugging,1769074270.781925,1769074275.5334344,4.7515,945,113,0.1461,24.54,42039,,0.108,True,,2026-01-22T09:31:15.610746
pytest-dev__pytest-9359,0,planning,1769074256.42642,1769074276.3595295,19.9331,911,464,0.2332,23.55,42039,,,,,2026-01-22T09:31:16.441637
pytest-dev__pytest-5103,0,coding,1769074253.1086526,1769074276.683389,23.5747,1157,551,0.1424,23.51,42039,,0.1153,,,2026-01-22T09:31:16.764921
pytest-dev__pytest-5103,0,debugging,1769074276.7657425,1769074277.0109255,0.2452,1732,1,0.2105,28.86,42039,,0.0824,True,,2026-01-22T09:31:17.125984
pytest-dev__pytest-5495,0,coding,1769074258.3767543,1769074277.4990945,19.1223,715,447,0.2236,23.65,42039,,0.0444,,,2026-01-22T09:31:17.562676
pytest-dev__pytest-5495,0,debugging,1769074277.5639498,1769074277.7485645,0.1846,1186,1,0.1391,21.97,42039,,0.0649,True,,2026-01-22T09:31:17.827016
scikit-learn__scikit-learn-10297,0,planning,1769074258.4425182,1769074280.20636,21.7638,455,522,0.2518,24.27,42039,,,,,2026-01-22T09:31:20.287607
pytest-dev__pytest-7432,0,coding,1769074267.7684352,1769074281.046431,13.278,676,333,0.1339,25.33,42039,,0.0797,,,2026-01-22T09:31:21.121500
pytest-dev__pytest-7432,0,debugging,1769074281.1221066,1769074281.323708,0.2016,1033,1,0.1622,25.36,42039,,0.0757,True,,2026-01-22T09:31:21.408322
scikit-learn__scikit-learn-10949,0,planning,1769074262.4324298,1769074282.098051,19.6656,530,487,0.0886,24.88,42039,,,,,2026-01-22T09:31:22.172958
scikit-learn__scikit-learn-11040,0,planning,1769074264.4253297,1769074282.0950146,17.6697,240,443,0.082,25.19,42039,,,,,2026-01-22T09:31:22.176358
scikit-learn__scikit-learn-10508,0,planning,1769074260.4956048,1769074282.5311618,22.0356,501,537,0.1905,24.58,42039,,,,,2026-01-22T09:31:22.611548
pytest-dev__pytest-7168,0,coding,1769074268.0714772,1769074282.9768648,14.9054,2881,375,0.3273,25.72,42039,,0.1182,,,2026-01-22T09:31:23.056590
pytest-dev__pytest-7168,0,debugging,1769074283.0573206,1769074283.4389548,0.3816,3280,1,0.3366,22.2,42039,,0.0805,True,,2026-01-22T09:31:23.521618
pytest-dev__pytest-7373,0,coding,1769074266.9704409,1769074283.5714073,16.601,743,411,0.1787,25.03,42039,,0.0743,,,2026-01-22T09:31:23.650074
pytest-dev__pytest-7373,0,debugging,1769074283.6508536,1769074283.8304963,0.1796,1178,1,0.1368,23.35,42039,,0.0794,True,,2026-01-22T09:31:23.909860
pytest-dev__pytest-5692,0,coding,1769074259.5283692,1769074283.9324539,24.4041,865,588,0.2443,24.34,42039,,0.0978,,,2026-01-22T09:31:23.976258
pytest-dev__pytest-5692,0,debugging,1769074283.976757,1769074284.2048461,0.2281,1478,1,0.1831,22.23,42039,,0.0443,True,,2026-01-22T09:31:24.319322
scikit-learn__scikit-learn-12471,0,planning,1769074268.425791,1769074286.6380203,18.2122,646,462,0.1254,25.54,42039,,,,,2026-01-22T09:31:26.719056
pallets__flask-5063,0,coding,1769074212.25798,1769074288.4508765,76.1929,958,1806,0.1564,23.75,42039,,0.112,,,2026-01-22T09:31:28.519057
pallets__flask-5063,0,debugging,1769074288.5199316,1769074288.8955781,0.3756,2788,1,0.3332,23.56,42039,,0.0691,True,,2026-01-22T09:31:29.009597
scikit-learn__scikit-learn-13439,0,planning,1769074274.4267478,1769074289.7277603,15.301,443,395,0.1638,26.09,42039,,,,,2026-01-22T09:31:29.804953
scikit-learn__scikit-learn-11281,0,planning,1769074266.4407775,1769074289.9830134,23.5422,185,592,0.0715,25.22,42039,,,,,2026-01-22T09:31:30.061432
scikit-learn__scikit-learn-13241,0,planning,1769074272.4346483,1769074291.3429563,18.9083,340,490,0.0729,26.01,42039,,,,,2026-01-22T09:31:31.385020
pytest-dev__pytest-8365,0,coding,1769074272.2083073,1769074291.3322616,19.124,935,494,0.1487,26.03,42039,,0.0787,,,2026-01-22T09:31:31.449059
pytest-dev__pytest-8365,0,debugging,1769074291.4496455,1769074291.7029684,0.2533,1453,1,0.2046,20.51,42039,,0.1174,True,,2026-01-22T09:31:31.780752
psf__requests-2674,1,coding,1769074273.4294355,1769074292.5444071,19.115,684,491,0.2376,26.01,42039,,0.0782,,,2026-01-22T09:31:32.622065
psf__requests-2674,1,debugging,1769074292.6226642,1769074292.8293297,0.2067,1199,1,0.1619,22.36,42039,,0.0783,True,,2026-01-22T09:31:32.906713
pytest-dev__pytest-7490,0,coding,1769074271.2973168,1769074293.909324,22.612,4683,574,0.5095,25.97,42039,,0.0818,,,2026-01-22T09:31:34.023355
pytest-dev__pytest-7490,0,debugging,1769074294.024165,1769074294.6084924,0.5843,5281,1,0.5442,24.91,42039,,0.1148,True,,2026-01-22T09:31:34.662347
scikit-learn__scikit-learn-13142,0,planning,1769074270.4274032,1769074294.618281,24.1909,1044,608,0.1377,25.28,42039,,,,,2026-01-22T09:31:34.700027
pytest-dev__pytest-9359,0,coding,1769074276.4421935,1769074295.9397862,19.4976,1341,492,0.2052,25.5,42039,,0.0827,,,2026-01-22T09:31:36.050517
pytest-dev__pytest-9359,0,debugging,1769074296.051235,1769074296.3039525,0.2527,1857,1,0.2153,26.72,42039,,0.1114,True,,2026-01-22T09:31:36.381192
scikit-learn__scikit-learn-10949,0,coding,1769074282.1743824,1769074296.6340978,14.4597,979,354,0.1958,24.82,42039,,0.0763,,,2026-01-22T09:31:36.747560
scikit-learn__scikit-learn-13496,0,planning,1769074276.4302695,1769074296.9338017,20.5035,395,513,0.0836,25.12,42039,,,,,2026-01-22T09:31:37.048590
scikit-learn__scikit-learn-10949,0,debugging,1769074296.7482026,1769074296.966779,0.2186,1357,1,0.1807,26.37,42039,,0.1141,True,,2026-01-22T09:31:37.079065
scikit-learn__scikit-learn-13439,0,coding,1769074289.805662,1769074297.3694856,7.5638,800,179,0.1341,24.09,42039,,0.0779,,,2026-01-22T09:31:37.445583
scikit-learn__scikit-learn-13439,0,debugging,1769074297.4461627,1769074297.6241536,0.178,1003,1,0.1449,30.23,42039,,0.0767,True,,2026-01-22T09:31:37.702785
scikit-learn__scikit-learn-13497,0,planning,1769074278.4383996,1769074297.6677575,19.2294,137,482,0.0627,25.15,42039,,,,,2026-01-22T09:31:37.743664
scikit-learn__scikit-learn-10297,0,coding,1769074280.2882,1769074298.10653,17.8183,939,440,0.1421,24.89,42039,,0.0818,,,2026-01-22T09:31:38.194161
scikit-learn__scikit-learn-10297,0,debugging,1769074298.2013643,1769074298.4053333,0.204,1403,1,0.1645,25.31,42039,,0.0948,True,,2026-01-22T09:31:38.499499
scikit-learn__scikit-learn-11040,0,coding,1769074282.176915,1769074299.8238392,17.6469,645,434,0.1874,24.86,42039,,0.0819,,,2026-01-22T09:31:39.905481
scikit-learn__scikit-learn-11040,0,debugging,1769074299.9060814,1769074300.096485,0.1904,1103,1,0.1505,25.07,42039,,0.0822,True,,2026-01-22T09:31:40.184305
pytest-dev__pytest-7220,0,coding,1769074266.8974984,1769074300.8734975,33.976,1170,848,0.1837,25.09,42039,,0.1155,,,2026-01-22T09:31:40.974248
pytest-dev__pytest-7220,0,debugging,1769074300.975083,1769074301.2858312,0.3107,2042,1,0.2762,28.98,42039,,0.1016,True,,2026-01-22T09:31:41.367497
scikit-learn__scikit-learn-13779,0,planning,1769074282.425293,1769074301.4174688,18.9922,211,470,0.0989,24.88,42039,,,,,2026-01-22T09:31:41.504698
scikit-learn__scikit-learn-10508,0,coding,1769074282.61219,1769074303.3366337,20.7244,1000,507,0.4796,25.04,42039,,0.081,,,2026-01-22T09:31:43.420424
scikit-learn__scikit-learn-10508,0,debugging,1769074303.4210415,1769074303.6451035,0.2241,1531,1,0.1795,22.42,42039,,0.0844,True,,2026-01-22T09:31:43.728577
scikit-learn__scikit-learn-13584,0,planning,1769074280.4367125,1769074303.7183137,23.2816,163,582,0.0821,25.09,42039,,,,,2026-01-22T09:31:43.794474
scikit-learn__scikit-learn-14087,0,planning,1769074284.4261549,1769074305.928687,21.5025,739,549,0.1265,25.68,42039,,,,,2026-01-22T09:31:46.010967
scikit-learn__scikit-learn-14894,0,planning,1769074288.4264598,1769074306.3171248,17.8907,636,447,0.1147,25.15,42039,,,,,2026-01-22T09:31:46.424246
pytest-dev__pytest-8906,0,coding,1769074274.4002273,1769074307.3555691,32.9553,977,841,0.1806,25.66,42039,,0.0466,,,2026-01-22T09:31:47.466037
pytest-dev__pytest-8906,0,debugging,1769074307.466717,1769074307.7217486,0.255,1842,1,0.2173,26.47,42039,,0.1111,True,,2026-01-22T09:31:47.806648
scikit-learn__scikit-learn-11281,0,coding,1769074290.0620952,1769074309.9656353,19.9035,739,505,0.1348,25.55,42039,,0.0791,,,2026-01-22T09:31:50.048802
scikit-learn__scikit-learn-11281,0,debugging,1769074310.0494158,1769074310.2618804,0.2125,1268,1,0.1753,26.88,42039,,0.0838,True,,2026-01-22T09:31:50.342808
scikit-learn__scikit-learn-13241,0,coding,1769074291.3856046,1769074311.6896157,20.304,792,515,0.1312,25.53,42039,,0.0426,,,2026-01-22T09:31:51.769835
scikit-learn__scikit-learn-13241,0,debugging,1769074311.7705832,1769074311.9922583,0.2217,1331,1,0.1797,23.85,42039,,0.081,True,,2026-01-22T09:31:52.071581
scikit-learn__scikit-learn-25500,0,planning,1769074296.425932,1769074312.7904637,16.3645,1335,424,0.1746,26.19,42039,,,,,2026-01-22T09:31:52.880293
scikit-learn__scikit-learn-15512,0,planning,1769074292.4342709,1769074313.5281603,21.0939,628,536,0.1071,25.54,42039,,,,,2026-01-22T09:31:53.612790
scikit-learn__scikit-learn-12471,0,coding,1769074286.7196465,1769074314.0720162,27.3524,1070,696,0.1653,25.6,42039,,0.0816,,,2026-01-22T09:31:54.151406
scikit-learn__scikit-learn-14092,0,planning,1769074286.426108,1769074314.1769974,27.7509,773,706,0.1396,25.57,42039,,,,,2026-01-22T09:31:54.232543
scikit-learn__scikit-learn-12471,0,debugging,1769074314.152186,1769074314.5008276,0.3486,1790,1,0.2058,7.0,42039,,0.0802,True,,2026-01-22T09:31:54.557972
scikit-learn__scikit-learn-14983,0,planning,1769074290.4411182,1769074314.7607293,24.3196,480,614,0.0869,25.34,42039,,,,,2026-01-22T09:31:54.864160
scikit-learn__scikit-learn-13779,0,coding,1769074301.5133612,1769074314.8960552,13.3827,643,346,0.101,26.05,42039,,0.0959,,,2026-01-22T09:31:54.953669
scikit-learn__scikit-learn-13779,0,debugging,1769074314.954359,1769074315.1528149,0.1985,1013,1,0.1507,20.94,42039,,0.0583,True,,2026-01-22T09:31:55.233861
scikit-learn__scikit-learn-15535,0,planning,1769074294.4398005,1769074315.92193,21.4821,211,545,0.18,25.58,42039,,,,,2026-01-22T09:31:56.002282
scikit-learn__scikit-learn-14894,0,coding,1769074306.426117,1769074317.155762,10.7296,1045,272,0.1818,25.79,42039,,0.109,,,2026-01-22T09:31:57.276523
scikit-learn__scikit-learn-14894,0,debugging,1769074317.2779222,1769074317.495306,0.2174,1341,1,0.1711,21.59,42039,,0.1222,True,,2026-01-22T09:31:57.575074
scikit-learn__scikit-learn-13584,0,coding,1769074303.7951677,1769074318.8365865,15.0414,707,390,0.1137,26.13,42039,,0.0769,,,2026-01-22T09:31:58.953180
scikit-learn__scikit-learn-13584,0,debugging,1769074318.9538279,1769074319.1200678,0.1662,1121,1,0.1266,25.26,42039,,0.1172,True,,2026-01-22T09:31:59.248301
sphinx-doc__sphinx-10325,0,planning,1769074304.4247432,1769074323.151856,18.7271,281,490,0.0793,26.28,42039,,,,,2026-01-22T09:32:03.223450
scikit-learn__scikit-learn-25570,0,planning,1769074298.4395251,1769074323.151882,24.7124,1626,649,0.1633,26.44,42039,,,,,2026-01-22T09:32:03.227485
scikit-learn__scikit-learn-13497,0,coding,1769074297.744198,1769074323.2525358,25.5083,581,668,0.1079,26.3,42039,,0.0764,,,2026-01-22T09:32:03.289307
scikit-learn__scikit-learn-25747,0,planning,1769074302.4260361,1769074323.2388217,20.8128,1742,545,0.2036,26.44,42039,,,,,2026-01-22T09:32:03.327952
scikit-learn__scikit-learn-13497,0,debugging,1769074323.289841,1769074323.852207,0.5624,1273,1,0.3964,6.03,42039,,0.0373,True,,2026-01-22T09:32:03.976569
scikit-learn__scikit-learn-25638,0,planning,1769074300.4347112,1769074324.9499395,24.5152,514,634,0.0897,25.96,42039,,,,,2026-01-22T09:32:05.036891
sphinx-doc__sphinx-10451,0,planning,1769074306.426228,1769074325.9862237,19.56,488,501,0.1939,25.87,42039,,,,,2026-01-22T09:32:06.064173
sphinx-doc__sphinx-11445,0,planning,1769074308.4258482,1769074327.5230694,19.0972,594,488,0.0927,25.68,42039,,,,,2026-01-22T09:32:07.679922
scikit-learn__scikit-learn-25500,0,coding,1769074312.8813963,1769074327.9519324,15.0705,1721,382,0.1773,25.65,42039,,0.0909,,,2026-01-22T09:32:08.043332
scikit-learn__scikit-learn-25500,0,debugging,1769074328.0443177,1769074331.1821756,3.1379,2127,77,0.2624,26.78,42039,,0.0924,True,,2026-01-22T09:32:11.270179
sphinx-doc__sphinx-7738,0,planning,1769074312.4255633,1769074331.944404,19.5188,352,498,0.099,25.64,42039,,,,,2026-01-22T09:32:12.068396
scikit-learn__scikit-learn-14983,0,coding,1769074314.8647091,1769074332.0223427,17.1576,1056,444,0.1329,26.08,42039,,0.104,,,2026-01-22T09:32:12.103693
scikit-learn__scikit-learn-14983,0,debugging,1769074332.1043997,1769074332.3993218,0.2949,1524,1,0.2458,20.37,42039,,0.0821,True,,2026-01-22T09:32:12.500382
sphinx-doc__sphinx-7686,0,planning,1769074310.4400394,1769074332.5219064,22.0819,402,563,0.0819,25.59,42039,,,,,2026-01-22T09:32:12.599827
scikit-learn__scikit-learn-15512,0,coding,1769074313.613542,1769074335.2692895,21.6557,1126,552,0.16,25.68,42039,,0.0854,,,2026-01-22T09:32:15.347786
scikit-learn__scikit-learn-15512,0,debugging,1769074335.3484337,1769074335.6031783,0.2547,1702,1,0.2174,26.8,42039,,0.0791,True,,2026-01-22T09:32:15.690579
sphinx-doc__sphinx-7975,0,planning,1769074314.4265366,1769074335.9396434,21.5131,179,552,0.1228,25.81,42039,,,,,2026-01-22T09:32:16.022180
scikit-learn__scikit-learn-14087,0,coding,1769074306.0142019,1769074336.0107508,29.9965,1250,767,0.1578,25.7,42039,,0.0855,,,2026-01-22T09:32:16.087823
scikit-learn__scikit-learn-14087,0,debugging,1769074336.088358,1769074336.412136,0.3238,2041,1,0.2826,24.29,42039,,0.0776,True,,2026-01-22T09:32:16.494071
sphinx-doc__sphinx-10451,0,coding,1769074326.0648255,1769074336.996384,10.9316,954,273,0.1461,25.31,42039,,0.0786,,,2026-01-22T09:32:17.081221
sphinx-doc__sphinx-10451,0,debugging,1769074337.0819051,1769074337.2951195,0.2132,1251,1,0.1619,19.49,42039,,0.0855,True,,2026-01-22T09:32:17.413548
sphinx-doc__sphinx-8435,0,planning,1769074320.434077,1769074337.3694212,16.9353,293,424,0.1109,25.2,42039,,,,,2026-01-22T09:32:17.485936
sphinx-doc__sphinx-8273,0,planning,1769074316.4259322,1769074339.914352,23.4884,283,602,0.1045,25.74,42039,,,,,2026-01-22T09:32:19.991535
sphinx-doc__sphinx-8282,0,planning,1769074318.4271767,1769074340.47089,22.0437,291,562,0.0896,25.6,42039,,,,,2026-01-22T09:32:20.582202
scikit-learn__scikit-learn-15535,0,coding,1769074316.0030372,1769074341.024792,25.0218,718,640,0.1164,25.7,42039,,0.0811,,,2026-01-22T09:32:21.103640
scikit-learn__scikit-learn-15535,0,debugging,1769074341.1044016,1769074341.3246188,0.2202,1382,1,0.1702,20.0,42039,,0.0796,True,,2026-01-22T09:32:21.409222
sphinx-doc__sphinx-8474,0,planning,1769074322.4259331,1769074342.060009,19.6341,189,490,0.1065,25.09,42039,,,,,2026-01-22T09:32:22.176720
sphinx-doc__sphinx-8506,0,planning,1769074324.4293063,1769074344.7664003,20.3371,318,518,0.0698,25.56,42039,,,,,2026-01-22T09:32:24.852364
sphinx-doc__sphinx-8595,0,planning,1769074326.4396367,1769074344.910539,18.4709,252,470,0.0674,25.54,42039,,,,,2026-01-22T09:32:25.021547
sphinx-doc__sphinx-7738,0,coding,1769074332.0690432,1769074345.156789,13.0877,815,326,0.1454,25.19,42039,,0.1246,,,2026-01-22T09:32:25.282695
sphinx-doc__sphinx-7738,0,debugging,1769074345.2838974,1769074345.4927766,0.2089,1165,1,0.179,33.52,42039,,0.1271,True,,2026-01-22T09:32:25.588982
sphinx-doc__sphinx-8627,0,planning,1769074328.4332829,1769074348.6995738,20.2663,403,516,0.0882,25.57,42039,,,,,2026-01-22T09:32:28.789147
sphinx-doc__sphinx-8713,0,planning,1769074330.4253466,1769074349.9344912,19.5091,455,493,0.0938,25.39,42039,,,,,2026-01-22T09:32:30.016982
sphinx-doc__sphinx-7686,0,coding,1769074332.600406,1769074351.1879916,18.5876,930,469,0.1519,25.44,42039,,0.0785,,,2026-01-22T09:32:31.300061
scikit-learn__scikit-learn-25638,0,coding,1769074325.043762,1769074351.2644784,26.2207,1110,664,0.1477,25.47,42039,,0.0938,,,2026-01-22T09:32:31.368081
sphinx-doc__sphinx-7686,0,debugging,1769074351.3009343,1769074351.6415174,0.3406,1423,1,0.1595,5.52,42039,,0.1129,True,,2026-01-22T09:32:31.726945
django__django-14730,0,coding,1769074065.261658,1769074352.6530073,287.3913,707,7475,0.1101,26.02,42039,,0.0665,,,2026-01-22T09:32:32.771697
sphinx-doc__sphinx-8721,0,planning,1769074332.4395635,1769074353.754105,21.3145,211,536,0.0632,25.22,42039,,,,,2026-01-22T09:32:33.841584
scikit-learn__scikit-learn-25638,0,debugging,1769074351.3688307,1769074354.9622822,3.5935,1798,87,0.2602,26.1,42039,,0.1044,True,,2026-01-22T09:32:35.050417
sphinx-doc__sphinx-7975,0,coding,1769074336.0227432,1769074355.4464924,19.4237,696,487,0.129,25.24,42039,,0.0831,,,2026-01-22T09:32:35.529308
sphinx-doc__sphinx-7975,0,debugging,1769074355.5299442,1769074355.7456312,0.2157,1207,1,0.162,18.63,42039,,0.0835,True,,2026-01-22T09:32:35.827325
sympy__sympy-11400,0,planning,1769074336.4260693,1769074356.0426414,19.6166,188,495,0.1027,25.37,42039,,,,,2026-01-22T09:32:36.125271
sphinx-doc__sphinx-8801,0,planning,1769074334.4415865,1769074356.1154757,21.6739,298,543,0.0755,25.14,42039,,,,,2026-01-22T09:32:36.194396
sphinx-doc__sphinx-8595,0,coding,1769074345.0223224,1769074357.325366,12.303,687,305,0.1359,25.07,42039,,0.1118,,,2026-01-22T09:32:37.443832
sphinx-doc__sphinx-8595,0,debugging,1769074357.4459643,1769074357.6499639,0.204,1016,1,0.1653,25.85,42039,,0.1206,True,,2026-01-22T09:32:37.766911
sphinx-doc__sphinx-8282,0,coding,1769074340.5830054,1769074358.550229,17.9672,818,449,0.1324,25.18,42039,,0.1121,,,2026-01-22T09:32:38.642655
scikit-learn__scikit-learn-13142,0,coding,1769074294.7006283,1769074358.628261,63.9276,1614,1628,0.1908,25.54,42039,,0.0823,,,2026-01-22T09:32:38.706675
sphinx-doc__sphinx-8282,0,debugging,1769074358.6434462,1769074358.9903286,0.3469,1291,1,0.1746,5.8,42039,,0.0932,True,,2026-01-22T09:32:39.053916
scikit-learn__scikit-learn-13142,0,debugging,1769074358.7073362,1769074359.1535017,0.4462,3266,1,0.4016,22.44,42039,,0.0791,True,,2026-01-22T09:32:39.205202
scikit-learn__scikit-learn-14092,0,coding,1769074314.2332485,1769074360.630213,46.397,1441,1170,0.2701,25.36,42039,,0.0563,,,2026-01-22T09:32:40.709641
scikit-learn__scikit-learn-14092,0,debugging,1769074360.7104774,1769074361.0605063,0.35,2635,1,0.3025,21.06,42039,,0.0803,True,,2026-01-22T09:32:41.142242
sphinx-doc__sphinx-10325,0,coding,1769074323.2242522,1769074361.5691042,38.3449,736,952,0.1224,24.91,42039,,0.0724,,,2026-01-22T09:32:41.682095
sphinx-doc__sphinx-10325,0,debugging,1769074361.6835334,1769074361.9383492,0.2548,1712,1,0.2147,24.92,42039,,0.1144,True,,2026-01-22T09:32:42.017531
scikit-learn__scikit-learn-25570,0,coding,1769074323.2448907,1769074362.0528898,38.808,2237,960,0.4443,25.02,42039,,0.093,,,2026-01-22T09:32:42.123542
sphinx-doc__sphinx-11445,0,coding,1769074327.6805215,1769074362.0454478,34.3649,1047,854,0.1628,24.97,42039,,0.1575,,,2026-01-22T09:32:42.153764
sympy__sympy-11897,0,planning,1769074340.4427042,1769074362.536465,22.0938,286,538,0.0825,24.44,42039,,,,,2026-01-22T09:32:42.608857
scikit-learn__scikit-learn-25747,0,coding,1769074323.328607,1769074362.666932,39.3383,2249,966,0.5223,24.89,42039,,0.0898,,,2026-01-22T09:32:42.721435
sphinx-doc__sphinx-11445,0,debugging,1769074362.1543107,1769074362.753426,0.5991,1925,1,0.5021,10.31,42039,,0.1089,True,,2026-01-22T09:32:42.831321
sympy__sympy-12171,0,planning,1769074342.4253564,1769074363.3370414,20.9117,228,501,0.0588,24.03,42039,,,,,2026-01-22T09:32:43.421591
sympy__sympy-11870,0,planning,1769074338.4257026,1769074364.4909217,26.0652,187,634,0.0979,24.42,42039,,,,,2026-01-22T09:32:44.575702
scikit-learn__scikit-learn-25570,0,debugging,1769074362.1241617,1769074364.870176,2.746,3221,52,0.395,22.12,42039,,0.0713,True,,2026-01-22T09:32:44.940603
sphinx-doc__sphinx-8435,0,coding,1769074337.4869964,1769074365.0487127,27.5617,682,673,0.1373,24.54,42039,,0.1176,,,2026-01-22T09:32:45.125695
sphinx-doc__sphinx-8435,0,debugging,1769074365.1263628,1769074365.336352,0.21,1379,1,0.1691,24.45,42039,,0.0777,True,,2026-01-22T09:32:45.434192
scikit-learn__scikit-learn-25747,0,debugging,1769074362.7219577,1769074365.4920843,2.7701,3239,62,0.3591,25.72,42039,,0.055,True,,2026-01-22T09:32:45.567940
sphinx-doc__sphinx-8506,0,coding,1769074344.853151,1769074365.6624584,20.8093,801,496,0.15,24.01,42039,,0.0868,,,2026-01-22T09:32:45.703639
sphinx-doc__sphinx-8506,0,debugging,1769074365.704161,1769074365.910127,0.206,1321,1,0.1644,24.04,42039,,0.0417,True,,2026-01-22T09:32:46.001974
sympy__sympy-12236,0,planning,1769074344.425925,1769074366.5507157,22.1248,753,528,0.137,24.01,42039,,,,,2026-01-22T09:32:46.627943
sympy__sympy-12419,0,planning,1769074346.4432383,1769074368.0563679,21.6131,400,521,0.1218,24.24,42039,,,,,2026-01-22T09:32:48.166053
sympy__sympy-12481,0,planning,1769074350.425848,1769074369.3502805,18.9244,157,455,0.1055,24.18,42039,,,,,2026-01-22T09:32:49.463851
sphinx-doc__sphinx-8627,0,coding,1769074348.7898285,1769074369.626865,20.837,884,502,0.1378,24.25,42039,,0.0903,,,2026-01-22T09:32:49.706836
sphinx-doc__sphinx-8474,0,coding,1769074342.1773849,1769074369.6954448,27.5181,644,673,0.12,24.56,42039,,0.1174,,,2026-01-22T09:32:49.771114
sympy__sympy-12454,0,planning,1769074348.5261884,1769074369.8956847,21.3695,464,514,0.0916,24.16,42039,,,,,2026-01-22T09:32:49.932013
sphinx-doc__sphinx-8627,0,debugging,1769074369.7074199,1769074370.013162,0.3057,1410,1,0.18,7.95,42039,,0.0806,True,,2026-01-22T09:32:50.051441
sphinx-doc__sphinx-8474,0,debugging,1769074369.771657,1769074370.1144645,0.3428,1341,1,0.2348,9.26,42039,,0.0762,True,,2026-01-22T09:32:50.230483
sphinx-doc__sphinx-8721,0,coding,1769074353.8423278,1769074372.415942,18.5736,712,446,0.1364,24.19,42039,,0.0882,,,2026-01-22T09:32:52.546041
sphinx-doc__sphinx-8721,0,debugging,1769074372.5466924,1769074372.7498143,0.2031,1182,1,0.1767,37.82,42039,,0.1308,True,,2026-01-22T09:32:52.836393
sympy__sympy-13043,0,planning,1769074354.4326425,1769074373.9979436,19.5653,168,480,0.0616,24.61,42039,,,,,2026-01-22T09:32:54.094350
sphinx-doc__sphinx-8801,0,coding,1769074356.1950257,1769074374.8213718,18.6263,806,457,0.1429,24.72,42039,,0.0796,,,2026-01-22T09:32:54.900589
sphinx-doc__sphinx-8801,0,debugging,1769074374.901313,1769074375.0996053,0.1983,1287,1,0.1678,32.84,42039,,0.0799,True,,2026-01-22T09:32:55.194419
sympy__sympy-12171,0,coding,1769074363.4221895,1769074375.9847481,12.5626,693,329,0.1213,26.44,42039,,0.0851,,,2026-01-22T09:32:56.068926
sympy__sympy-12171,0,debugging,1769074376.0696661,1769074376.2622588,0.1926,1046,1,0.1469,21.88,42039,,0.0849,True,,2026-01-22T09:32:56.370419
sympy__sympy-13177,0,planning,1769074358.4311795,1769074378.5849802,20.1538,208,504,0.0707,25.1,42039,,,,,2026-01-22T09:32:58.672704
sympy__sympy-12454,0,coding,1769074369.9326136,1769074379.0136218,9.081,942,245,0.1802,27.53,42039,,0.0369,,,2026-01-22T09:32:59.095312
sympy__sympy-12454,0,debugging,1769074379.095849,1769074379.305905,0.2101,1211,1,0.1642,21.83,42039,,0.0822,True,,2026-01-22T09:32:59.349236
sympy__sympy-13031,0,planning,1769074352.4411647,1769074379.5193932,27.0782,359,680,0.0957,25.2,42039,,,,,2026-01-22T09:32:59.595809
sympy__sympy-11400,0,coding,1769074356.1259756,1769074380.3804066,24.2544,647,607,0.1267,25.16,42039,,0.0833,,,2026-01-22T09:33:00.419885
sympy__sympy-11400,0,debugging,1769074380.4205499,1769074380.6606185,0.2401,1278,1,0.1989,24.3,42039,,0.0401,True,,2026-01-22T09:33:00.803729
django__django-15738,0,coding,1769074096.103712,1769074380.7742128,284.6705,965,7217,0.1232,25.36,42039,,0.0856,,,2026-01-22T09:33:00.873542
sympy__sympy-13146,0,planning,1769074356.4298549,1769074382.1496582,25.7198,185,652,0.0632,25.41,42039,,,,,2026-01-22T09:33:02.229139
sympy__sympy-13480,0,planning,1769074364.4261434,1769074384.0555527,19.6294,219,525,0.0926,26.87,42039,,,,,2026-01-22T09:33:04.147987
sympy__sympy-13437,0,planning,1769074360.4378767,1769074384.266313,23.8284,221,612,0.0645,25.75,42039,,,,,2026-01-22T09:33:04.349730
sympy__sympy-13471,0,planning,1769074362.4254522,1769074384.678897,22.2534,295,583,0.2287,26.47,42039,,,,,2026-01-22T09:33:04.787436
sphinx-doc__sphinx-8713,0,coding,1769074350.0175908,1769074384.8409202,34.8233,913,883,0.1608,25.47,42039,,0.0831,,,2026-01-22T09:33:04.906133
sphinx-doc__sphinx-8713,0,debugging,1769074384.906779,1769074385.154089,0.2473,1820,1,0.2061,24.25,42039,,0.0659,True,,2026-01-22T09:33:05.233455
sympy__sympy-13647,0,planning,1769074366.4391105,1769074385.8604553,19.4213,724,520,0.103,26.92,42039,,,,,2026-01-22T09:33:05.941555
sympy__sympy-13043,0,coding,1769074374.0950963,1769074387.4924505,13.3974,612,361,0.1026,27.15,42039,,0.0972,,,2026-01-22T09:33:07.608317
sympy__sympy-13043,0,debugging,1769074387.6090982,1769074387.7851965,0.1761,997,1,0.1427,29.97,42039,,0.1166,True,,2026-01-22T09:33:07.837256
sympy__sympy-13773,0,planning,1769074368.4278924,1769074388.6234581,20.1956,292,544,0.0641,27.02,42039,,,,,2026-01-22T09:33:08.705882
sympy__sympy-12419,0,coding,1769074368.166788,1769074388.693665,20.5269,885,551,0.1406,27.03,42039,,0.1104,,,2026-01-22T09:33:08.787658
sympy__sympy-12419,0,debugging,1769074388.7882688,1769074388.9989362,0.2107,1460,1,0.1669,22.84,42039,,0.0946,True,,2026-01-22T09:33:09.082498
sympy__sympy-13915,0,planning,1769074372.4551892,1769074390.42426,17.9691,292,486,0.0695,27.15,42039,,,,,2026-01-22T09:33:10.538850
sympy__sympy-12236,0,coding,1769074366.628512,1769074391.4935608,24.865,1245,670,0.1747,27.14,42039,,0.0778,,,2026-01-22T09:33:11.600163
sympy__sympy-13971,0,planning,1769074374.425448,1769074391.833855,17.4084,223,469,0.0712,27.05,42039,,,,,2026-01-22T09:33:11.911738
sympy__sympy-12236,0,debugging,1769074391.6008,1769074391.8545666,0.2538,1939,1,0.2148,25.65,42039,,0.1072,True,,2026-01-22T09:33:11.973564
sympy__sympy-11870,0,coding,1769074364.5764177,1769074393.1678543,28.5914,785,765,0.1375,26.89,42039,,0.0855,,,2026-01-22T09:33:13.272716
sympy__sympy-11870,0,debugging,1769074393.2733092,1769074393.88644,0.6131,1574,1,0.1913,2.37,42039,,0.1055,True,,2026-01-22T09:33:13.995574
sympy__sympy-13895,0,planning,1769074370.432375,1769074394.6867852,24.2544,299,659,0.0644,27.24,42039,,,,,2026-01-22T09:33:14.767184
sympy__sympy-13146,0,coding,1769074382.2361574,1769074396.5573952,14.3212,801,388,0.1118,27.31,42039,,0.0865,,,2026-01-22T09:33:16.670815
sympy__sympy-13146,0,debugging,1769074396.6713796,1769074396.8701022,0.1987,1213,1,0.1567,23.8,42039,,0.114,True,,2026-01-22T09:33:16.954448
sympy__sympy-14024,0,planning,1769074376.4354227,1769074396.9403408,20.5049,347,557,0.0727,27.26,42039,,,,,2026-01-22T09:33:17.026982
sympy__sympy-13480,0,coding,1769074384.1512566,1769074397.3962076,13.245,708,354,0.108,26.95,42039,,0.0957,,,2026-01-22T09:33:17.485737
sympy__sympy-13480,0,debugging,1769074397.4863243,1769074397.671216,0.1849,1086,1,0.1439,24.38,42039,,0.0901,True,,2026-01-22T09:33:17.722644
sympy__sympy-14308,0,planning,1769074378.425255,1769074399.2976968,20.8724,192,565,0.085,27.18,42039,,,,,2026-01-22T09:33:19.396874
sympy__sympy-13177,0,coding,1769074378.6733344,1769074399.3221445,20.6488,676,559,0.1164,27.23,42039,,0.0884,,,2026-01-22T09:33:19.437435
sympy__sympy-13177,0,debugging,1769074399.4379952,1769074399.6540546,0.2161,1259,1,0.1831,30.37,42039,,0.1159,True,,2026-01-22T09:33:19.733050
sympy__sympy-14317,0,planning,1769074380.4242272,1769074400.1692045,19.745,301,535,0.1897,27.36,42039,,,,,2026-01-22T09:33:20.247745
sympy__sympy-13471,0,coding,1769074384.7881854,1769074401.3580372,16.5699,842,444,0.1346,27.02,42039,,0.1093,,,2026-01-22T09:33:21.439946
sympy__sympy-13471,0,debugging,1769074401.4407175,1769074401.6422136,0.2015,1310,1,0.1575,22.74,42039,,0.0827,True,,2026-01-22T09:33:21.723030
sympy__sympy-14774,0,planning,1769074384.425211,1769074402.7365794,18.3114,246,492,0.1129,27.04,42039,,,,,2026-01-22T09:33:22.817394
sympy__sympy-12481,0,coding,1769074369.4644685,1769074403.7493324,34.2849,576,925,0.1208,27.08,42039,,0.1142,,,2026-01-22T09:33:23.819294
sympy__sympy-12481,0,debugging,1769074403.820103,1769074404.0437765,0.2237,1525,1,0.186,26.53,42039,,0.0708,True,,2026-01-22T09:33:24.127704
sympy__sympy-13773,0,coding,1769074388.7078753,1769074404.850687,16.1428,800,433,0.1133,27.01,42039,,0.0844,,,2026-01-22T09:33:24.957439
sympy__sympy-13773,0,debugging,1769074404.958181,1769074405.163976,0.2058,1257,1,0.163,23.35,42039,,0.1075,True,,2026-01-22T09:33:25.244390
sympy__sympy-14817,0,planning,1769074386.4248707,1769074405.6839852,19.2591,613,520,0.1113,27.16,42039,,,,,2026-01-22T09:33:25.763766
sympy__sympy-13031,0,coding,1769074379.5963259,1769074407.3408358,27.7445,1003,750,0.1358,27.17,42039,,0.0769,,,2026-01-22T09:33:27.424278
sympy__sympy-15011,0,planning,1769074388.4416158,1769074407.4079008,18.9663,290,511,0.0613,27.03,42039,,,,,2026-01-22T09:33:27.503973
sympy__sympy-13031,0,debugging,1769074407.425006,1769074407.7219646,0.297,1777,1,0.1981,10.11,42039,,0.0842,True,,2026-01-22T09:33:27.767819
sympy__sympy-13437,0,coding,1769074384.3502529,1769074408.1369522,23.7867,797,635,0.1371,26.85,42039,,0.0839,,,2026-01-22T09:33:28.212317
sympy__sympy-13437,0,debugging,1769074408.2133763,1769074408.4387617,0.2254,1456,1,0.1894,27.75,42039,,0.0764,True,,2026-01-22T09:33:28.524543
sympy__sympy-14396,0,planning,1769074382.4316192,1769074409.5735204,27.1419,662,730,0.0895,26.98,42039,,,,,2026-01-22T09:33:29.654331
sympy__sympy-11897,0,coding,1769074362.6093633,1769074409.640264,47.0309,788,1253,0.1387,26.72,42039,,0.0729,,,2026-01-22T09:33:29.720414
sympy__sympy-11897,0,debugging,1769074409.7212908,1769074410.0718553,0.3506,2065,1,0.3144,27.66,42039,,0.081,True,,2026-01-22T09:33:30.157272
sympy__sympy-15308,0,planning,1769074390.4286287,1769074410.4140599,19.9854,143,529,0.0861,26.58,42039,,,,,2026-01-22T09:33:30.489791
sympy__sympy-15609,0,planning,1769074396.4257424,1769074414.117576,17.6918,192,462,0.0958,26.26,42039,,,,,2026-01-22T09:33:34.272197
sympy__sympy-15346,0,planning,1769074394.4256124,1769074415.289611,20.864,518,556,0.1084,26.79,42039,,,,,2026-01-22T09:33:35.397740
sympy__sympy-14024,0,coding,1769074397.033277,1769074415.4226577,18.3894,868,489,0.1181,26.76,42039,,0.0929,,,2026-01-22T09:33:35.466269
sympy__sympy-14024,0,debugging,1769074415.466805,1769074415.7291474,0.2623,1381,1,0.2285,29.55,42039,,0.0441,True,,2026-01-22T09:33:35.814610
sympy__sympy-15345,0,planning,1769074392.4252417,1769074416.0834625,23.6582,141,630,0.0857,26.73,42039,,,,,2026-01-22T09:33:36.164419
sympy__sympy-13971,0,coding,1769074391.9124827,1769074416.7933228,24.8808,656,662,0.1193,26.74,42039,,0.0786,,,2026-01-22T09:33:36.872143
sympy__sympy-13971,0,debugging,1769074416.8728755,1769074417.0858371,0.213,1342,1,0.1686,22.53,42039,,0.0796,True,,2026-01-22T09:33:37.171245
sympy__sympy-14774,0,coding,1769074402.8179843,1769074417.6790147,14.861,702,388,0.1183,26.32,42039,,0.0814,,,2026-01-22T09:33:37.765635
sympy__sympy-14774,0,debugging,1769074417.766321,1769074417.9710174,0.2047,1114,1,0.1641,24.61,42039,,0.0873,True,,2026-01-22T09:33:38.052515
sympy__sympy-16106,0,planning,1769074400.4273481,1769074418.1098125,17.6825,639,463,0.1297,26.38,42039,,,,,2026-01-22T09:33:38.194073
sympy__sympy-15678,0,planning,1769074398.4282033,1769074418.429065,20.0009,318,524,0.0689,26.29,42039,,,,,2026-01-22T09:33:38.506211
sympy__sympy-15011,0,coding,1769074407.5046117,1769074421.1914093,13.6868,765,356,0.2129,26.42,42039,,0.0967,,,2026-01-22T09:33:41.277079
sympy__sympy-15011,0,debugging,1769074421.2777185,1769074421.4848268,0.2071,1145,1,0.1627,22.54,42039,,0.0863,True,,2026-01-22T09:33:41.601501
sympy__sympy-16281,0,planning,1769074402.4326987,1769074421.8096662,19.377,621,507,0.0886,26.29,42039,,,,,2026-01-22T09:33:41.887920
sympy__sympy-14308,0,coding,1769074399.3987763,1769074422.377979,22.9792,721,601,0.101,26.27,42039,,0.1011,,,2026-01-22T09:33:42.458890
sympy__sympy-14308,0,debugging,1769074422.4598486,1769074422.7054415,0.2456,1346,1,0.203,23.48,42039,,0.0819,True,,2026-01-22T09:33:42.819766
sympy__sympy-13895,0,coding,1769074394.767789,1769074423.7321029,28.9643,922,763,0.1306,26.46,42039,,0.081,,,2026-01-22T09:33:43.813183
sympy__sympy-13895,0,debugging,1769074423.813833,1769074424.055194,0.2414,1709,1,0.1962,22.12,42039,,0.0817,True,,2026-01-22T09:33:44.135413
sympy__sympy-16503,0,planning,1769074404.4288352,1769074425.3953745,20.9665,175,547,0.0637,26.17,42039,,,,,2026-01-22T09:33:45.513865
sympy__sympy-16988,0,planning,1769074408.4422483,1769074426.2561584,17.8139,164,467,0.0643,26.31,42039,,,,,2026-01-22T09:33:46.300185
sympy__sympy-16792,0,planning,1769074406.4431179,1769074429.30118,22.8581,537,599,0.0896,26.31,42039,,,,,2026-01-22T09:33:49.422927
sympy__sympy-14396,0,coding,1769074409.6549895,1769074429.7795913,20.1246,1356,525,0.1751,26.32,42039,,0.0815,,,2026-01-22T09:33:49.895296
sympy__sympy-14396,0,debugging,1769074429.8959777,1769074430.1653533,0.2694,1905,1,0.2217,20.97,42039,,0.1164,True,,2026-01-22T09:33:50.281226
sympy__sympy-14817,0,coding,1769074405.7644882,1769074431.2664561,25.502,1097,664,0.1497,26.19,42039,,0.0805,,,2026-01-22T09:33:51.343391
sympy__sympy-14817,0,debugging,1769074431.343993,1769074431.6056693,0.2617,1785,1,0.2093,19.08,42039,,0.0775,True,,2026-01-22T09:33:51.712347
sympy__sympy-17022,0,planning,1769074410.425634,1769074431.8500357,21.4244,327,559,0.0893,26.2,42039,,,,,2026-01-22T09:33:51.971825
sympy__sympy-15609,0,coding,1769074414.2727916,1769074432.2709339,17.9981,618,460,0.1187,25.73,42039,,0.1552,,,2026-01-22T09:33:52.349515
sympy__sympy-15609,0,debugging,1769074432.3501847,1769074432.5769238,0.2267,1102,1,0.17,17.63,42039,,0.0793,True,,2026-01-22T09:33:52.655990
sympy__sympy-15345,0,coding,1769074416.1650617,1769074433.2901545,17.1251,735,440,0.1255,25.88,42039,,0.0816,,,2026-01-22T09:33:53.373727
sympy__sympy-15345,0,debugging,1769074433.374339,1769074433.5815382,0.2072,1199,1,0.1603,21.31,42039,,0.0842,True,,2026-01-22T09:33:53.634396
sympy__sympy-17630,0,planning,1769074414.4341576,1769074433.6206682,19.1865,1143,490,0.135,25.72,42039,,,,,2026-01-22T09:33:53.734757
sympy__sympy-17139,0,planning,1769074412.4259145,1769074433.7632077,21.3373,703,549,0.1302,25.89,42039,,,,,2026-01-22T09:33:53.832473
sympy__sympy-17655,0,planning,1769074416.4396799,1769074434.278455,17.8388,554,454,0.0916,25.58,42039,,,,,2026-01-22T09:33:54.358922
sympy__sympy-15308,0,coding,1769074410.4903245,1769074435.6612983,25.171,636,645,0.1131,25.74,42039,,0.0763,,,2026-01-22T09:33:55.833505
sympy__sympy-15308,0,debugging,1769074435.8342001,1769074436.0464308,0.2122,1305,1,0.1789,30.03,42039,,0.1729,True,,2026-01-22T09:33:56.096885
sympy__sympy-16106,0,coding,1769074418.1947343,1769074436.1244962,17.9298,1066,456,0.15,25.65,42039,,0.0849,,,2026-01-22T09:33:56.208101
sympy__sympy-16106,0,debugging,1769074436.2089016,1769074436.4478385,0.2389,1546,1,0.1896,20.28,42039,,0.0844,True,,2026-01-22T09:33:56.509856
sympy__sympy-14317,0,coding,1769074400.2484596,1769074438.338731,38.0903,800,987,0.1264,26.0,42039,,0.0793,,,2026-01-22T09:33:58.454116
sympy__sympy-14317,0,debugging,1769074438.4548914,1769074438.7272916,0.2724,1811,1,0.2305,23.87,42039,,0.1162,True,,2026-01-22T09:33:58.808347
sympy__sympy-16988,0,coding,1769074426.3009026,1769074438.8634586,12.5626,595,313,0.1264,25.17,42039,,0.0447,,,2026-01-22T09:33:58.950319
sympy__sympy-18057,0,planning,1769074418.4364948,1769074439.011509,20.575,557,525,0.1089,25.65,42039,,,,,2026-01-22T09:33:59.086074
sympy__sympy-16988,0,debugging,1769074438.9509916,1769074439.142251,0.1913,932,1,0.1462,22.21,42039,,0.0875,True,,2026-01-22T09:33:59.194918
sympy__sympy-18189,0,planning,1769074422.4273593,1769074442.1758556,19.7485,376,502,0.2451,25.74,42039,,,,,2026-01-22T09:34:02.256162
sympy__sympy-18199,0,planning,1769074424.4254348,1769074442.8103004,18.3849,163,469,0.0875,25.63,42039,,,,,2026-01-22T09:34:02.926523
sympy__sympy-18087,0,planning,1769074420.4256039,1769074443.3138278,22.8882,146,584,0.0905,25.62,42039,,,,,2026-01-22T09:34:03.355901
sympy__sympy-13647,0,coding,1769074385.942257,1769074445.8106365,59.8684,1208,1571,0.1656,26.31,42039,,0.0818,,,2026-01-22T09:34:05.920664
sympy__sympy-13647,0,debugging,1769074445.9213629,1769074446.2862318,0.3649,2803,1,0.3283,27.38,42039,,0.1107,True,,2026-01-22T09:34:06.336597
sympy__sympy-18532,0,planning,1769074426.4307053,1769074446.2914844,19.8608,140,503,0.0683,25.41,42039,,,,,2026-01-22T09:34:06.372670
sympy__sympy-17655,0,coding,1769074434.3595347,1769074446.4319367,12.0724,972,308,0.1516,25.84,42039,,0.0811,,,2026-01-22T09:34:06.513579
sympy__sympy-17655,0,debugging,1769074446.5141494,1769074446.7322922,0.2181,1304,1,0.1807,26.73,42039,,0.0822,True,,2026-01-22T09:34:06.779603
sympy__sympy-15678,0,coding,1769074418.5069342,1769074447.1316106,28.6247,806,731,0.1354,25.66,42039,,0.0779,,,2026-01-22T09:34:07.175765
sympy__sympy-15678,0,debugging,1769074447.1763804,1769074447.4222448,0.2459,1561,1,0.2025,23.09,42039,,0.0448,True,,2026-01-22T09:34:07.466174
sympy__sympy-18621,0,planning,1769074428.4314032,1769074448.802836,20.3714,728,509,0.1068,25.12,42039,,,,,2026-01-22T09:34:08.916509
sympy__sympy-16503,0,coding,1769074425.5144913,1769074449.59849,24.084,686,607,0.1297,25.34,42039,,0.1191,,,2026-01-22T09:34:09.683469
sympy__sympy-16503,0,debugging,1769074449.6841466,1769074449.896682,0.2125,1317,1,0.1695,23.25,42039,,0.0857,True,,2026-01-22T09:34:10.018021
sympy__sympy-18199,0,coding,1769074442.927243,1769074451.3571973,8.43,596,210,0.1303,25.3,42039,,0.1169,,,2026-01-22T09:34:11.437142
sympy__sympy-18199,0,debugging,1769074451.4378557,1769074451.623317,0.1855,830,1,0.1354,19.99,42039,,0.0807,True,,2026-01-22T09:34:11.704452
sympy__sympy-19007,0,planning,1769074434.4260902,1769074452.019366,17.5933,255,448,0.1365,25.66,42039,,,,,2026-01-22T09:34:12.135915
sympy__sympy-18698,0,planning,1769074430.426187,1769074453.0762362,22.65,282,571,0.1036,25.33,42039,,,,,2026-01-22T09:34:13.161327
sympy__sympy-17139,0,coding,1769074433.8330762,1769074453.9627688,20.1297,1216,511,0.222,25.67,42039,,0.0699,,,2026-01-22T09:34:14.082345
sympy__sympy-17139,0,debugging,1769074454.083369,1769074454.3365839,0.2532,1751,1,0.2047,20.6,42039,,0.1206,True,,2026-01-22T09:34:14.456454
sympy__sympy-18835,0,planning,1769074432.425942,1769074454.8664749,22.4405,280,566,0.1414,25.38,42039,,,,,2026-01-22T09:34:14.950110
sympy__sympy-16281,0,coding,1769074421.888513,1769074455.7159479,33.8274,1092,864,0.159,25.66,42039,,0.0788,,,2026-01-22T09:34:15.797512
sympy__sympy-16281,0,debugging,1769074455.798297,1769074456.0596786,0.2614,1980,1,0.225,27.47,42039,,0.0823,True,,2026-01-22T09:34:16.144128
sympy__sympy-18532,0,coding,1769074446.3733287,1769074456.3150012,9.9417,607,247,0.1247,25.16,42039,,0.0818,,,2026-01-22T09:34:16.397269
sympy__sympy-18532,0,debugging,1769074456.39797,1769074456.7280235,0.3301,878,1,0.1519,5.61,42039,,0.083,True,,2026-01-22T09:34:16.789367
sympy__sympy-17630,0,coding,1769074433.7354326,1769074458.0066864,24.2713,1597,609,0.1905,25.29,42039,,0.1148,,,2026-01-22T09:34:18.557262
sympy__sympy-17630,0,debugging,1769074458.558577,1769074458.9155567,0.357,2230,1,0.3045,19.07,42039,,0.5519,True,,2026-01-22T09:34:19.004779
sympy__sympy-18057,0,coding,1769074439.0866866,1769074458.9821951,19.8955,1046,500,0.1635,25.34,42039,,0.0752,,,2026-01-22T09:34:19.065667
sympy__sympy-18087,0,coding,1769074443.356463,1769074458.992728,15.6363,694,386,0.1321,24.9,42039,,0.0426,,,2026-01-22T09:34:19.069696
sympy__sympy-18057,0,debugging,1769074459.0663867,1769074459.3773692,0.311,1570,1,0.2185,10.81,42039,,0.0842,True,,2026-01-22T09:34:19.422939
sympy__sympy-18087,0,debugging,1769074459.0702002,1769074459.4080896,0.3379,1104,1,0.3008,26.97,42039,,0.0775,True,,2026-01-22T09:34:19.493548
sympy__sympy-19254,0,planning,1769074436.4262044,1769074459.554087,23.1279,219,580,0.0892,25.18,42039,,,,,2026-01-22T09:34:19.598824
sympy__sympy-19487,0,planning,1769074438.4401054,1769074459.5210783,21.081,242,523,0.078,24.9,42039,,,,,2026-01-22T09:34:19.602499
sympy__sympy-18189,0,coding,1769074442.2568812,1769074460.7002573,18.4434,842,454,0.1399,24.8,42039,,0.081,,,2026-01-22T09:34:20.784169
sympy__sympy-18189,0,debugging,1769074460.7848504,1769074461.0034933,0.2186,1320,1,0.1766,23.8,42039,,0.0846,True,,2026-01-22T09:34:21.089063
sympy__sympy-20049,0,planning,1769074440.426181,1769074461.1843834,20.7582,527,516,0.0966,24.97,42039,,,,,2026-01-22T09:34:21.258817
sympy__sympy-20154,0,planning,1769074442.4258516,1769074462.3316267,19.9058,183,492,0.0846,24.82,42039,,,,,2026-01-22T09:34:22.410495
sympy__sympy-17022,0,coding,1769074431.9725456,1769074463.9984589,32.0259,850,800,0.1318,25.08,42039,,0.1225,,,2026-01-22T09:34:24.113379
sympy__sympy-17022,0,debugging,1769074464.114154,1769074464.3598783,0.2457,1674,1,0.204,23.97,42039,,0.1157,True,,2026-01-22T09:34:24.453876
sympy__sympy-20212,0,planning,1769074444.441952,1769074465.270534,20.8286,197,516,0.0756,24.86,42039,,,,,2026-01-22T09:34:25.312407
sympy__sympy-20442,0,planning,1769074448.4249227,1769074467.9351046,19.5102,269,491,0.0875,25.28,42039,,,,,2026-01-22T09:34:28.011570
sympy__sympy-18698,0,coding,1769074453.1620536,1769074468.9955416,15.8335,817,394,0.1348,25.1,42039,,0.0858,,,2026-01-22T09:34:29.076718
sympy__sympy-18698,0,debugging,1769074469.0773265,1769074469.2964082,0.2191,1235,1,0.1824,27.23,42039,,0.0818,True,,2026-01-22T09:34:29.342367
sympy__sympy-18621,0,coding,1769074448.9172506,1769074469.2585235,20.3413,1201,509,0.1693,25.23,42039,,0.1144,,,2026-01-22T09:34:29.378397
sympy__sympy-18621,0,debugging,1769074469.3798025,1769074469.6364002,0.2566,1734,1,0.2143,23.64,42039,,0.1213,True,,2026-01-22T09:34:29.717150
sympy__sympy-16792,0,coding,1769074429.4236703,1769074469.7863567,40.3627,1100,1008,0.1614,25.07,42039,,0.1225,,,2026-01-22T09:34:29.825852
sympy__sympy-16792,0,debugging,1769074469.8264108,1769074470.1405191,0.3141,2132,1,0.2665,21.02,42039,,0.0401,True,,2026-01-22T09:34:30.188055
sympy__sympy-20590,0,planning,1769074450.4399114,1769074470.2069585,19.767,252,491,0.0842,24.95,42039,,,,,2026-01-22T09:34:30.296335
sympy__sympy-18835,0,coding,1769074454.950716,1769074470.2811208,15.3304,810,376,0.1426,24.76,42039,,0.0842,,,2026-01-22T09:34:30.360768
sympy__sympy-18835,0,debugging,1769074470.361338,1769074470.6206834,0.2593,1210,1,0.1859,13.61,42039,,0.0802,True,,2026-01-22T09:34:30.664057
sympy__sympy-20322,0,planning,1769074446.43985,1769074470.8692746,24.4294,320,604,0.1127,24.84,42039,,,,,2026-01-22T09:34:30.950570
sympy__sympy-20154,0,coding,1769074462.4112625,1769074473.2187023,10.8074,639,269,0.1318,25.2,42039,,0.0796,,,2026-01-22T09:34:33.295543
sympy__sympy-20154,0,debugging,1769074473.296148,1769074473.4529853,0.1568,932,1,0.1217,28.46,42039,,0.0774,True,,2026-01-22T09:34:33.537966
sympy__sympy-19254,0,coding,1769074459.599596,1769074473.6459558,14.0464,763,350,0.1891,25.26,42039,,0.0455,,,2026-01-22T09:34:33.720352
sympy__sympy-21055,0,planning,1769074454.425663,1769074473.7566752,19.331,306,475,0.0983,24.7,42039,,,,,2026-01-22T09:34:33.835957
sympy__sympy-19254,0,debugging,1769074473.721227,1769074473.9443796,0.2232,1137,1,0.1451,12.8,42039,,0.0753,True,,2026-01-22T09:34:33.998343
django__django-16229,1,coding,1769074186.6006243,1769074475.3456678,288.745,966,7215,0.1535,25.0,42039,,0.087,,,2026-01-22T09:34:35.426108
sympy__sympy-21171,0,planning,1769074456.4253445,1769074475.660477,19.2351,2167,473,0.3453,25.04,42039,,,,,2026-01-22T09:34:35.740483
sympy__sympy-21612,0,planning,1769074460.4434566,1769074476.1014726,15.658,314,390,0.0727,25.02,42039,,,,,2026-01-22T09:34:36.221108
sympy__sympy-19007,0,coding,1769074452.136513,1769074477.42423,25.2877,667,624,0.136,24.81,42039,,0.1171,,,2026-01-22T09:34:37.512672
sympy__sympy-19007,0,debugging,1769074477.513535,1769074477.7321365,0.2186,1315,1,0.1682,19.85,42039,,0.0893,True,,2026-01-22T09:34:37.845574
sympy__sympy-20590,0,coding,1769074470.2969325,1769074478.3966277,8.0997,707,199,0.1339,24.98,42039,,0.09,,,2026-01-22T09:34:38.497722
sympy__sympy-20590,0,debugging,1769074478.498415,1769074478.6817079,0.1833,930,1,0.1455,26.46,42039,,0.1018,True,,2026-01-22T09:34:38.728181
sympy__sympy-19487,0,coding,1769074459.6033788,1769074479.3578172,19.7544,729,495,0.184,25.29,42039,,0.0823,,,2026-01-22T09:34:39.437480
sympy__sympy-20639,0,planning,1769074452.425713,1769074479.4596095,27.0339,204,671,0.0693,24.88,42039,,,,,2026-01-22T09:34:39.498347
sympy__sympy-19487,0,debugging,1769074479.4381673,1769074479.692584,0.2544,1248,1,0.1668,11.41,42039,,0.0804,True,,2026-01-22T09:34:39.740786
sympy__sympy-20212,0,coding,1769074465.3131533,1769074479.9389157,14.6258,677,361,0.1295,24.9,42039,,0.0426,,,2026-01-22T09:34:40.050641
sympy__sympy-20212,0,debugging,1769074480.0515413,1769074480.2527373,0.2012,1062,1,0.1627,25.98,42039,,0.1126,True,,2026-01-22T09:34:40.296597
sympy__sympy-21614,0,planning,1769074462.4379296,1769074483.1128564,20.6749,170,527,0.114,25.63,42039,,,,,2026-01-22T09:34:43.195197
sympy__sympy-20049,0,coding,1769074461.259847,1769074483.14313,21.8833,1007,558,0.1699,25.7,42039,,0.0755,,,2026-01-22T09:34:43.224299
sympy__sympy-20049,0,debugging,1769074483.2250557,1769074483.5255852,0.3005,1589,1,0.2586,23.86,42039,,0.0819,True,,2026-01-22T09:34:43.607767
sympy__sympy-21379,0,planning,1769074458.548204,1769074483.8973696,25.3492,533,636,0.2321,25.32,42039,,,,,2026-01-22T09:34:43.979847
sympy__sympy-21847,0,planning,1769074466.42722,1769074485.8964767,19.4693,365,494,0.0743,25.47,42039,,,,,2026-01-22T09:34:45.982769
sympy__sympy-22005,0,planning,1769074468.427737,1769074488.3171496,19.8894,531,507,0.1205,25.65,42039,,,,,2026-01-22T09:34:48.397353
sympy__sympy-21627,0,planning,1769074464.4435947,1769074488.6861298,24.2425,140,622,0.102,25.77,42039,,,,,2026-01-22T09:34:48.768081
sympy__sympy-22714,0,planning,1769074470.4346101,1769074490.1364343,19.7018,539,511,0.1755,26.17,42039,,,,,2026-01-22T09:34:50.219091
sympy__sympy-21612,0,coding,1769074476.222482,1769074492.6725855,16.4501,668,436,0.1277,26.71,42039,,0.121,,,2026-01-22T09:34:52.786343
sympy__sympy-21612,0,debugging,1769074492.787576,1769074493.0038452,0.2163,1128,1,0.1738,23.53,42039,,0.115,True,,2026-01-22T09:34:53.112665
sympy__sympy-23117,0,planning,1769074474.4254668,1769074493.0350711,18.6096,487,490,0.0786,26.44,42039,,,,,2026-01-22T09:34:53.146759
sympy__sympy-22840,0,planning,1769074472.4299197,1769074493.6794245,21.2495,1836,552,0.1887,26.21,42039,,,,,2026-01-22T09:34:53.790970
sympy__sympy-21614,0,coding,1769074483.198672,1769074496.7903585,13.5917,661,353,0.2421,26.44,42039,,0.0858,,,2026-01-22T09:34:56.872443
sympy__sympy-21614,0,debugging,1769074496.8730273,1769074497.0840914,0.2111,1038,1,0.1633,20.94,42039,,0.0827,True,,2026-01-22T09:34:57.174922
sympy__sympy-23191,0,planning,1769074476.4276614,1769074497.159087,20.7314,792,545,0.1092,26.43,42039,,,,,2026-01-22T09:34:57.276843
sympy__sympy-23262,0,planning,1769074478.436613,1769074498.6407487,20.2041,349,530,0.0754,26.33,42039,,,,,2026-01-22T09:34:58.721630
sympy__sympy-21847,0,coding,1769074485.983378,1769074498.872011,12.8886,823,332,0.1361,26.03,42039,,0.0869,,,2026-01-22T09:34:58.950688
sympy__sympy-21847,0,debugging,1769074498.951235,1769074499.168341,0.2171,1179,1,0.178,25.59,42039,,0.0792,True,,2026-01-22T09:34:59.253719
sympy__sympy-21171,0,coding,1769074475.7411017,1769074500.274305,24.5332,2604,637,0.2903,26.28,42039,,0.0806,,,2026-01-22T09:35:00.352827
sympy__sympy-21171,0,debugging,1769074500.3534694,1769074500.7485962,0.3951,3265,1,0.353,23.74,42039,,0.0792,True,,2026-01-22T09:35:00.862982
sympy__sympy-21055,0,coding,1769074473.8367646,1769074501.0945177,27.2578,745,707,0.1009,26.03,42039,,0.0801,,,2026-01-22T09:35:01.182314
sympy__sympy-21055,0,debugging,1769074501.182883,1769074501.404509,0.2216,1476,1,0.1829,25.85,42039,,0.0884,True,,2026-01-22T09:35:01.528214
pydata__xarray-4493,0,coding,1769074228.9983964,1769074501.7652936,272.7669,1300,6882,0.2325,25.25,42039,,0.1265,,,2026-01-22T09:35:01.839733
sympy__sympy-24152,0,planning,1769074484.425315,1769074502.1643758,17.7391,613,456,0.3618,26.24,42039,,,,,2026-01-22T09:35:02.204411
sympy__sympy-24102,0,planning,1769074482.4259071,1769074502.540035,20.1141,487,517,0.1106,25.85,42039,,,,,2026-01-22T09:35:02.628509
sympy__sympy-24066,0,planning,1769074480.4256802,1769074503.1400492,22.7144,214,593,0.0671,26.18,42039,,,,,2026-01-22T09:35:03.221910
sympy__sympy-22714,0,coding,1769074490.2198246,1769074504.3357506,14.1159,1014,359,0.1508,25.71,42039,,0.0834,,,2026-01-22T09:35:04.442965
sympy__sympy-22714,0,debugging,1769074504.4436023,1769074504.66394,0.2203,1397,1,0.1817,25.89,42039,,0.1079,True,,2026-01-22T09:35:04.780501
sympy__sympy-24213,0,planning,1769074486.425353,1769074505.5362859,19.1109,332,495,0.0903,26.02,42039,,,,,2026-01-22T09:35:05.628052
sympy__sympy-20639,0,coding,1769074479.4988885,1769074507.4145918,27.9157,839,735,0.201,26.52,42039,,0.0393,,,2026-01-22T09:35:07.496310
sympy__sympy-23117,0,coding,1769074493.1473508,1769074507.5500927,14.4027,941,375,0.1206,26.26,42039,,0.1123,,,2026-01-22T09:35:07.602505
sympy__sympy-20639,0,debugging,1769074507.4970593,1769074507.8212461,0.3242,1598,1,0.1908,7.5,42039,,0.0825,True,,2026-01-22T09:35:07.897194
sympy__sympy-23117,0,debugging,1769074507.6030824,1769074507.850955,0.2479,1340,1,0.2078,24.95,42039,,0.053,True,,2026-01-22T09:35:07.928268
sympy__sympy-20442,0,coding,1769074468.0121782,1769074509.3826344,41.3705,724,1069,0.1446,25.93,42039,,0.0771,,,2026-01-22T09:35:09.454915
sympy__sympy-20442,0,debugging,1769074509.4555142,1769074509.668108,0.2126,1817,1,0.1763,27.53,42039,,0.0729,True,,2026-01-22T09:35:09.718371
sympy__sympy-22005,0,coding,1769074488.3980272,1769074510.474952,22.0769,1002,576,0.1441,26.26,42039,,0.0809,,,2026-01-22T09:35:10.537738
sympy__sympy-22005,0,debugging,1769074510.5383818,1769074510.771278,0.2329,1602,1,0.1914,24.11,42039,,0.0634,True,,2026-01-22T09:35:10.849829
sympy__sympy-24909,0,planning,1769074488.4645944,1769074514.5409067,26.0763,245,703,0.1377,27.1,42039,,,,,2026-01-22T09:35:14.612349
sympy__sympy-24152,0,coding,1769074502.2049549,1769074514.759003,12.554,1033,355,0.1639,28.65,42039,,0.0406,,,2026-01-22T09:35:14.837767
sympy__sympy-24152,0,debugging,1769074514.8384378,1769074515.046991,0.2086,1412,1,0.1742,29.08,42039,,0.0794,True,,2026-01-22T09:35:15.134982
sympy__sympy-23262,0,coding,1769074498.7222478,1769074515.2064342,16.4842,843,452,0.1521,27.68,42039,,0.0815,,,2026-01-22T09:35:15.290889
sympy__sympy-23262,0,debugging,1769074515.3000078,1769074515.4834461,0.1834,1319,1,0.1485,28.64,42039,,0.0936,True,,2026-01-22T09:35:15.558563
sympy__sympy-24066,0,coding,1769074503.2225964,1769074517.4581,14.2355,771,409,0.125,28.99,42039,,0.0825,,,2026-01-22T09:35:17.559436
sympy__sympy-24066,0,debugging,1769074517.5600247,1769074517.7541647,0.1941,1204,1,0.1583,27.87,42039,,0.1019,True,,2026-01-22T09:35:17.793554
sympy__sympy-24102,0,coding,1769074502.6412084,1769074518.6014616,15.9603,968,459,0.121,28.98,42039,,0.1012,,,2026-01-22T09:35:18.667479
sympy__sympy-24102,0,debugging,1769074518.668079,1769074518.85574,0.1877,1451,1,0.1521,28.13,42039,,0.0666,True,,2026-01-22T09:35:18.920540
sympy__sympy-24213,0,coding,1769074505.6293552,1769074518.8534932,13.2241,791,381,0.1245,29.08,42039,,0.0931,,,2026-01-22T09:35:18.931384
sympy__sympy-21379,0,coding,1769074483.9804177,1769074518.9804738,35.0001,1133,950,0.1518,27.26,42039,,0.083,,,2026-01-22T09:35:19.034383
sympy__sympy-24213,0,debugging,1769074518.9319158,1769074519.2531803,0.3213,1196,1,0.1532,5.95,42039,,0.0784,True,,2026-01-22T09:35:19.335294
sympy__sympy-21379,0,debugging,1769074519.035098,1769074519.3282807,0.2932,2107,1,0.2614,31.43,42039,,0.0546,True,,2026-01-22T09:35:19.394234
sympy__sympy-23191,0,coding,1769074497.2774498,1769074522.5401251,25.2627,1301,712,0.1737,28.38,42039,,0.1184,,,2026-01-22T09:35:22.643143
sympy__sympy-23191,0,debugging,1769074522.64391,1769074522.881198,0.2373,2037,1,0.2045,30.46,42039,,0.1038,True,,2026-01-22T09:35:22.960398
sympy__sympy-22840,0,coding,1769074493.7916682,1769074524.7786431,30.987,2352,870,0.2875,28.34,42039,,0.1122,,,2026-01-22T09:35:24.863410
sympy__sympy-22840,0,debugging,1769074524.8641694,1769074525.2078693,0.3437,3246,1,0.3096,29.3,42039,,0.0855,True,,2026-01-22T09:35:25.289644
sympy__sympy-24909,0,coding,1769074514.61295,1769074528.0163662,13.4034,912,410,0.108,30.84,42039,,0.072,,,2026-01-22T09:35:28.082101
sympy__sympy-24909,0,debugging,1769074528.0828893,1769074528.2525332,0.1696,1346,1,0.1357,29.47,42039,,0.0665,True,,2026-01-22T09:35:28.337919
pytest-dev__pytest-5221,0,coding,1769074252.6289446,1769074542.1191962,289.4903,590,7592,0.1394,26.24,42039,,0.0509,,,2026-01-22T09:35:42.189306
scikit-learn__scikit-learn-13496,0,coding,1769074297.0492387,1769074565.0476623,267.9984,870,7312,0.1449,27.3,42039,,0.1154,,,2026-01-22T09:36:05.147647
sphinx-doc__sphinx-8273,0,coding,1769074339.992144,1769074596.9890115,256.9969,850,7333,0.1535,28.55,42039,,0.0778,,,2026-01-22T09:36:37.054606
sympy__sympy-13915,0,coding,1769074390.5403337,1769074635.4337559,244.8934,742,7440,0.1169,30.4,42039,,0.1161,,,2026-01-22T09:37:15.571458
sympy__sympy-15346,0,coding,1769074415.3983345,1769074645.3283386,229.93,1038,7144,0.1638,31.09,42039,,0.1087,,,2026-01-22T09:37:25.399722
sympy__sympy-20322,0,coding,1769074470.9511657,1769074684.775604,213.8244,888,7294,0.1497,34.14,42039,,0.0819,,,2026-01-22T09:38:04.841788
sympy__sympy-21627,0,coding,1769074488.7686856,1769074699.5340428,210.7654,726,7456,0.1273,35.4,42039,,0.0826,,,2026-01-22T09:38:19.593093
